<?xml version='1.0' encoding='utf-8'?>
<kml xmlns="http://www.opengis.net/kml/2.2">
 <Document>
  <name>NOAA Active Alerts (Points)</name>
  <Style id="sev_extreme">
   <IconStyle>
    <scale>1.2</scale>
    <Icon>
     <href>http://maps.google.com/mapfiles/kml/paddle/red-circle.png</href>
    </Icon>
   </IconStyle>
   <LabelStyle>
    <scale>0.9</scale>
   </LabelStyle>
  </Style>
  <Style id="sev_severe">
   <IconStyle>
    <scale>1.2</scale>
    <Icon>
     <href>http://maps.google.com/mapfiles/kml/paddle/red-circle.png</href>
    </Icon>
   </IconStyle>
   <LabelStyle>
    <scale>0.9</scale>
   </LabelStyle>
  </Style>
  <Style id="sev_moderate">
   <IconStyle>
    <scale>1.2</scale>
    <Icon>
     <href>http://maps.google.com/mapfiles/kml/paddle/ylw-circle.png</href>
    </Icon>
   </IconStyle>
   <LabelStyle>
    <scale>0.9</scale>
   </LabelStyle>
  </Style>
  <Style id="sev_minor">
   <IconStyle>
    <scale>1.2</scale>
    <Icon>
     <href>http://maps.google.com/mapfiles/kml/paddle/grn-circle.png</href>
    </Icon>
   </IconStyle>
   <LabelStyle>
    <scale>0.9</scale>
   </LabelStyle>
  </Style>
  <Style id="sev_unknown">
   <IconStyle>
    <scale>1.2</scale>
    <Icon>
     <href>http://maps.google.com/mapfiles/kml/paddle/wht-circle.png</href>
    </Icon>
   </IconStyle>
   <LabelStyle>
    <scale>0.9</scale>
   </LabelStyle>
  </Style>
  <Style id="balloon">
   <BalloonStyle>&lt;![CDATA[&lt;div style='font-family:Arial, sans-serif;'&gt;&lt;h3&gt;$[name]&lt;/h3&gt;&lt;p&gt;&lt;b&gt;Event:&lt;/b&gt; $[ext_event]&lt;/p&gt;&lt;p&gt;&lt;b&gt;Severity:&lt;/b&gt; $[ext_severity] &amp;nbsp; &lt;b&gt;Urgency:&lt;/b&gt; $[ext_urgency] &amp;nbsp; &lt;b&gt;Certainty:&lt;/b&gt; $[ext_certainty]&lt;/p&gt;&lt;p&gt;&lt;b&gt;Effective:&lt;/b&gt; $[ext_effective]&lt;br/&gt;&lt;b&gt;Expires:&lt;/b&gt; $[ext_expires]&lt;/p&gt;&lt;p&gt;&lt;b&gt;Areas:&lt;/b&gt; $[ext_areaDesc]&lt;/p&gt;&lt;p&gt;&lt;b&gt;Description&lt;/b&gt;&lt;br/&gt;$[ext_description]&lt;/p&gt;&lt;p&gt;&lt;b&gt;Instruction&lt;/b&gt;&lt;br/&gt;$[ext_instruction]&lt;/p&gt;&lt;p&gt;&lt;a href='$[ext_id]' target='_blank'&gt;Alert Link&lt;/a&gt;&lt;/p&gt;&lt;/div&gt;]]&gt;</BalloonStyle>
  </Style>
  <Placemark>
   <name>Tornado Watch issued October 10 at 2:04PM EDT until October 10 at 8:00PM EDT by NWS Columbia SC</name>
   <styleUrl>#sev_extreme</styleUrl>
   <Style>
    <BalloonStyle />
   </Style>
   <Snippet>THE NATIONAL WEATHER SERVICE HAS ISSUED TORNADO WATCH 679 IN
EFFECT UNTIL 8 PM EDT THIS EVENING FOR THE FOLLOWING AREAS

IN GEORGIA THIS WATCH INCLUDES 1 COUNTY

IN EAST CENTRAL GEORGIA

BURKE

IN SOUTH CAROLINA THIS WATCH INCLUDES 3 COUNTIES

IN CENTRAL SOUTH CAROLINA

BAMBERG               BARNWELL              ORANGEBURG

THIS INCLUDES THE CITIES OF BAMBERG, BARNWELL, BLACKVILLE,
BROOKDALE, DENMARK, ORANGEBURG, WAYNESBORO, AND WILLISTON.</Snippet>
   <ExtendedData>
    <Data name="ext_event">
     <value>Tornado Watch</value>
    </Data>
    <Data name="ext_severity">
     <value>Extreme</value>
    </Data>
    <Data name="ext_urgency">
     <value>Future</value>
    </Data>
    <Data name="ext_certainty">
     <value>Possible</value>
    </Data>
    <Data name="ext_effective">
     <value>2026-10-10T14:04:00-04:00</value>
    </Data>
    <Data name="ext_expires">
     <value>2026-10-10T20:00:00-04:00</value>
    </Data>
    <Data name="ext_areaDesc">
     <value>Burke, GA; Bamberg, SC; Barnwell, SC; Orangeburg, SC</value>
    </Data>
    <Data name="ext_description">
     <value />
    </Data>
    <Data name="ext_instruction">
     <value />
    </Data>
    <Data name="ext_id">
     <value>https://api.weather.gov/alerts/urn:oid:2.49.0.1.840.0.49b2116ec331f8fa3b0941c62ad6c42cf983531f.001.1</value>
    </Data>
   </ExtendedData>
   <Point>
    <coordinates>-83.643074,33.040619,0</coordinates>
   </Point>
  </Placemark>
  <Placemark>
   <name>Flood Advisory issued October 10 at 2:03PM EDT until October 13 at 8:00AM EDT by NWS Greenville-Spartanburg SC</name>
   <styleUrl>#sev_minor</styleUrl>
   <Style>
    <BalloonStyle />
   </Style>
   <Snippet>...The Flood Advisory is extended for the following rivers in South
Carolina...North Carolina...

(English) Broad River Near at Shelby Hwy (SC 18), 4 W Blacksburg
affecting Cleveland and Cherokee Counties.

.Heavy tropical showers will continue to overspread the Broad River
basin through tonight with 3 or 4 inches of rain accumulating.
Excessive runoff remains likely to develop pushing the river out of
it's banks on Sunday.

* WHAT...Flooding caused by excessive rainfall continues.

* WHERE...(English) Broad River near at Shelby Hwy (SC 18), 4 W
Blacksburg.

* WHEN...Until Tuesday morning.

* IMPACTS...At 14.0 feet, Action Stage Flooding continues. At this
level, minor flooding of low-lying farmland along the river may be
ongoing. Areas along Buffalo Breek may be beginning to flood due to
backwater effects. At 15.0 feet, Action Stage Flooding continues.
The Broad River may be approaching River Rd. and Little Hope Rd.
near US 29.  Adjacent farmland and low-lying area flooding is
continuing.

* ADDITIONAL DETAILS...
- At 1:30 PM EDT Saturday the stage was 2.7 feet and rising slowly.
- Bankfull stage is 13.0 feet.
- Forecast...The river is expected to rise to a crest of 14.9 feet
Monday morning with a reasonable worse case scenario of near 18
feet.
- Action stage is 13.0 feet.
- Flood stage is 16.0 feet.
- http://www.weather.gov/safety/flood</Snippet>
   <ExtendedData>
    <Data name="ext_event">
     <value>Flood Advisory</value>
    </Data>
    <Data name="ext_severity">
     <value>Minor</value>
    </Data>
    <Data name="ext_urgency">
     <value>Expected</value>
    </Data>
    <Data name="ext_certainty">
     <value>Observed</value>
    </Data>
    <Data name="ext_effective">
     <value>2026-10-10T14:03:00-04:00</value>
    </Data>
    <Data name="ext_expires">
     <value>2026-10-11T02:15:00-04:00</value>
    </Data>
    <Data name="ext_areaDesc">
     <value>Cleveland, NC; Cherokee, SC</value>
    </Data>
    <Data name="ext_description">
     <value />
    </Data>
    <Data name="ext_instruction">
     <value />
    </Data>
    <Data name="ext_id">
     <value>https://api.weather.gov/alerts/urn:oid:2.49.0.1.840.0.ed791121222ab52161852b9be7119e8723bac825.001.1</value>
    </Data>
   </ExtendedData>
   <Point>
    <coordinates>-79.806419,35.630066,0</coordinates>
   </Point>
  </Placemark>
  <Placemark>
   <name>Flood Advisory issued October 10 at 2:02PM EDT until October 10 at 5:00PM EDT by NWS Jacksonville FL</name>
   <styleUrl>#sev_minor</styleUrl>
   <Style>
    <BalloonStyle />
   </Style>
   <Snippet>* WHAT...Flooding caused by excessive rainfall is expected.

* WHERE...Southeastern Atkinson County in southeastern Georgia...
Northwestern Bacon County in southeastern Georgia...
Southeastern Coffee County in southeastern Georgia...
South Central Jeff Davis County in southeastern Georgia...
Northwestern Ware County in southeastern Georgia...

* WHEN...Until 500 PM EDT.

* IMPACTS...Minor flooding in low-lying and poor drainage areas.

* ADDITIONAL DETAILS...
- At 202 PM EDT, Doppler radar indicated heavy rain due to
thunderstorms. Minor flooding is ongoing or expected to begin
shortly in the advisory area. Between 1 and 1.5 inches of rain
have fallen.
- Additional rainfall amounts of 1 to 2 inches are expected over
the area. This additional rain will result in minor flooding.
- Some locations that will experience flooding include...
Nicholls, Bickley, Millwood and Axson.
- http://www.weather.gov/safety/flood</Snippet>
   <ExtendedData>
    <Data name="ext_event">
     <value>Flood Advisory</value>
    </Data>
    <Data name="ext_severity">
     <value>Minor</value>
    </Data>
    <Data name="ext_urgency">
     <value>Expected</value>
    </Data>
    <Data name="ext_certainty">
     <value>Likely</value>
    </Data>
    <Data name="ext_effective">
     <value>2026-10-10T14:02:00-04:00</value>
    </Data>
    <Data name="ext_expires">
     <value>2026-10-10T17:00:00-04:00</value>
    </Data>
    <Data name="ext_areaDesc">
     <value>Atkinson, GA; Bacon, GA; Coffee, GA; Jeff Davis, GA; Ware, GA</value>
    </Data>
    <Data name="ext_description">
     <value />
    </Data>
    <Data name="ext_instruction">
     <value />
    </Data>
    <Data name="ext_id">
     <value>https://api.weather.gov/alerts/urn:oid:2.49.0.1.840.0.180d49d819ccd57fe83776f72839f8d0ae953b1d.001.1</value>
    </Data>
   </ExtendedData>
   <Point>
    <coordinates>-83.643074,33.040619,0</coordinates>
   </Point>
  </Placemark>
  <Placemark>
   <name>Marine Weather Statement issued October 10 at 2:01PM EDT by NWS Tampa Bay Ruskin FL</name>
   <styleUrl>#sev_minor</styleUrl>
   <Style>
    <BalloonStyle />
   </Style>
   <Snippet>The areas affected include...
Coastal waters from Tarpon Springs to Suwannee River FL out 20
NM...

At 201 PM EDT, Doppler radar indicated strong thunderstorms, capable
of producing winds to around 30 knots. These thunderstorms were
located along a line extending from near Suwannee River to 18 nm west
of Ozello, moving northeast at 25 knots.</Snippet>
   <ExtendedData>
    <Data name="ext_event">
     <value>Marine Weather Statement</value>
    </Data>
    <Data name="ext_severity">
     <value>Minor</value>
    </Data>
    <Data name="ext_urgency">
     <value>Expected</value>
    </Data>
    <Data name="ext_certainty">
     <value>Observed</value>
    </Data>
    <Data name="ext_effective">
     <value>2026-10-10T14:01:00-04:00</value>
    </Data>
    <Data name="ext_expires">
     <value>2026-10-10T14:45:00-04:00</value>
    </Data>
    <Data name="ext_areaDesc">
     <value>Coastal waters from Tarpon Springs to Suwannee River FL out 20 NM</value>
    </Data>
    <Data name="ext_description">
     <value />
    </Data>
    <Data name="ext_instruction">
     <value />
    </Data>
    <Data name="ext_id">
     <value>https://api.weather.gov/alerts/urn:oid:2.49.0.1.840.0.572cf43d0c27b42a16324bca27f9523b4c5adf72.001.1</value>
    </Data>
   </ExtendedData>
   <Point>
    <coordinates>-81.686783,27.766279,0</coordinates>
   </Point>
  </Placemark>
  <Placemark>
   <name>Flood Watch issued October 10 at 10:58AM PDT until October 12 at 5:00AM PDT by NWS Las Vegas NV</name>
   <styleUrl>#sev_severe</styleUrl>
   <Style>
    <BalloonStyle />
   </Style>
   <Snippet>* WHAT...Flash flooding caused by excessive rainfall continues to be
possible.

* WHERE...Portions of northwest Arizona, including the following
areas, Hualapai Mountains, Lake Havasu and Fort Mohave, Lake Mead -
AZ side, Lake Mohave - AZ side, Northwest Deserts and Northwest
Plateau, southeast California, including the following areas, Cadiz
Basin, Eastern Mojave Desert, Morongo Basin and San Bernardino
County-Upper Colorado River Valley, and Nevada, including the
following areas, Lake Mead - NV side, Lake Mohave - NV side, Las
Vegas Valley, Lincoln County, Northeast Clark County, Sheep Range,
Southern Clark County, Spring Mountains-Red Rock Canyon and Western
Clark and Southern Nye County.

* WHEN...Through late Sunday night.

* IMPACTS...Excessive runoff may result in flooding of rivers,
creeks, streams, and other low-lying and flood-prone locations.
Flooding may occur in poor drainage and urban areas. Low-water
crossings may be flooded.

* ADDITIONAL DETAILS...
- Incoming tropical moisture will lead to widespread shower and
thunderstorm activity, some of which may cause flash flooding.
- http://www.weather.gov/safety/flood</Snippet>
   <ExtendedData>
    <Data name="ext_event">
     <value>Flood Watch</value>
    </Data>
    <Data name="ext_severity">
     <value>Severe</value>
    </Data>
    <Data name="ext_urgency">
     <value>Future</value>
    </Data>
    <Data name="ext_certainty">
     <value>Possible</value>
    </Data>
    <Data name="ext_effective">
     <value>2026-10-10T10:58:00-07:00</value>
    </Data>
    <Data name="ext_expires">
     <value>2026-10-10T23:00:00-07:00</value>
    </Data>
    <Data name="ext_areaDesc">
     <value>Northwest Plateau; Lake Havasu and Fort Mohave; Lake Mead - AZ side; Lake Mohave - AZ side; Hualapai Mountains; Northwest Deserts; Eastern Mojave Desert, Including the Mojave National Preserve; Morongo Basin; Cadiz Basin; San Bernardino County-Upper Colorado River Valley; Lincoln County; Northeast Clark County; Western Clark and Southern Nye County; Sheep Range; Spring Mountains-Red Rock Canyon; Las Vegas Valley; Southern Clark County; Lake Mead - NV side; Lake Mohave - NV side</value>
    </Data>
    <Data name="ext_description">
     <value />
    </Data>
    <Data name="ext_instruction">
     <value />
    </Data>
    <Data name="ext_id">
     <value>https://api.weather.gov/alerts/urn:oid:2.49.0.1.840.0.6572c16a5a4940ab3ea35f8cc6dbe46064aa3f15.001.1</value>
    </Data>
   </ExtendedData>
   <Point>
    <coordinates>-111.431221,33.729759,0</coordinates>
   </Point>
  </Placemark>
  <Placemark>
   <name>Special Marine Warning issued October 10 at 1:56PM EDT until October 10 at 2:45PM EDT by NWS Tallahassee FL</name>
   <styleUrl>#sev_severe</styleUrl>
   <Style>
    <BalloonStyle />
   </Style>
   <Snippet>For the following areas...
Apalachee Bay or Coastal Waters From Keaton Beach to Ochlockonee
River Fl out to 20 Nm...
Coastal waters from  Suwannee River to Keaton Beach out 20 NM...
Waters from Suwannee River to Apalachicola FL from 20 to 60 NM...

At 156 PM EDT, severe thunderstorms capable of producing waterspouts
were located along a line extending from 38 nm east of St. Marks to
12 nm south of Buckeye Reef, moving northeast at 25 knots.

HAZARD...Waterspouts and wind gusts 34 knots or greater.

SOURCE...Radar indicated.

IMPACT...Waterspouts can quickly form and capsize boats...damage
vessels...and create suddenly higher waves. Make sure all
on board are in a secure location and wearing life jackets.
Expect wind gusts in excess of 34 knots...suddenly higher
waves...frequent lightning...and heavy downpours. Make sure
all on board are wearing life jackets.

Locations impacted include...
Buckeye Reef.</Snippet>
   <ExtendedData>
    <Data name="ext_event">
     <value>Special Marine Warning</value>
    </Data>
    <Data name="ext_severity">
     <value>Severe</value>
    </Data>
    <Data name="ext_urgency">
     <value>Immediate</value>
    </Data>
    <Data name="ext_certainty">
     <value>Likely</value>
    </Data>
    <Data name="ext_effective">
     <value>2026-10-10T13:56:00-04:00</value>
    </Data>
    <Data name="ext_expires">
     <value>2026-10-10T14:45:00-04:00</value>
    </Data>
    <Data name="ext_areaDesc">
     <value>Apalachee Bay or Coastal Waters From Keaton Beach to Ochlockonee River Fl out to 20 Nm; Coastal waters from  Suwannee River to Keaton Beach out 20 NM; Waters from Suwannee River to Apalachicola FL from 20 to 60 NM</value>
    </Data>
    <Data name="ext_description">
     <value />
    </Data>
    <Data name="ext_instruction">
     <value />
    </Data>
    <Data name="ext_id">
     <value>https://api.weather.gov/alerts/urn:oid:2.49.0.1.840.0.1db7156ba12481306d71dbbdeb2b0859b616bd79.001.1</value>
    </Data>
   </ExtendedData>
   <Point>
    <coordinates>-81.686783,27.766279,0</coordinates>
   </Point>
  </Placemark>
  <Placemark>
   <name>Tornado Watch issued October 10 at 1:56PM EDT until October 10 at 8:00PM EDT by NWS Charleston SC</name>
   <styleUrl>#sev_extreme</styleUrl>
   <Style>
    <BalloonStyle />
   </Style>
   <Snippet>THE NATIONAL WEATHER SERVICE HAS ISSUED TORNADO WATCH 679 IN
EFFECT UNTIL 8 PM EDT THIS EVENING FOR THE FOLLOWING AREAS

THIS WATCH INCLUDES THE FOLLOWING ADJACENT COASTAL WATERS

CHARLESTON HARBOR
COASTAL WATERS FROM SOUTH SANTEE RIVER TO EDISTO BEACH SC OUT
20 NM
COASTAL WATERS FROM EDISTO BEACH SC TO SAVANNAH GA OUT 20 NM</Snippet>
   <ExtendedData>
    <Data name="ext_event">
     <value>Tornado Watch</value>
    </Data>
    <Data name="ext_severity">
     <value>Extreme</value>
    </Data>
    <Data name="ext_urgency">
     <value>Future</value>
    </Data>
    <Data name="ext_certainty">
     <value>Possible</value>
    </Data>
    <Data name="ext_effective">
     <value>2026-10-10T13:56:00-04:00</value>
    </Data>
    <Data name="ext_expires">
     <value>2026-10-10T20:00:00-04:00</value>
    </Data>
    <Data name="ext_areaDesc">
     <value>Charleston Harbor; Coastal waters from South Santee River to Edisto Beach SC out 20 NM; Coastal waters from Edisto Beach SC to Savannah GA out 20 NM</value>
    </Data>
    <Data name="ext_description">
     <value />
    </Data>
    <Data name="ext_instruction">
     <value />
    </Data>
    <Data name="ext_id">
     <value>https://api.weather.gov/alerts/urn:oid:2.49.0.1.840.0.4ada4caec8ab078582f60d16bc1f273a72ed1fac.002.1</value>
    </Data>
   </ExtendedData>
   <Point>
    <coordinates>-83.643074,33.040619,0</coordinates>
   </Point>
  </Placemark>
  <Placemark>
   <name>Tornado Watch issued October 10 at 1:56PM EDT until October 10 at 8:00PM EDT by NWS Charleston SC</name>
   <styleUrl>#sev_extreme</styleUrl>
   <Style>
    <BalloonStyle />
   </Style>
   <Snippet>THE NATIONAL WEATHER SERVICE HAS ISSUED TORNADO WATCH 679 IN
EFFECT UNTIL 8 PM EDT THIS EVENING FOR THE FOLLOWING AREAS

IN GEORGIA THIS WATCH INCLUDES 7 COUNTIES

IN SOUTHEAST GEORGIA

BULLOCH               CANDLER               EFFINGHAM
EVANS                 JENKINS               SCREVEN
TATTNALL

IN SOUTH CAROLINA THIS WATCH INCLUDES 8 COUNTIES

IN SOUTHEAST SOUTH CAROLINA

ALLENDALE             BEAUFORT              BERKELEY
CHARLESTON            COLLETON              DORCHESTER
HAMPTON               JASPER

THIS INCLUDES THE CITIES OF ALLENDALE, BEAUFORT, BLUFFTON,
CHARLESTON, CLAXTON, COTTAGEVILLE, DANIEL ISLAND, EDISTO BEACH,
ESTILL, FAIRFAX, GLENNVILLE, GOOSE CREEK, HAMPTON, HARDEEVILLE,
HILTON HEAD ISLAND, METTER, MILLEN, MONCKS CORNER,
MOUNT PLEASANT, NORTH CHARLESTON, REIDSVILLE, RIDGELAND,
RIDGEVILLE, RINCON, SAINT GEORGE, SPRINGFIELD, STATESBORO,
SUMMERVILLE, SYCAMORE, SYLVANIA, VARNVILLE, WALTERBORO,
AND YEMASSEE.</Snippet>
   <ExtendedData>
    <Data name="ext_event">
     <value>Tornado Watch</value>
    </Data>
    <Data name="ext_severity">
     <value>Extreme</value>
    </Data>
    <Data name="ext_urgency">
     <value>Future</value>
    </Data>
    <Data name="ext_certainty">
     <value>Possible</value>
    </Data>
    <Data name="ext_effective">
     <value>2026-10-10T13:56:00-04:00</value>
    </Data>
    <Data name="ext_expires">
     <value>2026-10-10T20:00:00-04:00</value>
    </Data>
    <Data name="ext_areaDesc">
     <value>Bulloch, GA; Candler, GA; Effingham, GA; Evans, GA; Jenkins, GA; Screven, GA; Tattnall, GA; Allendale, SC; Beaufort, SC; Berkeley, SC; Charleston, SC; Colleton, SC; Dorchester, SC; Hampton, SC; Jasper, SC</value>
    </Data>
    <Data name="ext_description">
     <value />
    </Data>
    <Data name="ext_instruction">
     <value />
    </Data>
    <Data name="ext_id">
     <value>https://api.weather.gov/alerts/urn:oid:2.49.0.1.840.0.4ada4caec8ab078582f60d16bc1f273a72ed1fac.001.1</value>
    </Data>
   </ExtendedData>
   <Point>
    <coordinates>-83.643074,33.040619,0</coordinates>
   </Point>
  </Placemark>
  <Placemark>
   <name>Small Craft Advisory issued October 10 at 1:52PM EDT until October 11 at 11:00PM EDT by NWS Baltimore MD/Washington DC</name>
   <styleUrl>#sev_minor</styleUrl>
   <Style>
    <BalloonStyle />
   </Style>
   <Snippet>* WHAT...East winds 10 to 20 kt with gusts up to 30 kt expected.

* WHERE...Tidal Potomac River from Key Bridge to Cobb Island MD,
Chesapeake Bay north of Pooles Island MD, Patapsco River
including Baltimore Harbor, Chester River to Queenstown MD,
Eastern Bay, Choptank River to Cambridge MD and the Little
Choptank River, and Patuxent River to Broomes Island MD.

* WHEN...From 1 AM to 11 PM EDT Sunday.

* IMPACTS...Conditions will be hazardous to small craft.</Snippet>
   <ExtendedData>
    <Data name="ext_event">
     <value>Small Craft Advisory</value>
    </Data>
    <Data name="ext_severity">
     <value>Minor</value>
    </Data>
    <Data name="ext_urgency">
     <value>Expected</value>
    </Data>
    <Data name="ext_certainty">
     <value>Likely</value>
    </Data>
    <Data name="ext_effective">
     <value>2026-10-10T13:52:00-04:00</value>
    </Data>
    <Data name="ext_expires">
     <value>2026-10-10T22:00:00-04:00</value>
    </Data>
    <Data name="ext_areaDesc">
     <value>Chesapeake Bay north of Pooles Island MD; Tidal Potomac from Key Bridge to Indian Head MD; Tidal Potomac from Indian Head to Cobb Island MD; Patapsco River including Baltimore Harbor; Chester River to Queenstown MD; Eastern Bay; Choptank River to Cambridge MD and the Little Choptank River; Patuxent River to Broomes Island MD</value>
    </Data>
    <Data name="ext_description">
     <value />
    </Data>
    <Data name="ext_instruction">
     <value />
    </Data>
    <Data name="ext_id">
     <value>https://api.weather.gov/alerts/urn:oid:2.49.0.1.840.0.1708263371f32de74c13d4cb396e39a1708d3688.003.1</value>
    </Data>
   </ExtendedData>
   <Point>
    <coordinates>-76.802101,39.063946,0</coordinates>
   </Point>
  </Placemark>
  <Placemark>
   <name>Small Craft Advisory issued October 10 at 1:52PM EDT until October 11 at 11:00PM EDT by NWS Baltimore MD/Washington DC</name>
   <styleUrl>#sev_minor</styleUrl>
   <Style>
    <BalloonStyle />
   </Style>
   <Snippet>* WHAT...Southeast winds 15 to 25 kt with gusts up to 30 kt and
waves 2 to 4 ft expected.

* WHERE...Chesapeake Bay from Drum Point MD to Smith Point VA,
Tidal Potomac from Cobb Island MD to Smith Point VA and
Tangier Sound and the inland waters surrounding Bloodsworth
Island.

* WHEN...From 7 PM this evening to 11 PM EDT Sunday.

* IMPACTS...Conditions will be hazardous to small craft.</Snippet>
   <ExtendedData>
    <Data name="ext_event">
     <value>Small Craft Advisory</value>
    </Data>
    <Data name="ext_severity">
     <value>Minor</value>
    </Data>
    <Data name="ext_urgency">
     <value>Expected</value>
    </Data>
    <Data name="ext_certainty">
     <value>Likely</value>
    </Data>
    <Data name="ext_effective">
     <value>2026-10-10T13:52:00-04:00</value>
    </Data>
    <Data name="ext_expires">
     <value>2026-10-10T22:00:00-04:00</value>
    </Data>
    <Data name="ext_areaDesc">
     <value>Chesapeake Bay from Drum Point MD to Smith Point VA; Tidal Potomac from Cobb Island MD to Smith Point VA; Tangier Sound and the inland waters surrounding Bloodsworth Island</value>
    </Data>
    <Data name="ext_description">
     <value />
    </Data>
    <Data name="ext_instruction">
     <value />
    </Data>
    <Data name="ext_id">
     <value>https://api.weather.gov/alerts/urn:oid:2.49.0.1.840.0.1708263371f32de74c13d4cb396e39a1708d3688.002.1</value>
    </Data>
   </ExtendedData>
   <Point>
    <coordinates>-76.802101,39.063946,0</coordinates>
   </Point>
  </Placemark>
  <Placemark>
   <name>Small Craft Advisory issued October 10 at 1:52PM EDT until October 11 at 11:00PM EDT by NWS Baltimore MD/Washington DC</name>
   <styleUrl>#sev_minor</styleUrl>
   <Style>
    <BalloonStyle />
   </Style>
   <Snippet>* WHAT...East winds 15 to 25 kt with gusts up to 30 kt and waves
2 to 4 ft expected.

* WHERE...Chesapeake Bay from Pooles Island MD to Drum Point MD.

* WHEN...From 7 PM this evening to 11 PM EDT Sunday.

* IMPACTS...Conditions will be hazardous to small craft.</Snippet>
   <ExtendedData>
    <Data name="ext_event">
     <value>Small Craft Advisory</value>
    </Data>
    <Data name="ext_severity">
     <value>Minor</value>
    </Data>
    <Data name="ext_urgency">
     <value>Expected</value>
    </Data>
    <Data name="ext_certainty">
     <value>Likely</value>
    </Data>
    <Data name="ext_effective">
     <value>2026-10-10T13:52:00-04:00</value>
    </Data>
    <Data name="ext_expires">
     <value>2026-10-10T22:00:00-04:00</value>
    </Data>
    <Data name="ext_areaDesc">
     <value>Chesapeake Bay from Pooles Island to Sandy Point MD; Chesapeake Bay from Sandy Point to North Beach MD; Chesapeake Bay from North Beach to Drum Point MD</value>
    </Data>
    <Data name="ext_description">
     <value />
    </Data>
    <Data name="ext_instruction">
     <value />
    </Data>
    <Data name="ext_id">
     <value>https://api.weather.gov/alerts/urn:oid:2.49.0.1.840.0.1708263371f32de74c13d4cb396e39a1708d3688.001.1</value>
    </Data>
   </ExtendedData>
   <Point>
    <coordinates>-76.802101,39.063946,0</coordinates>
   </Point>
  </Placemark>
  <Placemark>
   <name>Tornado Watch issued October 10 at 1:52PM EDT until October 10 at 8:00PM EDT by NWS Peachtree City GA</name>
   <styleUrl>#sev_extreme</styleUrl>
   <Style>
    <BalloonStyle />
   </Style>
   <Snippet>THE NATIONAL WEATHER SERVICE HAS ISSUED TORNADO WATCH 679 IN
EFFECT UNTIL 8 PM EDT THIS EVENING FOR THE FOLLOWING AREAS

IN GEORGIA THIS WATCH INCLUDES 3 COUNTIES

IN EAST CENTRAL GEORGIA

EMANUEL               JEFFERSON             TOOMBS

THIS INCLUDES THE CITIES OF LOUISVILLE, SWAINSBORO, AND VIDALIA.</Snippet>
   <ExtendedData>
    <Data name="ext_event">
     <value>Tornado Watch</value>
    </Data>
    <Data name="ext_severity">
     <value>Extreme</value>
    </Data>
    <Data name="ext_urgency">
     <value>Future</value>
    </Data>
    <Data name="ext_certainty">
     <value>Possible</value>
    </Data>
    <Data name="ext_effective">
     <value>2026-10-10T13:52:00-04:00</value>
    </Data>
    <Data name="ext_expires">
     <value>2026-10-10T20:00:00-04:00</value>
    </Data>
    <Data name="ext_areaDesc">
     <value>Emanuel, GA; Jefferson, GA; Toombs, GA</value>
    </Data>
    <Data name="ext_description">
     <value />
    </Data>
    <Data name="ext_instruction">
     <value />
    </Data>
    <Data name="ext_id">
     <value>https://api.weather.gov/alerts/urn:oid:2.49.0.1.840.0.5ef022b3278f224ac667503f3e1f153886a515a4.001.1</value>
    </Data>
   </ExtendedData>
   <Point>
    <coordinates>-83.643074,33.040619,0</coordinates>
   </Point>
  </Placemark>
  <Placemark>
   <name>Flood Warning issued October 10 at 1:48PM EDT until October 12 at 8:00AM EDT by NWS Greenville-Spartanburg SC</name>
   <styleUrl>#sev_severe</styleUrl>
   <Style>
    <BalloonStyle />
   </Style>
   <Snippet>...The National Weather Service in Greenville-Spartanburg has issued
a Flood Warning for the following rivers in North Carolina...

(English) Broad River At above Sandy Run Ck, 3 SSW Boiling Springs
affecting Cleveland County.

.Heavy tropical showers will continue to overspread the Broad River
basin through tonight with 3 to 4 inches accumulating with locally as
much as 8 inches possible in favored locales and higher elevations.
Confidence has increased that flooding along the Broad River will
develop this weekend.  Interests all along the Broad River, even as
far upstream as Bat Cave are urged to monitor river levels and take
appropriate action as needed.

* WHAT...Minor flooding is forecast.

* WHERE...(English) Broad River at above Sandy Run Ck, 3 SSW Boiling
Springs.

* WHEN...From Sunday night to Monday morning.

* ADDITIONAL DETAILS...
- At 1:15 PM EDT Saturday the stage was 2.5 feet and rising.  A
crest exceeding 12.0 feet is likely to occur on Sunday with the
river reaching 14.0 a probable worst case scenario.
- Bankfull stage is 10.0 feet.
- Forecast...The river is expected to rise above flood stage early
Monday morning to a crest of 13.2 feet Monday morning. It will
then fall below flood stage late Monday morning.
- Flood stage is 12.0 feet.
- Flood History...This crest compares to a previous crest of 13.2
feet on 09/26/1929.
- http://www.weather.gov/safety/flood</Snippet>
   <ExtendedData>
    <Data name="ext_event">
     <value>Flood Warning</value>
    </Data>
    <Data name="ext_severity">
     <value>Severe</value>
    </Data>
    <Data name="ext_urgency">
     <value>Expected</value>
    </Data>
    <Data name="ext_certainty">
     <value>Likely</value>
    </Data>
    <Data name="ext_effective">
     <value>2026-10-10T13:48:00-04:00</value>
    </Data>
    <Data name="ext_expires">
     <value>2026-10-11T06:00:00-04:00</value>
    </Data>
    <Data name="ext_areaDesc">
     <value>Cleveland, NC</value>
    </Data>
    <Data name="ext_description">
     <value />
    </Data>
    <Data name="ext_instruction">
     <value />
    </Data>
    <Data name="ext_id">
     <value>https://api.weather.gov/alerts/urn:oid:2.49.0.1.840.0.b55ba180f985e2fe839487b7851dcf0734354f98.001.1</value>
    </Data>
   </ExtendedData>
   <Point>
    <coordinates>-79.806419,35.630066,0</coordinates>
   </Point>
  </Placemark>
  <Placemark>
   <name>Flood Advisory issued October 10 at 1:20PM EDT until October 10 at 2:15PM EDT by NWS Columbia SC</name>
   <styleUrl>#sev_minor</styleUrl>
   <Style>
    <BalloonStyle />
   </Style>
   <Snippet>* WHAT...Flooding caused by excessive rainfall is expected.

* WHERE...Southeastern Clarendon County in central South Carolina...

* WHEN...Until 215 PM EDT.

* IMPACTS...Minor flooding in low-lying and poor drainage areas.

* ADDITIONAL DETAILS...
- At 120 PM EDT, Doppler radar indicated heavy rain due to
thunderstorms. Minor flooding is ongoing or expected to begin
shortly in the advisory area. Between 1 and 3 inches of rain have
fallen.
- Some locations that will experience flooding include...
Santee Cooper Regional Airport, Davis Station and Foreston.
- http://www.weather.gov/safety/flood</Snippet>
   <ExtendedData>
    <Data name="ext_event">
     <value>Flood Advisory</value>
    </Data>
    <Data name="ext_severity">
     <value>Minor</value>
    </Data>
    <Data name="ext_urgency">
     <value>Expected</value>
    </Data>
    <Data name="ext_certainty">
     <value>Likely</value>
    </Data>
    <Data name="ext_effective">
     <value>2026-10-10T13:20:00-04:00</value>
    </Data>
    <Data name="ext_expires">
     <value>2026-10-10T14:15:00-04:00</value>
    </Data>
    <Data name="ext_areaDesc">
     <value>Clarendon, SC</value>
    </Data>
    <Data name="ext_description">
     <value />
    </Data>
    <Data name="ext_instruction">
     <value />
    </Data>
    <Data name="ext_id">
     <value>https://api.weather.gov/alerts/urn:oid:2.49.0.1.840.0.554f3cc9d22c3ee6d628d19dc5e214d1bbd7bb27.001.1</value>
    </Data>
   </ExtendedData>
   <Point>
    <coordinates>-80.945007,33.856892,0</coordinates>
   </Point>
  </Placemark>
  <Placemark>
   <name>Flood Advisory issued October 10 at 1:11PM EDT until October 10 at 2:45PM EDT by NWS Charleston SC</name>
   <styleUrl>#sev_minor</styleUrl>
   <Style>
    <BalloonStyle />
   </Style>
   <Snippet>* WHAT...Flooding caused by excessive rainfall is expected.

* WHERE...Bulloch County in southeastern Georgia...
Candler County in southeastern Georgia...
Jenkins County in southeastern Georgia...
Screven County in southeastern Georgia...

* WHEN...Until 245 PM EDT.

* IMPACTS...Minor flooding in low-lying and poor drainage areas.

* ADDITIONAL DETAILS...
- At 109 PM EDT, Doppler radar indicated showers and thunderstorms
with torrential rainfall extending from Perkins and Millen south
to Portal, Metter and Pulaski. As much as 1 to 2.5 inches of rain
have fallen in this area today and another 1 to 2 inches could
fall through 245 PM, resulting in minor flooding of low-lying and
poor drainage areas.
- Some locations that will experience flooding include...
Metter, Millen, Butts, Portal, Pulaski, Rocky Ford, Scarboro,
Emmalane, Perkins and Union.</Snippet>
   <ExtendedData>
    <Data name="ext_event">
     <value>Flood Advisory</value>
    </Data>
    <Data name="ext_severity">
     <value>Minor</value>
    </Data>
    <Data name="ext_urgency">
     <value>Expected</value>
    </Data>
    <Data name="ext_certainty">
     <value>Likely</value>
    </Data>
    <Data name="ext_effective">
     <value>2026-10-10T13:11:00-04:00</value>
    </Data>
    <Data name="ext_expires">
     <value>2026-10-10T14:45:00-04:00</value>
    </Data>
    <Data name="ext_areaDesc">
     <value>Bulloch, GA; Candler, GA; Jenkins, GA; Screven, GA</value>
    </Data>
    <Data name="ext_description">
     <value />
    </Data>
    <Data name="ext_instruction">
     <value />
    </Data>
    <Data name="ext_id">
     <value>https://api.weather.gov/alerts/urn:oid:2.49.0.1.840.0.3274ad6550c107d852ba28bd02835a220ef085ae.001.1</value>
    </Data>
   </ExtendedData>
   <Point>
    <coordinates>-83.643074,33.040619,0</coordinates>
   </Point>
  </Placemark>
  <Placemark>
   <name>Small Craft Advisory issued October 10 at 1:10PM EDT until October 11 at 2:00PM EDT by NWS Charleston SC</name>
   <styleUrl>#sev_minor</styleUrl>
   <Style>
    <BalloonStyle />
   </Style>
   <Snippet>* WHAT...Southwest winds 15 to 20 kt with gusts up to 25 kt and
seas 3 to 5 ft expected.

* WHERE...Savannah to Altamaha Sound out 20 NM.

* WHEN...From 11 PM this evening to 2 PM EDT Sunday.

* IMPACTS...Conditions will be hazardous to small craft.</Snippet>
   <ExtendedData>
    <Data name="ext_event">
     <value>Small Craft Advisory</value>
    </Data>
    <Data name="ext_severity">
     <value>Minor</value>
    </Data>
    <Data name="ext_urgency">
     <value>Expected</value>
    </Data>
    <Data name="ext_certainty">
     <value>Likely</value>
    </Data>
    <Data name="ext_effective">
     <value>2026-10-10T13:10:00-04:00</value>
    </Data>
    <Data name="ext_expires">
     <value>2026-10-10T21:15:00-04:00</value>
    </Data>
    <Data name="ext_areaDesc">
     <value>Coastal waters from Savannah GA to Altamaha Sound GA out 20 nm, including Grays Reef National Marine Sanctuary</value>
    </Data>
    <Data name="ext_description">
     <value />
    </Data>
    <Data name="ext_instruction">
     <value />
    </Data>
    <Data name="ext_id">
     <value>https://api.weather.gov/alerts/urn:oid:2.49.0.1.840.0.3dac7296f6594b9ef4ae7c6b38131e0a4c104050.004.2</value>
    </Data>
   </ExtendedData>
   <Point>
    <coordinates>-83.643074,33.040619,0</coordinates>
   </Point>
  </Placemark>
  <Placemark>
   <name>Small Craft Advisory issued October 10 at 1:10PM EDT until October 11 at 11:00PM EDT by NWS Charleston SC</name>
   <styleUrl>#sev_minor</styleUrl>
   <Style>
    <BalloonStyle />
   </Style>
   <Snippet>* WHAT...South winds 10 to 20 kt with gusts up to 25 kt and seas
3 to 6 ft.

* WHERE...Edisto Beach to Savannah out 20 NM.

* WHEN...Until 11 PM EDT Sunday.

* IMPACTS...Conditions will be hazardous to small craft.</Snippet>
   <ExtendedData>
    <Data name="ext_event">
     <value>Small Craft Advisory</value>
    </Data>
    <Data name="ext_severity">
     <value>Minor</value>
    </Data>
    <Data name="ext_urgency">
     <value>Expected</value>
    </Data>
    <Data name="ext_certainty">
     <value>Likely</value>
    </Data>
    <Data name="ext_effective">
     <value>2026-10-10T13:10:00-04:00</value>
    </Data>
    <Data name="ext_expires">
     <value>2026-10-10T21:15:00-04:00</value>
    </Data>
    <Data name="ext_areaDesc">
     <value>Coastal waters from Edisto Beach SC to Savannah GA out 20 NM</value>
    </Data>
    <Data name="ext_description">
     <value />
    </Data>
    <Data name="ext_instruction">
     <value />
    </Data>
    <Data name="ext_id">
     <value>https://api.weather.gov/alerts/urn:oid:2.49.0.1.840.0.3dac7296f6594b9ef4ae7c6b38131e0a4c104050.002.2</value>
    </Data>
   </ExtendedData>
   <Point>
    <coordinates>-83.643074,33.040619,0</coordinates>
   </Point>
  </Placemark>
  <Placemark>
   <name>Small Craft Advisory issued October 10 at 1:10PM EDT until October 11 at 11:00PM EDT by NWS Charleston SC</name>
   <styleUrl>#sev_minor</styleUrl>
   <Style>
    <BalloonStyle />
   </Style>
   <Snippet>* WHAT...South winds 10 to 20 kt with gusts up to 25 kt and seas
4 to 6 ft.

* WHERE...South Santee River to Edisto Beach out 20 NM.

* WHEN...Until 11 PM EDT Sunday.

* IMPACTS...Conditions will be hazardous to small craft.</Snippet>
   <ExtendedData>
    <Data name="ext_event">
     <value>Small Craft Advisory</value>
    </Data>
    <Data name="ext_severity">
     <value>Minor</value>
    </Data>
    <Data name="ext_urgency">
     <value>Expected</value>
    </Data>
    <Data name="ext_certainty">
     <value>Likely</value>
    </Data>
    <Data name="ext_effective">
     <value>2026-10-10T13:10:00-04:00</value>
    </Data>
    <Data name="ext_expires">
     <value>2026-10-10T21:15:00-04:00</value>
    </Data>
    <Data name="ext_areaDesc">
     <value>Coastal waters from South Santee River to Edisto Beach SC out 20 NM</value>
    </Data>
    <Data name="ext_description">
     <value />
    </Data>
    <Data name="ext_instruction">
     <value />
    </Data>
    <Data name="ext_id">
     <value>https://api.weather.gov/alerts/urn:oid:2.49.0.1.840.0.3dac7296f6594b9ef4ae7c6b38131e0a4c104050.001.2</value>
    </Data>
   </ExtendedData>
   <Point>
    <coordinates>-106.248482,34.840515,0</coordinates>
   </Point>
  </Placemark>
  <Placemark>
   <name>Small Craft Advisory issued October 10 at 1:10PM EDT until October 11 at 8:00PM EDT by NWS Charleston SC</name>
   <styleUrl>#sev_minor</styleUrl>
   <Style>
    <BalloonStyle />
   </Style>
   <Snippet>* WHAT...South winds 15 to 20 kt with gusts up to 30 kt and seas
4 to 6 ft.

* WHERE...Savannah to Altamaha Sound from 20 to 60 NM.

* WHEN...Until 8 PM EDT Sunday.

* IMPACTS...Conditions will be hazardous to small craft.</Snippet>
   <ExtendedData>
    <Data name="ext_event">
     <value>Small Craft Advisory</value>
    </Data>
    <Data name="ext_severity">
     <value>Minor</value>
    </Data>
    <Data name="ext_urgency">
     <value>Expected</value>
    </Data>
    <Data name="ext_certainty">
     <value>Likely</value>
    </Data>
    <Data name="ext_effective">
     <value>2026-10-10T13:10:00-04:00</value>
    </Data>
    <Data name="ext_expires">
     <value>2026-10-10T21:15:00-04:00</value>
    </Data>
    <Data name="ext_areaDesc">
     <value>Waters from Savannah GA to Altamaha Sound GA extending from 20 to 60 NM</value>
    </Data>
    <Data name="ext_description">
     <value />
    </Data>
    <Data name="ext_instruction">
     <value />
    </Data>
    <Data name="ext_id">
     <value>https://api.weather.gov/alerts/urn:oid:2.49.0.1.840.0.3dac7296f6594b9ef4ae7c6b38131e0a4c104050.006.1</value>
    </Data>
   </ExtendedData>
   <Point>
    <coordinates>-83.643074,33.040619,0</coordinates>
   </Point>
  </Placemark>
  <Placemark>
   <name>Small Craft Advisory issued October 10 at 12:52PM EDT until October 11 at 12:00AM EDT by NWS Wakefield VA</name>
   <styleUrl>#sev_minor</styleUrl>
   <Style>
    <BalloonStyle />
   </Style>
   <Snippet>* WHAT...For the Small Craft Advisory, east winds 15 to 20 kt with
gusts up to 25 kt and seas 4 to 5 ft expected. For the Gale
Warning, east to southeast winds 25 to 30 kt with gusts up to 35
kt and seas 6 to 9 ft expected.

* WHERE...Coastal waters from NC VA border to Currituck Beach
Light NC out 20 NM.

* WHEN...For the Small Craft Advisory, until midnight EDT
tonight. For the Gale Warning, from midnight tonight to 10 AM
EDT Sunday.

* IMPACTS...Strong winds will cause hazardous seas which could
capsize or damage vessels and reduce visibility.</Snippet>
   <ExtendedData>
    <Data name="ext_event">
     <value>Small Craft Advisory</value>
    </Data>
    <Data name="ext_severity">
     <value>Minor</value>
    </Data>
    <Data name="ext_urgency">
     <value>Expected</value>
    </Data>
    <Data name="ext_certainty">
     <value>Likely</value>
    </Data>
    <Data name="ext_effective">
     <value>2026-10-10T12:52:00-04:00</value>
    </Data>
    <Data name="ext_expires">
     <value>2026-10-10T21:00:00-04:00</value>
    </Data>
    <Data name="ext_areaDesc">
     <value>Coastal waters from NC VA border to Currituck Beach Light NC out 20 NM</value>
    </Data>
    <Data name="ext_description">
     <value />
    </Data>
    <Data name="ext_instruction">
     <value />
    </Data>
    <Data name="ext_id">
     <value>https://api.weather.gov/alerts/urn:oid:2.49.0.1.840.0.5fadca1701abcf1cf8d21a5878df13cd3b32a43a.001.1</value>
    </Data>
   </ExtendedData>
   <Point>
    <coordinates>-106.248482,34.840515,0</coordinates>
   </Point>
  </Placemark>
  <Placemark>
   <name>Gale Watch issued October 10 at 12:52PM EDT until October 11 at 7:00PM EDT by NWS Wakefield VA</name>
   <styleUrl>#sev_moderate</styleUrl>
   <Style>
    <BalloonStyle />
   </Style>
   <Snippet>* WHAT...Southeast winds 25 to 30 kt with gusts up to 35 kt and
seas 7 to 11 ft possible.

* WHERE...Waters from Fenwick Island DE to Chintoteague VA from
20 to 60 NM and Waters from Chincoteague VA to Parramore
Island VA from 20 to 60 NM.

* WHEN...From Sunday morning through Sunday evening.

* IMPACTS...Strong winds can cause hazardous seas which could
capsize or damage vessels and reduce visibility.</Snippet>
   <ExtendedData>
    <Data name="ext_event">
     <value>Gale Watch</value>
    </Data>
    <Data name="ext_severity">
     <value>Moderate</value>
    </Data>
    <Data name="ext_urgency">
     <value>Future</value>
    </Data>
    <Data name="ext_certainty">
     <value>Possible</value>
    </Data>
    <Data name="ext_effective">
     <value>2026-10-10T12:52:00-04:00</value>
    </Data>
    <Data name="ext_expires">
     <value>2026-10-10T21:00:00-04:00</value>
    </Data>
    <Data name="ext_areaDesc">
     <value>Waters from Fenwick Island DE to Chintoteague VA from 20 to 60 NM; Waters from Chincoteague VA to Parramore Island VA from 20 to 60 NM</value>
    </Data>
    <Data name="ext_description">
     <value />
    </Data>
    <Data name="ext_instruction">
     <value />
    </Data>
    <Data name="ext_id">
     <value>https://api.weather.gov/alerts/urn:oid:2.49.0.1.840.0.5fadca1701abcf1cf8d21a5878df13cd3b32a43a.013.1</value>
    </Data>
   </ExtendedData>
   <Point>
    <coordinates>-75.507141,39.318523,0</coordinates>
   </Point>
  </Placemark>
  <Placemark>
   <name>Gale Warning issued October 10 at 12:52PM EDT until October 11 at 10:00AM EDT by NWS Wakefield VA</name>
   <styleUrl>#sev_moderate</styleUrl>
   <Style>
    <BalloonStyle />
   </Style>
   <Snippet>* WHAT...For the Small Craft Advisory, east winds 15 to 20 kt with
gusts up to 25 kt and seas 4 to 5 ft expected. For the Gale
Warning, east to southeast winds 25 to 30 kt with gusts up to 35
kt and seas 6 to 9 ft expected.

* WHERE...Coastal waters from NC VA border to Currituck Beach
Light NC out 20 NM.

* WHEN...For the Small Craft Advisory, until midnight EDT
tonight. For the Gale Warning, from midnight tonight to 10 AM
EDT Sunday.

* IMPACTS...Strong winds will cause hazardous seas which could
capsize or damage vessels and reduce visibility.</Snippet>
   <ExtendedData>
    <Data name="ext_event">
     <value>Gale Warning</value>
    </Data>
    <Data name="ext_severity">
     <value>Moderate</value>
    </Data>
    <Data name="ext_urgency">
     <value>Expected</value>
    </Data>
    <Data name="ext_certainty">
     <value>Likely</value>
    </Data>
    <Data name="ext_effective">
     <value>2026-10-10T12:52:00-04:00</value>
    </Data>
    <Data name="ext_expires">
     <value>2026-10-10T21:00:00-04:00</value>
    </Data>
    <Data name="ext_areaDesc">
     <value>Coastal waters from NC VA border to Currituck Beach Light NC out 20 NM</value>
    </Data>
    <Data name="ext_description">
     <value />
    </Data>
    <Data name="ext_instruction">
     <value />
    </Data>
    <Data name="ext_id">
     <value>https://api.weather.gov/alerts/urn:oid:2.49.0.1.840.0.5fadca1701abcf1cf8d21a5878df13cd3b32a43a.001.2</value>
    </Data>
   </ExtendedData>
   <Point>
    <coordinates>-106.248482,34.840515,0</coordinates>
   </Point>
  </Placemark>
  <Placemark>
   <name>Gale Warning issued October 10 at 12:52PM EDT until October 11 at 12:00PM EDT by NWS Wakefield VA</name>
   <styleUrl>#sev_moderate</styleUrl>
   <Style>
    <BalloonStyle />
   </Style>
   <Snippet>* WHAT...Southeast winds 25 to 30 kt with gusts up to 35 kt and
seas 6 to 11 ft expected.

* WHERE...Waters from Parramore Island VA to Cape Charles Light
VA from 20 to 60 NM and Waters from Cape Charles Light to
Virginia  -North Carolina Border from 20 to 60 NM.

* WHEN...From 4 AM to noon EDT Sunday.

* IMPACTS...Strong winds will cause hazardous seas which could
capsize or damage vessels and reduce visibility.</Snippet>
   <ExtendedData>
    <Data name="ext_event">
     <value>Gale Warning</value>
    </Data>
    <Data name="ext_severity">
     <value>Moderate</value>
    </Data>
    <Data name="ext_urgency">
     <value>Expected</value>
    </Data>
    <Data name="ext_certainty">
     <value>Likely</value>
    </Data>
    <Data name="ext_effective">
     <value>2026-10-10T12:52:00-04:00</value>
    </Data>
    <Data name="ext_expires">
     <value>2026-10-10T21:00:00-04:00</value>
    </Data>
    <Data name="ext_areaDesc">
     <value>Waters from Parramore Island VA to Cape Charles Light VA from 20 to 60 NM; Waters from Cape Charles Light to Virginia - North Carolina Border from 20 to 60 NM</value>
    </Data>
    <Data name="ext_description">
     <value />
    </Data>
    <Data name="ext_instruction">
     <value />
    </Data>
    <Data name="ext_id">
     <value>https://api.weather.gov/alerts/urn:oid:2.49.0.1.840.0.5fadca1701abcf1cf8d21a5878df13cd3b32a43a.006.1</value>
    </Data>
   </ExtendedData>
   <Point>
    <coordinates>-106.248482,34.840515,0</coordinates>
   </Point>
  </Placemark>
  <Placemark>
   <name>Small Craft Advisory issued October 10 at 12:52PM EDT until October 11 at 4:00AM EDT by NWS Wakefield VA</name>
   <styleUrl>#sev_minor</styleUrl>
   <Style>
    <BalloonStyle />
   </Style>
   <Snippet>* WHAT...For the Small Craft Advisory, east winds 20 to 25 kt with
gusts up to 30 kt and seas 4 to 6 ft expected. For the Gale
Warning, east to southeast winds 25 to 30 kt with gusts up to
35 kt and seas 6 to 9 ft expected.

* WHERE...Coastal Waters from Cape Charles Light to Virginia-
North Carolina border out 20 NM.

* WHEN...For the Small Craft Advisory, until 4 AM EDT Sunday.
For the Gale Warning, from 4 AM to noon EDT Sunday.

* IMPACTS...Strong winds will cause hazardous seas which could
capsize or damage vessels and reduce visibility.</Snippet>
   <ExtendedData>
    <Data name="ext_event">
     <value>Small Craft Advisory</value>
    </Data>
    <Data name="ext_severity">
     <value>Minor</value>
    </Data>
    <Data name="ext_urgency">
     <value>Expected</value>
    </Data>
    <Data name="ext_certainty">
     <value>Likely</value>
    </Data>
    <Data name="ext_effective">
     <value>2026-10-10T12:52:00-04:00</value>
    </Data>
    <Data name="ext_expires">
     <value>2026-10-10T21:00:00-04:00</value>
    </Data>
    <Data name="ext_areaDesc">
     <value>Coastal Waters from Cape Charles Light to Virginia-North Carolina border out 20 NM</value>
    </Data>
    <Data name="ext_description">
     <value />
    </Data>
    <Data name="ext_instruction">
     <value />
    </Data>
    <Data name="ext_id">
     <value>https://api.weather.gov/alerts/urn:oid:2.49.0.1.840.0.5fadca1701abcf1cf8d21a5878df13cd3b32a43a.004.1</value>
    </Data>
   </ExtendedData>
   <Point>
    <coordinates>-106.248482,34.840515,0</coordinates>
   </Point>
  </Placemark>
  <Placemark>
   <name>Gale Warning issued October 10 at 12:52PM EDT until October 11 at 10:00AM EDT by NWS Wakefield VA</name>
   <styleUrl>#sev_moderate</styleUrl>
   <Style>
    <BalloonStyle />
   </Style>
   <Snippet>* WHAT...Southeast winds 25 to 30 kt with gusts up to 35 kt and
seas 7 to 10 ft expected.

* WHERE...Waters from NC VA border to Currituck Beach Light NC
from 20 to 60 NM.

* WHEN...From midnight tonight to 10 AM EDT Sunday.

* IMPACTS...Strong winds will cause hazardous seas which could
capsize or damage vessels and reduce visibility.</Snippet>
   <ExtendedData>
    <Data name="ext_event">
     <value>Gale Warning</value>
    </Data>
    <Data name="ext_severity">
     <value>Moderate</value>
    </Data>
    <Data name="ext_urgency">
     <value>Expected</value>
    </Data>
    <Data name="ext_certainty">
     <value>Likely</value>
    </Data>
    <Data name="ext_effective">
     <value>2026-10-10T12:52:00-04:00</value>
    </Data>
    <Data name="ext_expires">
     <value>2026-10-10T21:00:00-04:00</value>
    </Data>
    <Data name="ext_areaDesc">
     <value>Waters from NC VA border to Currituck Beach Light NC from 20 to 60 NM</value>
    </Data>
    <Data name="ext_description">
     <value />
    </Data>
    <Data name="ext_instruction">
     <value />
    </Data>
    <Data name="ext_id">
     <value>https://api.weather.gov/alerts/urn:oid:2.49.0.1.840.0.5fadca1701abcf1cf8d21a5878df13cd3b32a43a.005.1</value>
    </Data>
   </ExtendedData>
   <Point>
    <coordinates>-106.248482,34.840515,0</coordinates>
   </Point>
  </Placemark>
  <Placemark>
   <name>Small Craft Advisory issued October 10 at 12:52PM EDT until October 11 at 7:00PM EDT by NWS Wakefield VA</name>
   <styleUrl>#sev_minor</styleUrl>
   <Style>
    <BalloonStyle />
   </Style>
   <Snippet>* WHAT...East to southeast winds 15 to 25 kt with gusts up to 30
kt, becoming south late Sunday. Waves 3 to 5 ft expected.

* WHERE...Chesapeake Bay from Smith Point to Windmill Point VA
and Chesapeake Bay from Windmill Point to New Point Comfort VA.

* WHEN...From 7 PM this evening to 7 PM EDT Sunday.

* IMPACTS...Conditions will be hazardous to small craft.</Snippet>
   <ExtendedData>
    <Data name="ext_event">
     <value>Small Craft Advisory</value>
    </Data>
    <Data name="ext_severity">
     <value>Minor</value>
    </Data>
    <Data name="ext_urgency">
     <value>Expected</value>
    </Data>
    <Data name="ext_certainty">
     <value>Likely</value>
    </Data>
    <Data name="ext_effective">
     <value>2026-10-10T12:52:00-04:00</value>
    </Data>
    <Data name="ext_expires">
     <value>2026-10-10T21:00:00-04:00</value>
    </Data>
    <Data name="ext_areaDesc">
     <value>Chesapeake Bay from Smith Point to Windmill Point VA; Chesapeake Bay from Windmill Point to New Point Comfort VA</value>
    </Data>
    <Data name="ext_description">
     <value />
    </Data>
    <Data name="ext_instruction">
     <value />
    </Data>
    <Data name="ext_id">
     <value>https://api.weather.gov/alerts/urn:oid:2.49.0.1.840.0.5fadca1701abcf1cf8d21a5878df13cd3b32a43a.011.1</value>
    </Data>
   </ExtendedData>
   <Point>
    <coordinates>-78.169968,37.769337,0</coordinates>
   </Point>
  </Placemark>
  <Placemark>
   <name>Gale Warning issued October 10 at 12:52PM EDT until October 11 at 12:00PM EDT by NWS Wakefield VA</name>
   <styleUrl>#sev_moderate</styleUrl>
   <Style>
    <BalloonStyle />
   </Style>
   <Snippet>* WHAT...For the Small Craft Advisory, east winds 20 to 25 kt with
gusts up to 30 kt and seas 4 to 6 ft expected. For the Gale
Warning, east to southeast winds 25 to 30 kt with gusts up to
35 kt and seas 6 to 9 ft expected.

* WHERE...Coastal waters from Parramore Island to Cape Charles
Light VA out 20 NM.

* WHEN...For the Small Craft Advisory, from 10 PM this evening
to 4 AM EDT Sunday. For the Gale Warning, from 4 AM to noon
EDT Sunday.

* IMPACTS...Strong winds will cause hazardous seas which could
capsize or damage vessels and reduce visibility.</Snippet>
   <ExtendedData>
    <Data name="ext_event">
     <value>Gale Warning</value>
    </Data>
    <Data name="ext_severity">
     <value>Moderate</value>
    </Data>
    <Data name="ext_urgency">
     <value>Expected</value>
    </Data>
    <Data name="ext_certainty">
     <value>Likely</value>
    </Data>
    <Data name="ext_effective">
     <value>2026-10-10T12:52:00-04:00</value>
    </Data>
    <Data name="ext_expires">
     <value>2026-10-10T21:00:00-04:00</value>
    </Data>
    <Data name="ext_areaDesc">
     <value>Coastal waters from Parramore Island to Cape Charles Light VA out 20 NM</value>
    </Data>
    <Data name="ext_description">
     <value />
    </Data>
    <Data name="ext_instruction">
     <value />
    </Data>
    <Data name="ext_id">
     <value>https://api.weather.gov/alerts/urn:oid:2.49.0.1.840.0.5fadca1701abcf1cf8d21a5878df13cd3b32a43a.002.2</value>
    </Data>
   </ExtendedData>
   <Point>
    <coordinates>-106.248482,34.840515,0</coordinates>
   </Point>
  </Placemark>
  <Placemark>
   <name>Gale Warning issued October 10 at 12:52PM EDT until October 11 at 12:00PM EDT by NWS Wakefield VA</name>
   <styleUrl>#sev_moderate</styleUrl>
   <Style>
    <BalloonStyle />
   </Style>
   <Snippet>* WHAT...For the Small Craft Advisory, east winds 15 to 25 kt with
gusts up to 30 kt and waves 3 to 5 ft expected. For the Gale
Warning, east to southeast winds 25 kt with gusts up to 35 kt
and waves 5 to 7 ft expected.

* WHERE...Chesapeake Bay from Little Creek VA to Cape Henry VA
including the Chesapeake Bay Bridge Tunnel.

* WHEN...For the Small Craft Advisory, until 4 AM EDT Sunday.
For the Gale Warning, from 4 AM to noon EDT Sunday.

* IMPACTS...Strong winds will cause hazardous waves which could
capsize or damage vessels and reduce visibility.</Snippet>
   <ExtendedData>
    <Data name="ext_event">
     <value>Gale Warning</value>
    </Data>
    <Data name="ext_severity">
     <value>Moderate</value>
    </Data>
    <Data name="ext_urgency">
     <value>Expected</value>
    </Data>
    <Data name="ext_certainty">
     <value>Likely</value>
    </Data>
    <Data name="ext_effective">
     <value>2026-10-10T12:52:00-04:00</value>
    </Data>
    <Data name="ext_expires">
     <value>2026-10-10T21:00:00-04:00</value>
    </Data>
    <Data name="ext_areaDesc">
     <value>Chesapeake Bay from Little Creek VA to Cape Henry VA including the Chesapeake Bay Bridge Tunnel</value>
    </Data>
    <Data name="ext_description">
     <value />
    </Data>
    <Data name="ext_instruction">
     <value />
    </Data>
    <Data name="ext_id">
     <value>https://api.weather.gov/alerts/urn:oid:2.49.0.1.840.0.5fadca1701abcf1cf8d21a5878df13cd3b32a43a.003.2</value>
    </Data>
   </ExtendedData>
   <Point>
    <coordinates>-78.169968,37.769337,0</coordinates>
   </Point>
  </Placemark>
  <Placemark>
   <name>Small Craft Advisory issued October 10 at 12:52PM EDT until October 11 at 10:00AM EDT by NWS Wakefield VA</name>
   <styleUrl>#sev_minor</styleUrl>
   <Style>
    <BalloonStyle />
   </Style>
   <Snippet>* WHAT...For the Small Craft Advisory, east winds 15 to 25 kt with
gusts up to 30 kt and seas 4 to 7 ft expected. For the Gale
Watch, east to southeast winds 25 to 30 kt with gusts up to 35
kt and seas 6 to 9 ft possible.

* WHERE...Coastal waters from Fenwick Island DE to Chincoteague
VA out 20 NM and Coastal waters from Chincoteague to Parramore
Island VA out 20 NM.

* WHEN...For the Small Craft Advisory, from 1 AM to 10 AM EDT
Sunday. For the Gale Watch, from Sunday morning through Sunday
evening.

* IMPACTS...Strong winds can cause hazardous seas which could
capsize or damage vessels and reduce visibility.</Snippet>
   <ExtendedData>
    <Data name="ext_event">
     <value>Small Craft Advisory</value>
    </Data>
    <Data name="ext_severity">
     <value>Minor</value>
    </Data>
    <Data name="ext_urgency">
     <value>Expected</value>
    </Data>
    <Data name="ext_certainty">
     <value>Likely</value>
    </Data>
    <Data name="ext_effective">
     <value>2026-10-10T12:52:00-04:00</value>
    </Data>
    <Data name="ext_expires">
     <value>2026-10-10T21:00:00-04:00</value>
    </Data>
    <Data name="ext_areaDesc">
     <value>Coastal waters from Fenwick Island DE to Chincoteague VA out 20 NM; Coastal waters from Chincoteague to Parramore Island VA out 20 NM</value>
    </Data>
    <Data name="ext_description">
     <value />
    </Data>
    <Data name="ext_instruction">
     <value />
    </Data>
    <Data name="ext_id">
     <value>https://api.weather.gov/alerts/urn:oid:2.49.0.1.840.0.5fadca1701abcf1cf8d21a5878df13cd3b32a43a.010.1</value>
    </Data>
   </ExtendedData>
   <Point>
    <coordinates>-75.507141,39.318523,0</coordinates>
   </Point>
  </Placemark>
  <Placemark>
   <name>Small Craft Advisory issued October 10 at 12:52PM EDT until October 11 at 4:00AM EDT by NWS Wakefield VA</name>
   <styleUrl>#sev_minor</styleUrl>
   <Style>
    <BalloonStyle />
   </Style>
   <Snippet>* WHAT...For the Small Craft Advisory, east winds 15 to 25 kt with
gusts up to 30 kt and waves 3 to 5 ft expected. For the Gale
Warning, east to southeast winds 25 kt with gusts up to 35 kt
and waves 5 to 7 ft expected.

* WHERE...Chesapeake Bay from Little Creek VA to Cape Henry VA
including the Chesapeake Bay Bridge Tunnel.

* WHEN...For the Small Craft Advisory, until 4 AM EDT Sunday.
For the Gale Warning, from 4 AM to noon EDT Sunday.

* IMPACTS...Strong winds will cause hazardous waves which could
capsize or damage vessels and reduce visibility.</Snippet>
   <ExtendedData>
    <Data name="ext_event">
     <value>Small Craft Advisory</value>
    </Data>
    <Data name="ext_severity">
     <value>Minor</value>
    </Data>
    <Data name="ext_urgency">
     <value>Expected</value>
    </Data>
    <Data name="ext_certainty">
     <value>Likely</value>
    </Data>
    <Data name="ext_effective">
     <value>2026-10-10T12:52:00-04:00</value>
    </Data>
    <Data name="ext_expires">
     <value>2026-10-10T21:00:00-04:00</value>
    </Data>
    <Data name="ext_areaDesc">
     <value>Chesapeake Bay from Little Creek VA to Cape Henry VA including the Chesapeake Bay Bridge Tunnel</value>
    </Data>
    <Data name="ext_description">
     <value />
    </Data>
    <Data name="ext_instruction">
     <value />
    </Data>
    <Data name="ext_id">
     <value>https://api.weather.gov/alerts/urn:oid:2.49.0.1.840.0.5fadca1701abcf1cf8d21a5878df13cd3b32a43a.003.1</value>
    </Data>
   </ExtendedData>
   <Point>
    <coordinates>-78.169968,37.769337,0</coordinates>
   </Point>
  </Placemark>
  <Placemark>
   <name>Gale Watch issued October 10 at 12:52PM EDT until October 11 at 7:00PM EDT by NWS Wakefield VA</name>
   <styleUrl>#sev_moderate</styleUrl>
   <Style>
    <BalloonStyle />
   </Style>
   <Snippet>* WHAT...For the Small Craft Advisory, east winds 15 to 25 kt with
gusts up to 30 kt and seas 4 to 7 ft expected. For the Gale
Watch, east to southeast winds 25 to 30 kt with gusts up to 35
kt and seas 6 to 9 ft possible.

* WHERE...Coastal waters from Fenwick Island DE to Chincoteague
VA out 20 NM and Coastal waters from Chincoteague to Parramore
Island VA out 20 NM.

* WHEN...For the Small Craft Advisory, from 1 AM to 10 AM EDT
Sunday. For the Gale Watch, from Sunday morning through Sunday
evening.

* IMPACTS...Strong winds can cause hazardous seas which could
capsize or damage vessels and reduce visibility.</Snippet>
   <ExtendedData>
    <Data name="ext_event">
     <value>Gale Watch</value>
    </Data>
    <Data name="ext_severity">
     <value>Moderate</value>
    </Data>
    <Data name="ext_urgency">
     <value>Future</value>
    </Data>
    <Data name="ext_certainty">
     <value>Possible</value>
    </Data>
    <Data name="ext_effective">
     <value>2026-10-10T12:52:00-04:00</value>
    </Data>
    <Data name="ext_expires">
     <value>2026-10-10T21:00:00-04:00</value>
    </Data>
    <Data name="ext_areaDesc">
     <value>Coastal waters from Fenwick Island DE to Chincoteague VA out 20 NM; Coastal waters from Chincoteague to Parramore Island VA out 20 NM</value>
    </Data>
    <Data name="ext_description">
     <value />
    </Data>
    <Data name="ext_instruction">
     <value />
    </Data>
    <Data name="ext_id">
     <value>https://api.weather.gov/alerts/urn:oid:2.49.0.1.840.0.5fadca1701abcf1cf8d21a5878df13cd3b32a43a.010.2</value>
    </Data>
   </ExtendedData>
   <Point>
    <coordinates>-75.507141,39.318523,0</coordinates>
   </Point>
  </Placemark>
  <Placemark>
   <name>Small Craft Advisory issued October 10 at 12:52PM EDT until October 11 at 4:00AM EDT by NWS Wakefield VA</name>
   <styleUrl>#sev_minor</styleUrl>
   <Style>
    <BalloonStyle />
   </Style>
   <Snippet>* WHAT...For the Small Craft Advisory, east winds 20 to 25 kt with
gusts up to 30 kt and seas 4 to 6 ft expected. For the Gale
Warning, east to southeast winds 25 to 30 kt with gusts up to
35 kt and seas 6 to 9 ft expected.

* WHERE...Coastal waters from Parramore Island to Cape Charles
Light VA out 20 NM.

* WHEN...For the Small Craft Advisory, from 10 PM this evening
to 4 AM EDT Sunday. For the Gale Warning, from 4 AM to noon
EDT Sunday.

* IMPACTS...Strong winds will cause hazardous seas which could
capsize or damage vessels and reduce visibility.</Snippet>
   <ExtendedData>
    <Data name="ext_event">
     <value>Small Craft Advisory</value>
    </Data>
    <Data name="ext_severity">
     <value>Minor</value>
    </Data>
    <Data name="ext_urgency">
     <value>Expected</value>
    </Data>
    <Data name="ext_certainty">
     <value>Likely</value>
    </Data>
    <Data name="ext_effective">
     <value>2026-10-10T12:52:00-04:00</value>
    </Data>
    <Data name="ext_expires">
     <value>2026-10-10T21:00:00-04:00</value>
    </Data>
    <Data name="ext_areaDesc">
     <value>Coastal waters from Parramore Island to Cape Charles Light VA out 20 NM</value>
    </Data>
    <Data name="ext_description">
     <value />
    </Data>
    <Data name="ext_instruction">
     <value />
    </Data>
    <Data name="ext_id">
     <value>https://api.weather.gov/alerts/urn:oid:2.49.0.1.840.0.5fadca1701abcf1cf8d21a5878df13cd3b32a43a.002.1</value>
    </Data>
   </ExtendedData>
   <Point>
    <coordinates>-106.248482,34.840515,0</coordinates>
   </Point>
  </Placemark>
  <Placemark>
   <name>Gale Warning issued October 10 at 12:52PM EDT until October 11 at 12:00PM EDT by NWS Wakefield VA</name>
   <styleUrl>#sev_moderate</styleUrl>
   <Style>
    <BalloonStyle />
   </Style>
   <Snippet>* WHAT...For the Small Craft Advisory, east winds 20 to 25 kt with
gusts up to 30 kt and seas 4 to 6 ft expected. For the Gale
Warning, east to southeast winds 25 to 30 kt with gusts up to
35 kt and seas 6 to 9 ft expected.

* WHERE...Coastal Waters from Cape Charles Light to Virginia-
North Carolina border out 20 NM.

* WHEN...For the Small Craft Advisory, until 4 AM EDT Sunday.
For the Gale Warning, from 4 AM to noon EDT Sunday.

* IMPACTS...Strong winds will cause hazardous seas which could
capsize or damage vessels and reduce visibility.</Snippet>
   <ExtendedData>
    <Data name="ext_event">
     <value>Gale Warning</value>
    </Data>
    <Data name="ext_severity">
     <value>Moderate</value>
    </Data>
    <Data name="ext_urgency">
     <value>Expected</value>
    </Data>
    <Data name="ext_certainty">
     <value>Likely</value>
    </Data>
    <Data name="ext_effective">
     <value>2026-10-10T12:52:00-04:00</value>
    </Data>
    <Data name="ext_expires">
     <value>2026-10-10T21:00:00-04:00</value>
    </Data>
    <Data name="ext_areaDesc">
     <value>Coastal Waters from Cape Charles Light to Virginia-North Carolina border out 20 NM</value>
    </Data>
    <Data name="ext_description">
     <value />
    </Data>
    <Data name="ext_instruction">
     <value />
    </Data>
    <Data name="ext_id">
     <value>https://api.weather.gov/alerts/urn:oid:2.49.0.1.840.0.5fadca1701abcf1cf8d21a5878df13cd3b32a43a.004.2</value>
    </Data>
   </ExtendedData>
   <Point>
    <coordinates>-106.248482,34.840515,0</coordinates>
   </Point>
  </Placemark>
  <Placemark>
   <name>Small Craft Advisory issued October 10 at 12:52PM EDT until October 11 at 7:00PM EDT by NWS Wakefield VA</name>
   <styleUrl>#sev_minor</styleUrl>
   <Style>
    <BalloonStyle />
   </Style>
   <Snippet>* WHAT...East to southeast winds 20 to 25 kt with gusts up to 30
kt, becoming south late Sunday afternoon. Waves 3 to 5 ft
expected.

* WHERE...Chesapeake Bay from New Point Comfort to Little Creek
VA.

* WHEN...Until 7 PM EDT Sunday.

* IMPACTS...Conditions will be hazardous to small craft.</Snippet>
   <ExtendedData>
    <Data name="ext_event">
     <value>Small Craft Advisory</value>
    </Data>
    <Data name="ext_severity">
     <value>Minor</value>
    </Data>
    <Data name="ext_urgency">
     <value>Expected</value>
    </Data>
    <Data name="ext_certainty">
     <value>Likely</value>
    </Data>
    <Data name="ext_effective">
     <value>2026-10-10T12:52:00-04:00</value>
    </Data>
    <Data name="ext_expires">
     <value>2026-10-10T21:00:00-04:00</value>
    </Data>
    <Data name="ext_areaDesc">
     <value>Chesapeake Bay from New Point Comfort to Little Creek VA</value>
    </Data>
    <Data name="ext_description">
     <value />
    </Data>
    <Data name="ext_instruction">
     <value />
    </Data>
    <Data name="ext_id">
     <value>https://api.weather.gov/alerts/urn:oid:2.49.0.1.840.0.5fadca1701abcf1cf8d21a5878df13cd3b32a43a.007.1</value>
    </Data>
   </ExtendedData>
   <Point>
    <coordinates>-78.169968,37.769337,0</coordinates>
   </Point>
  </Placemark>
  <Placemark>
   <name>Flood Warning issued October 10 at 12:42PM EDT by NWS Tallahassee FL</name>
   <styleUrl>#sev_severe</styleUrl>
   <Style>
    <BalloonStyle />
   </Style>
   <Snippet>...The Flood Warning is extended for the following rivers in
Florida...

Shoal River near Mossy Head (CR 1087) affecting Walton County.

* WHAT...Major flooding is occurring and major flooding is forecast.

* WHERE...Shoal River near Mossy Head (CR 1087).

* WHEN...Until further notice.

* IMPACTS...At 22.0 feet, Water reaches the base of the New Harmony
Road bridge. Water begins to cross Williams Road near the Mill
Creek Bridge. Nearly all residences on Plantation lane are flooded
at this level.

* ADDITIONAL DETAILS...
- At 11:15 AM CDT Saturday the stage was 22.5 feet.
- Recent Activity...The maximum river stage in the 24 hours ending
at 11:15 AM CDT Saturday was 22.5 feet.
- Forecast...The river is expected to fall to 14.2 feet Monday
morning.
- Flood stage is 14.0 feet.
- Flood History...This crest compares to a previous crest of 22.3
feet on 01/21/2010.
- http://www.weather.gov/safety/flood</Snippet>
   <ExtendedData>
    <Data name="ext_event">
     <value>Flood Warning</value>
    </Data>
    <Data name="ext_severity">
     <value>Severe</value>
    </Data>
    <Data name="ext_urgency">
     <value>Immediate</value>
    </Data>
    <Data name="ext_certainty">
     <value>Observed</value>
    </Data>
    <Data name="ext_effective">
     <value>2026-10-10T12:42:00-04:00</value>
    </Data>
    <Data name="ext_expires">
     <value>2026-10-10T23:00:00-04:00</value>
    </Data>
    <Data name="ext_areaDesc">
     <value>Walton, FL</value>
    </Data>
    <Data name="ext_description">
     <value />
    </Data>
    <Data name="ext_instruction">
     <value />
    </Data>
    <Data name="ext_id">
     <value>https://api.weather.gov/alerts/urn:oid:2.49.0.1.840.0.f12b7ef22305aded232a8e97096203293ad7be88.001.1</value>
    </Data>
   </ExtendedData>
   <Point>
    <coordinates>-81.686783,27.766279,0</coordinates>
   </Point>
  </Placemark>
  <Placemark>
   <name>Small Craft Advisory issued October 10 at 9:21AM PDT until October 11 at 3:00AM PDT by NWS Los Angeles/Oxnard CA</name>
   <styleUrl>#sev_minor</styleUrl>
   <Style>
    <BalloonStyle />
   </Style>
   <Snippet>* WHAT...Hazardous sea conditions.

* WHERE...Point Piedras Blancas to Point Sal westward out to 10
NM.

* WHEN...From 3 PM this afternoon to 3 AM PDT Sunday.

* IMPACTS...Conditions will be hazardous to small craft.

* ADDITIONAL DETAILS...See the Coastal Waters Forecast (CWFLOX)
for more.</Snippet>
   <ExtendedData>
    <Data name="ext_event">
     <value>Small Craft Advisory</value>
    </Data>
    <Data name="ext_severity">
     <value>Minor</value>
    </Data>
    <Data name="ext_urgency">
     <value>Expected</value>
    </Data>
    <Data name="ext_certainty">
     <value>Likely</value>
    </Data>
    <Data name="ext_effective">
     <value>2026-10-10T09:21:00-07:00</value>
    </Data>
    <Data name="ext_expires">
     <value>2026-10-10T17:30:00-07:00</value>
    </Data>
    <Data name="ext_areaDesc">
     <value>Point Piedras Blancas to Point Sal westward out to 10 NM</value>
    </Data>
    <Data name="ext_description">
     <value />
    </Data>
    <Data name="ext_instruction">
     <value />
    </Data>
    <Data name="ext_id">
     <value>https://api.weather.gov/alerts/urn:oid:2.49.0.1.840.0.d60bdbf80db6e2ea2fcdeea65397bb4098b0e8ce.003.1</value>
    </Data>
   </ExtendedData>
   <Point>
    <coordinates>-106.248482,34.840515,0</coordinates>
   </Point>
  </Placemark>
  <Placemark>
   <name>Small Craft Advisory issued October 10 at 9:21AM PDT until October 11 at 9:00PM PDT by NWS Los Angeles/Oxnard CA</name>
   <styleUrl>#sev_minor</styleUrl>
   <Style>
    <BalloonStyle />
   </Style>
   <Snippet>* WHAT...Hazardous sea conditions.

* WHERE...Portions of the coastal waters of southwest
California.

* WHEN...From 6 PM this evening to 9 PM PDT Sunday.

* IMPACTS...Conditions will be hazardous to small craft.

* ADDITIONAL DETAILS...See the Coastal Waters Forecast (CWFLOX)
for more.</Snippet>
   <ExtendedData>
    <Data name="ext_event">
     <value>Small Craft Advisory</value>
    </Data>
    <Data name="ext_severity">
     <value>Minor</value>
    </Data>
    <Data name="ext_urgency">
     <value>Expected</value>
    </Data>
    <Data name="ext_certainty">
     <value>Likely</value>
    </Data>
    <Data name="ext_effective">
     <value>2026-10-10T09:21:00-07:00</value>
    </Data>
    <Data name="ext_expires">
     <value>2026-10-10T17:30:00-07:00</value>
    </Data>
    <Data name="ext_areaDesc">
     <value>East Santa Barbara Channel from Pt. Conception to Pt. Mugu CA including Santa Cruz Island; Inner waters from Point Mugu to San Mateo Pt. CA including Santa Catalina and Anacapa Islands; Outer waters from Santa Cruz Island to San Clemente Island to 60 NM offshore including San Nicolas and Santa Barbara Islands</value>
    </Data>
    <Data name="ext_description">
     <value />
    </Data>
    <Data name="ext_instruction">
     <value />
    </Data>
    <Data name="ext_id">
     <value>https://api.weather.gov/alerts/urn:oid:2.49.0.1.840.0.d60bdbf80db6e2ea2fcdeea65397bb4098b0e8ce.002.1</value>
    </Data>
   </ExtendedData>
   <Point>
    <coordinates>-119.681564,36.116203,0</coordinates>
   </Point>
  </Placemark>
  <Placemark>
   <name>Small Craft Advisory issued October 10 at 9:21AM PDT until October 12 at 9:00PM PDT by NWS Los Angeles/Oxnard CA</name>
   <styleUrl>#sev_minor</styleUrl>
   <Style>
    <BalloonStyle />
   </Style>
   <Snippet>* WHAT...Hazardous sea conditions.

* WHERE...Point Piedras Blancas to Point Sal from 10 to 60 NM
and Waters from Pt. Sal to Santa Cruz Island CA and westward
60 nm including San Miguel and Santa Rosa Islands.

* WHEN...Until 9 PM PDT Monday.

* IMPACTS...Conditions will be hazardous to small craft.

* ADDITIONAL DETAILS...See the Coastal Waters Forecast (CWFLOX)
for more.</Snippet>
   <ExtendedData>
    <Data name="ext_event">
     <value>Small Craft Advisory</value>
    </Data>
    <Data name="ext_severity">
     <value>Minor</value>
    </Data>
    <Data name="ext_urgency">
     <value>Expected</value>
    </Data>
    <Data name="ext_certainty">
     <value>Likely</value>
    </Data>
    <Data name="ext_effective">
     <value>2026-10-10T09:21:00-07:00</value>
    </Data>
    <Data name="ext_expires">
     <value>2026-10-10T17:30:00-07:00</value>
    </Data>
    <Data name="ext_areaDesc">
     <value>Point Piedras Blancas to Point Sal from 10 to 60 NM; Waters from Pt. Sal to Santa Cruz Island CA and westward 60 nm including San Miguel and Santa Rosa Islands</value>
    </Data>
    <Data name="ext_description">
     <value />
    </Data>
    <Data name="ext_instruction">
     <value />
    </Data>
    <Data name="ext_id">
     <value>https://api.weather.gov/alerts/urn:oid:2.49.0.1.840.0.d60bdbf80db6e2ea2fcdeea65397bb4098b0e8ce.001.1</value>
    </Data>
   </ExtendedData>
   <Point>
    <coordinates>-119.681564,36.116203,0</coordinates>
   </Point>
  </Placemark>
  <Placemark>
   <name>Flood Warning issued October 10 at 12:14PM EDT by NWS Melbourne FL</name>
   <styleUrl>#sev_severe</styleUrl>
   <Style>
    <BalloonStyle />
   </Style>
   <Snippet>...The Flood Warning continues for the following rivers in Florida...

St Johns River Near Astor affecting Lake and Volusia Counties.

.The St Johns River at Astor has reached Moderate Flood Stage due to
recent northeast winds and repeated rounds of heavy rainfall across
the basin. River levels are forecast to remain just above Moderate
Flood Stage through this weekend and into next week.

For the St. Johns River...including Astor...Moderate flooding is
forecast.

* WHAT...Moderate flooding is occurring and moderate flooding is
forecast.

* WHERE...St Johns River near Astor.

* WHEN...Until further notice.

* IMPACTS...At 3.0 feet, Water approaches or may enter lowest homes
on or near Wildhog Road and nearby canals. Flooding reaches the
parking lot of the Juno Trail Apartments. Flooding on portions of
Alligator Road and Holiday Road. Lowest lying yards along Blue
Creek are flooded. Roads at Astor Landing Campground and Lake
Dexter Boat Ramp begin to flood. Water enters lower homes closest
to the river on McPherson Lane.

* ADDITIONAL DETAILS...
- At 10:30 AM EDT Saturday the stage was 3.2 feet.
- Bankfull stage is 2.0 feet.
- Recent Activity...The maximum river stage in the 24 hours ending
at 11:30 AM EDT Saturday was 3.2 feet.
- Forecast...The river is expected to remain steady at around 3.2
feet through the weekend.
- Flood stage is 2.3 feet.
- http://www.weather.gov/safety/flood</Snippet>
   <ExtendedData>
    <Data name="ext_event">
     <value>Flood Warning</value>
    </Data>
    <Data name="ext_severity">
     <value>Severe</value>
    </Data>
    <Data name="ext_urgency">
     <value>Immediate</value>
    </Data>
    <Data name="ext_certainty">
     <value>Observed</value>
    </Data>
    <Data name="ext_effective">
     <value>2026-10-10T12:14:00-04:00</value>
    </Data>
    <Data name="ext_expires">
     <value>2026-10-11T00:15:00-04:00</value>
    </Data>
    <Data name="ext_areaDesc">
     <value>Lake, FL; Volusia, FL</value>
    </Data>
    <Data name="ext_description">
     <value />
    </Data>
    <Data name="ext_instruction">
     <value />
    </Data>
    <Data name="ext_id">
     <value>https://api.weather.gov/alerts/urn:oid:2.49.0.1.840.0.a7086518664f7fe6da003a715a0944cf95960638.001.1</value>
    </Data>
   </ExtendedData>
   <Point>
    <coordinates>-81.686783,27.766279,0</coordinates>
   </Point>
  </Placemark>
  <Placemark>
   <name>Gale Warning issued October 10 at 9:10AM PDT until October 11 at 9:00AM PDT by NWS San Francisco CA</name>
   <styleUrl>#sev_moderate</styleUrl>
   <Style>
    <BalloonStyle />
   </Style>
   <Snippet>* WHAT...Northwest winds 20 to 30 kt with gusts up to 40 kt and
seas 11 to 15 ft.

* WHERE...Waters from Point Reyes to Pigeon Point 10-60 NM.

* WHEN...Until 9 AM PDT Sunday.

* IMPACTS...Strong winds will cause hazardous seas which could
capsize or damage vessels and reduce visibility.</Snippet>
   <ExtendedData>
    <Data name="ext_event">
     <value>Gale Warning</value>
    </Data>
    <Data name="ext_severity">
     <value>Moderate</value>
    </Data>
    <Data name="ext_urgency">
     <value>Expected</value>
    </Data>
    <Data name="ext_certainty">
     <value>Likely</value>
    </Data>
    <Data name="ext_effective">
     <value>2026-10-10T09:10:00-07:00</value>
    </Data>
    <Data name="ext_expires">
     <value>2026-10-10T17:15:00-07:00</value>
    </Data>
    <Data name="ext_areaDesc">
     <value>Waters from Point Reyes to Pigeon Point 10-60 NM</value>
    </Data>
    <Data name="ext_description">
     <value />
    </Data>
    <Data name="ext_instruction">
     <value />
    </Data>
    <Data name="ext_id">
     <value>https://api.weather.gov/alerts/urn:oid:2.49.0.1.840.0.17307f84ccce04786674aa9557c55bd7ebd38118.002.1</value>
    </Data>
   </ExtendedData>
   <Point>
    <coordinates>-106.248482,34.840515,0</coordinates>
   </Point>
  </Placemark>
  <Placemark>
   <name>Small Craft Advisory issued October 10 at 9:10AM PDT until October 11 at 3:00PM PDT by NWS San Francisco CA</name>
   <styleUrl>#sev_minor</styleUrl>
   <Style>
    <BalloonStyle />
   </Style>
   <Snippet>* WHAT...Northwest winds 15 to 25 kt with gusts up to 35 kt and
seas 10 to 15 ft.

* WHERE...Waters from Pigeon Point to Point Pinos 10-60 NM.

* WHEN...Until 3 PM PDT Sunday.

* IMPACTS...Conditions will be hazardous to small craft.</Snippet>
   <ExtendedData>
    <Data name="ext_event">
     <value>Small Craft Advisory</value>
    </Data>
    <Data name="ext_severity">
     <value>Minor</value>
    </Data>
    <Data name="ext_urgency">
     <value>Expected</value>
    </Data>
    <Data name="ext_certainty">
     <value>Likely</value>
    </Data>
    <Data name="ext_effective">
     <value>2026-10-10T09:10:00-07:00</value>
    </Data>
    <Data name="ext_expires">
     <value>2026-10-10T17:15:00-07:00</value>
    </Data>
    <Data name="ext_areaDesc">
     <value>Waters from Pigeon Point to Point Pinos 10-60 NM</value>
    </Data>
    <Data name="ext_description">
     <value />
    </Data>
    <Data name="ext_instruction">
     <value />
    </Data>
    <Data name="ext_id">
     <value>https://api.weather.gov/alerts/urn:oid:2.49.0.1.840.0.17307f84ccce04786674aa9557c55bd7ebd38118.005.1</value>
    </Data>
   </ExtendedData>
   <Point>
    <coordinates>-106.248482,34.840515,0</coordinates>
   </Point>
  </Placemark>
  <Placemark>
   <name>Gale Warning issued October 10 at 9:10AM PDT until October 11 at 9:00AM PDT by NWS San Francisco CA</name>
   <styleUrl>#sev_moderate</styleUrl>
   <Style>
    <BalloonStyle />
   </Style>
   <Snippet>* WHAT...Northwest winds 25 to 35 kt with gusts up to 40 kt and
seas 12 to 15 ft.

* WHERE...Waters from Point Arena to Point Reyes 10-60 NM.

* WHEN...Until 9 AM PDT Sunday.

* IMPACTS...Strong winds will cause hazardous seas which could
capsize or damage vessels and reduce visibility.</Snippet>
   <ExtendedData>
    <Data name="ext_event">
     <value>Gale Warning</value>
    </Data>
    <Data name="ext_severity">
     <value>Moderate</value>
    </Data>
    <Data name="ext_urgency">
     <value>Expected</value>
    </Data>
    <Data name="ext_certainty">
     <value>Likely</value>
    </Data>
    <Data name="ext_effective">
     <value>2026-10-10T09:10:00-07:00</value>
    </Data>
    <Data name="ext_expires">
     <value>2026-10-10T17:15:00-07:00</value>
    </Data>
    <Data name="ext_areaDesc">
     <value>Waters from Point Arena to Point Reyes 10-60 NM</value>
    </Data>
    <Data name="ext_description">
     <value />
    </Data>
    <Data name="ext_instruction">
     <value />
    </Data>
    <Data name="ext_id">
     <value>https://api.weather.gov/alerts/urn:oid:2.49.0.1.840.0.17307f84ccce04786674aa9557c55bd7ebd38118.001.1</value>
    </Data>
   </ExtendedData>
   <Point>
    <coordinates>-106.248482,34.840515,0</coordinates>
   </Point>
  </Placemark>
  <Placemark>
   <name>Small Craft Advisory issued October 10 at 9:10AM PDT until October 11 at 3:00PM PDT by NWS San Francisco CA</name>
   <styleUrl>#sev_minor</styleUrl>
   <Style>
    <BalloonStyle />
   </Style>
   <Snippet>* WHAT...Northwest winds 15 to 25 kt with gusts up to 30 kt and
seas 9 to 14 ft.

* WHERE...Waters from Point Pinos to Point Piedras Blancas 10-
60 NM.

* WHEN...Until 3 PM PDT Sunday.

* IMPACTS...Conditions will be hazardous to small craft.</Snippet>
   <ExtendedData>
    <Data name="ext_event">
     <value>Small Craft Advisory</value>
    </Data>
    <Data name="ext_severity">
     <value>Minor</value>
    </Data>
    <Data name="ext_urgency">
     <value>Expected</value>
    </Data>
    <Data name="ext_certainty">
     <value>Likely</value>
    </Data>
    <Data name="ext_effective">
     <value>2026-10-10T09:10:00-07:00</value>
    </Data>
    <Data name="ext_expires">
     <value>2026-10-10T17:15:00-07:00</value>
    </Data>
    <Data name="ext_areaDesc">
     <value>Waters from Point Pinos to Point Piedras Blancas 10-60 NM</value>
    </Data>
    <Data name="ext_description">
     <value />
    </Data>
    <Data name="ext_instruction">
     <value />
    </Data>
    <Data name="ext_id">
     <value>https://api.weather.gov/alerts/urn:oid:2.49.0.1.840.0.17307f84ccce04786674aa9557c55bd7ebd38118.006.1</value>
    </Data>
   </ExtendedData>
   <Point>
    <coordinates>-106.248482,34.840515,0</coordinates>
   </Point>
  </Placemark>
  <Placemark>
   <name>Gale Warning issued October 10 at 9:06AM PDT until October 11 at 4:00AM PDT by NWS Eureka CA</name>
   <styleUrl>#sev_moderate</styleUrl>
   <Style>
    <BalloonStyle />
   </Style>
   <Snippet>* WHAT...Northwest winds 25 to 35 kt with gusts to 45 kt and seas
10 to 15 feet.

* WHERE...Coastal waters from Cape Mendocino to Pt. Arena CA out
10 nm.

* WHEN...Until 4 AM PDT Sunday.

* IMPACTS...Strong winds will cause hazardous seas which could
capsize or damage vessels and reduce visibility.</Snippet>
   <ExtendedData>
    <Data name="ext_event">
     <value>Gale Warning</value>
    </Data>
    <Data name="ext_severity">
     <value>Moderate</value>
    </Data>
    <Data name="ext_urgency">
     <value>Expected</value>
    </Data>
    <Data name="ext_certainty">
     <value>Likely</value>
    </Data>
    <Data name="ext_effective">
     <value>2026-10-10T09:06:00-07:00</value>
    </Data>
    <Data name="ext_expires">
     <value>2026-10-10T17:15:00-07:00</value>
    </Data>
    <Data name="ext_areaDesc">
     <value>Coastal waters from Cape Mendocino to Pt. Arena CA out 10 nm</value>
    </Data>
    <Data name="ext_description">
     <value />
    </Data>
    <Data name="ext_instruction">
     <value />
    </Data>
    <Data name="ext_id">
     <value>https://api.weather.gov/alerts/urn:oid:2.49.0.1.840.0.dd4d76a9f46ab727261424f0ab64a4d5dc28cab0.002.1</value>
    </Data>
   </ExtendedData>
   <Point>
    <coordinates>-119.681564,36.116203,0</coordinates>
   </Point>
  </Placemark>
  <Placemark>
   <name>Gale Warning issued October 10 at 9:06AM PDT until October 11 at 4:00AM PDT by NWS Eureka CA</name>
   <styleUrl>#sev_moderate</styleUrl>
   <Style>
    <BalloonStyle />
   </Style>
   <Snippet>* WHAT...North winds 20 to 30 kt with gusts to 40 kt and seas 8
to 12 feet.

* WHERE...Coastal waters from Pt. St. George to Cape Mendocino
CA out 10 nm.

* WHEN...Until 4 AM PDT Sunday.

* IMPACTS...Strong winds will cause hazardous seas which could
capsize or damage vessels and reduce visibility.</Snippet>
   <ExtendedData>
    <Data name="ext_event">
     <value>Gale Warning</value>
    </Data>
    <Data name="ext_severity">
     <value>Moderate</value>
    </Data>
    <Data name="ext_urgency">
     <value>Expected</value>
    </Data>
    <Data name="ext_certainty">
     <value>Likely</value>
    </Data>
    <Data name="ext_effective">
     <value>2026-10-10T09:06:00-07:00</value>
    </Data>
    <Data name="ext_expires">
     <value>2026-10-10T17:15:00-07:00</value>
    </Data>
    <Data name="ext_areaDesc">
     <value>Coastal waters from Pt. St. George to Cape Mendocino CA out 10 nm</value>
    </Data>
    <Data name="ext_description">
     <value />
    </Data>
    <Data name="ext_instruction">
     <value />
    </Data>
    <Data name="ext_id">
     <value>https://api.weather.gov/alerts/urn:oid:2.49.0.1.840.0.dd4d76a9f46ab727261424f0ab64a4d5dc28cab0.001.1</value>
    </Data>
   </ExtendedData>
   <Point>
    <coordinates>-119.681564,36.116203,0</coordinates>
   </Point>
  </Placemark>
  <Placemark>
   <name>Gale Warning issued October 10 at 9:06AM PDT until October 12 at 2:00AM PDT by NWS Eureka CA</name>
   <styleUrl>#sev_moderate</styleUrl>
   <Style>
    <BalloonStyle />
   </Style>
   <Snippet>* WHAT...North winds 25 to 35 kt with gusts to 45 kt and seas 10
to 15 feet.

* WHERE...Waters from Pt. St. George to Cape Mendocino CA from
10 to 60 nm.

* WHEN...Until 2 AM PDT Monday.

* IMPACTS...Strong winds will cause hazardous seas which could
capsize or damage vessels and reduce visibility.</Snippet>
   <ExtendedData>
    <Data name="ext_event">
     <value>Gale Warning</value>
    </Data>
    <Data name="ext_severity">
     <value>Moderate</value>
    </Data>
    <Data name="ext_urgency">
     <value>Expected</value>
    </Data>
    <Data name="ext_certainty">
     <value>Likely</value>
    </Data>
    <Data name="ext_effective">
     <value>2026-10-10T09:06:00-07:00</value>
    </Data>
    <Data name="ext_expires">
     <value>2026-10-10T17:15:00-07:00</value>
    </Data>
    <Data name="ext_areaDesc">
     <value>Waters from Pt. St. George to Cape Mendocino CA from 10 to 60 nm</value>
    </Data>
    <Data name="ext_description">
     <value />
    </Data>
    <Data name="ext_instruction">
     <value />
    </Data>
    <Data name="ext_id">
     <value>https://api.weather.gov/alerts/urn:oid:2.49.0.1.840.0.dd4d76a9f46ab727261424f0ab64a4d5dc28cab0.003.1</value>
    </Data>
   </ExtendedData>
   <Point>
    <coordinates>-119.681564,36.116203,0</coordinates>
   </Point>
  </Placemark>
  <Placemark>
   <name>Gale Warning issued October 10 at 9:06AM PDT until October 12 at 2:00AM PDT by NWS Eureka CA</name>
   <styleUrl>#sev_moderate</styleUrl>
   <Style>
    <BalloonStyle />
   </Style>
   <Snippet>* WHAT...North winds 25 to 35 kt with gusts to 45 kt and seas 13
to 17 feet.

* WHERE...Waters from Cape Mendocino to Pt. Arena CA from 10 to
60 nm.

* WHEN...Until 2 AM PDT Monday.

* IMPACTS...Strong winds will cause hazardous seas which could
capsize or damage vessels and reduce visibility.</Snippet>
   <ExtendedData>
    <Data name="ext_event">
     <value>Gale Warning</value>
    </Data>
    <Data name="ext_severity">
     <value>Moderate</value>
    </Data>
    <Data name="ext_urgency">
     <value>Expected</value>
    </Data>
    <Data name="ext_certainty">
     <value>Likely</value>
    </Data>
    <Data name="ext_effective">
     <value>2026-10-10T09:06:00-07:00</value>
    </Data>
    <Data name="ext_expires">
     <value>2026-10-10T17:15:00-07:00</value>
    </Data>
    <Data name="ext_areaDesc">
     <value>Waters from Cape Mendocino to Pt. Arena CA from 10 to 60 nm</value>
    </Data>
    <Data name="ext_description">
     <value />
    </Data>
    <Data name="ext_instruction">
     <value />
    </Data>
    <Data name="ext_id">
     <value>https://api.weather.gov/alerts/urn:oid:2.49.0.1.840.0.dd4d76a9f46ab727261424f0ab64a4d5dc28cab0.004.1</value>
    </Data>
   </ExtendedData>
   <Point>
    <coordinates>-119.681564,36.116203,0</coordinates>
   </Point>
  </Placemark>
  <Placemark>
   <name>Small Craft Advisory issued October 10 at 11:48AM EDT until October 11 at 4:00AM EDT by NWS Detroit/Pontiac MI</name>
   <styleUrl>#sev_minor</styleUrl>
   <Style>
    <BalloonStyle />
   </Style>
   <Snippet>* WHAT...Expect sustained winds up to 19 knots from the south
with gusts up to 26 knots. The largest significant waves will
be 5 feet with a potential maximum wave height of 7 feet.

* WHERE...Port Austin to Harbor Beach MI and Harbor Beach to
Port Sanilac MI.

* WHEN...The maximum winds are expected around 9 AM EDT Saturday
with the largest waves expected around 11 AM EDT Saturday.

* IMPACTS...Conditions will be hazardous to small craft.</Snippet>
   <ExtendedData>
    <Data name="ext_event">
     <value>Small Craft Advisory</value>
    </Data>
    <Data name="ext_severity">
     <value>Minor</value>
    </Data>
    <Data name="ext_urgency">
     <value>Expected</value>
    </Data>
    <Data name="ext_certainty">
     <value>Likely</value>
    </Data>
    <Data name="ext_effective">
     <value>2026-10-10T11:48:00-04:00</value>
    </Data>
    <Data name="ext_expires">
     <value>2026-10-11T04:00:00-04:00</value>
    </Data>
    <Data name="ext_areaDesc">
     <value>Port Austin to Harbor Beach MI; Harbor Beach to Port Sanilac MI</value>
    </Data>
    <Data name="ext_description">
     <value />
    </Data>
    <Data name="ext_instruction">
     <value />
    </Data>
    <Data name="ext_id">
     <value>https://api.weather.gov/alerts/urn:oid:2.49.0.1.840.0.276b706f7558b4db95fc53176976f2c5fccdf414.001.1</value>
    </Data>
   </ExtendedData>
   <Point>
    <coordinates>-84.536095,43.326618,0</coordinates>
   </Point>
  </Placemark>
  <Placemark>
   <name>Flood Advisory issued October 10 at 11:29AM EDT until October 12 at 2:00PM EDT by NWS Greenville-Spartanburg SC</name>
   <styleUrl>#sev_minor</styleUrl>
   <Style>
    <BalloonStyle />
   </Style>
   <Snippet>...The Flood Advisory continues for the following rivers in North
Carolina...

French Broad River Near at Old Fanning Bridge Rd, 3 W Fletcher
affecting Henderson and Buncombe Counties.

.Tropical rain showers will continue to overspread the mountains
through tonight becoming increasingly heavy, leading to excessive
runoff and rises on streams within the upper French Broad River
watershed.  Storm-total rainfall of 4-8 inches is expected, with
isolated 8-10 inches possible within the upper French Broad River
watershed, generally upstream of Etowah.  The highest totals will
occur along the Tanassee and Pisgah ridges, with lesser amounts
within the upper French Broad River valley.  Additionally, 4-6 inches
of rainfall are expected within the Mud Creek watershed in Henderson
County, which is a primary tributary of the French Broad River above
Fletcher.  While there continues to be some uncertainty regarding the
exact location, timing, and amounts of the heaviest rainfall, there
is enough confidence in the current forecast that out-of-bank
conditions are likely for the upper French Broad River. This rise
above Action Stage will result in nuisance, relatively shallow
flooding of low-lying areas adjacent to the French Broad River,
including farmland, woodlands, low-lying secondary roads, greenways,
parks, and other flood-prone locations.

More significant rises along the French Broad River are possible, and
those with interests along the river are encouraged to stay weather
aware and up-to-date on the latest stream levels and forecasts at
https://water.noaa.gov/wfo/GSP.  Current reasonable worst-case
scenarios are posted in the ADDITIONAL DETAILS sections below.
Forecast crests above Minor Flood Stage may result in the River Flood
Advisories being upgraded to River Flood Warnings.

* WHAT...Flooding caused by excessive rainfall continues.

* WHERE...French Broad River near at Old Fanning Bridge Rd, 3 W
Fletcher.

* WHEN...Until Monday afternoon.

* IMPACTS...At 10.0 feet, Action/Advisory Stage.  The French Broad
River has exceeded bankfull at the gauge site.  Isolated farmland
flooding is beginning across the French Broad River Valley from
Etowah downstream to Avery Creek upstream of the gauge site.

* At 11.5 feet, Action Stage Flooding continues.  Butler Bridge Rd.
is inundated with up to 6 inches of floodwaters from the French
Broad River, forcing road closure.

* ADDITIONAL DETAILS...
- At 10:30 AM EDT Saturday the stage was 3.8 feet and rising.
- Bankfull stage is 10.0 feet.
- Forecast...The river is expected to rise to a crest of 10.6 feet
early tomorrow afternoon.  A crest closer to 12 feet is possible.
A reasonable worst-case crest above Minor Flood Stage below 15
feet cannot be ruled out.
- Action stage is 10.0 feet.
- Flood stage is 13.0 feet.
- http://www.weather.gov/safety/flood</Snippet>
   <ExtendedData>
    <Data name="ext_event">
     <value>Flood Advisory</value>
    </Data>
    <Data name="ext_severity">
     <value>Minor</value>
    </Data>
    <Data name="ext_urgency">
     <value>Expected</value>
    </Data>
    <Data name="ext_certainty">
     <value>Observed</value>
    </Data>
    <Data name="ext_effective">
     <value>2026-10-10T11:29:00-04:00</value>
    </Data>
    <Data name="ext_expires">
     <value>2026-10-10T23:30:00-04:00</value>
    </Data>
    <Data name="ext_areaDesc">
     <value>Buncombe, NC; Henderson, NC</value>
    </Data>
    <Data name="ext_description">
     <value />
    </Data>
    <Data name="ext_instruction">
     <value />
    </Data>
    <Data name="ext_id">
     <value>https://api.weather.gov/alerts/urn:oid:2.49.0.1.840.0.2ce35b82fbe087575aed38ba78e498abb5509211.001.1</value>
    </Data>
   </ExtendedData>
   <Point>
    <coordinates>-79.806419,35.630066,0</coordinates>
   </Point>
  </Placemark>
  <Placemark>
   <name>Flood Warning issued October 10 at 10:19AM CDT until October 13 at 1:48AM CDT by NWS Quad Cities IA IL</name>
   <styleUrl>#sev_severe</styleUrl>
   <Style>
    <BalloonStyle />
   </Style>
   <Snippet>...The Flood Warning continues for the following rivers in Iowa...

Wapsipinicon River near De Witt 4S affecting Clinton and Scott
Counties.

* WHAT...Major flooding is occurring.

* WHERE...Wapsipinicon River near De Witt 4S.

* WHEN...Until late Monday night.

* IMPACTS...At 12.5 feet, Water affects old U.S. Highway 61 near the
river.

* ADDITIONAL DETAILS...
- At 9:30 AM CDT Saturday the stage was 12.5 feet.
- Forecast...The river is expected to crest today and fall below
flood stage Monday afternoon and continue falling to 8.2 feet
Saturday, October 17.
- Flood stage is 11.0 feet.</Snippet>
   <ExtendedData>
    <Data name="ext_event">
     <value>Flood Warning</value>
    </Data>
    <Data name="ext_severity">
     <value>Severe</value>
    </Data>
    <Data name="ext_urgency">
     <value>Immediate</value>
    </Data>
    <Data name="ext_certainty">
     <value>Observed</value>
    </Data>
    <Data name="ext_effective">
     <value>2026-10-10T10:19:00-05:00</value>
    </Data>
    <Data name="ext_expires">
     <value>2026-10-11T10:30:00-05:00</value>
    </Data>
    <Data name="ext_areaDesc">
     <value>Clinton, IA; Scott, IA</value>
    </Data>
    <Data name="ext_description">
     <value />
    </Data>
    <Data name="ext_instruction">
     <value />
    </Data>
    <Data name="ext_id">
     <value>https://api.weather.gov/alerts/urn:oid:2.49.0.1.840.0.ca23af7570ef4a4aa7fa726f332aafacf640c916.001.1</value>
    </Data>
   </ExtendedData>
   <Point>
    <coordinates>-93.210526,42.011539,0</coordinates>
   </Point>
  </Placemark>
  <Placemark>
   <name>Small Craft Advisory issued October 10 at 10:15AM CDT until October 11 at 7:00AM CDT by NWS Green Bay WI</name>
   <styleUrl>#sev_minor</styleUrl>
   <Style>
    <BalloonStyle />
   </Style>
   <Snippet>* WHAT...South winds 10 to 20 kts with gusts up to 30 kts and
waves 2 to 4 ft expected.

* WHERE...Central and Southern Bay of Green Bay.

* WHEN...Until 7 AM CDT Sunday.

* IMPACTS...Conditions will be hazardous to small craft.</Snippet>
   <ExtendedData>
    <Data name="ext_event">
     <value>Small Craft Advisory</value>
    </Data>
    <Data name="ext_severity">
     <value>Minor</value>
    </Data>
    <Data name="ext_urgency">
     <value>Expected</value>
    </Data>
    <Data name="ext_certainty">
     <value>Likely</value>
    </Data>
    <Data name="ext_effective">
     <value>2026-10-10T10:15:00-05:00</value>
    </Data>
    <Data name="ext_expires">
     <value>2026-10-10T18:15:00-05:00</value>
    </Data>
    <Data name="ext_areaDesc">
     <value>Green Bay south of line from  Cedar River to Rock Island Passage and north of a line from Oconto WI to Little Sturgeon Bay WI; Green Bay south of line from  Oconto WI to Little Sturgeon Bay WI</value>
    </Data>
    <Data name="ext_description">
     <value />
    </Data>
    <Data name="ext_instruction">
     <value />
    </Data>
    <Data name="ext_id">
     <value>https://api.weather.gov/alerts/urn:oid:2.49.0.1.840.0.3a7689cc48758a1add9b2414a7bd943a25ca0d76.001.1</value>
    </Data>
   </ExtendedData>
   <Point>
    <coordinates>-89.616508,44.268543,0</coordinates>
   </Point>
  </Placemark>
  <Placemark>
   <name>Small Craft Advisory issued October 10 at 10:15AM CDT until October 11 at 1:00PM CDT by NWS Green Bay WI</name>
   <styleUrl>#sev_minor</styleUrl>
   <Style>
    <BalloonStyle />
   </Style>
   <Snippet>* WHAT...South winds 15 to 25 kts with gusts to 30 kts. A few
gale force gusts are possible near Washington Island and Deaths
Door late this afternoon into early this evening. Waves 6 to 9
ft.

* WHERE...Lake Michigan nearshore waters from Washington Island
to Sheboygan.

* WHEN...Until 1 PM CDT Sunday.

* IMPACTS...Conditions will be hazardous to small craft.</Snippet>
   <ExtendedData>
    <Data name="ext_event">
     <value>Small Craft Advisory</value>
    </Data>
    <Data name="ext_severity">
     <value>Minor</value>
    </Data>
    <Data name="ext_urgency">
     <value>Expected</value>
    </Data>
    <Data name="ext_certainty">
     <value>Likely</value>
    </Data>
    <Data name="ext_effective">
     <value>2026-10-10T10:15:00-05:00</value>
    </Data>
    <Data name="ext_expires">
     <value>2026-10-10T18:15:00-05:00</value>
    </Data>
    <Data name="ext_areaDesc">
     <value>Rock Island Passage to Sturgeon Bay WI; Sturgeon Bay to Two Rivers WI; Two Rivers to Sheboygan WI</value>
    </Data>
    <Data name="ext_description">
     <value />
    </Data>
    <Data name="ext_instruction">
     <value />
    </Data>
    <Data name="ext_id">
     <value>https://api.weather.gov/alerts/urn:oid:2.49.0.1.840.0.3a7689cc48758a1add9b2414a7bd943a25ca0d76.002.1</value>
    </Data>
   </ExtendedData>
   <Point>
    <coordinates>-89.616508,44.268543,0</coordinates>
   </Point>
  </Placemark>
  <Placemark>
   <name>Small Craft Advisory issued October 10 at 11:13AM EDT until October 11 at 2:00PM EDT by NWS Marquette MI</name>
   <styleUrl>#sev_minor</styleUrl>
   <Style>
    <BalloonStyle />
   </Style>
   <Snippet>* WHAT...For the Gale Warning, south winds 15 to 25 kt with
gusts up to 35 kt and waves 2 to 4 ft occurring. For the Small
Craft Advisory, south winds 10 to 20 kt with gusts up to 30 kt
and waves 1 to 3 ft expected.

* WHERE...Huron Islands to Marquette MI, Marquette to Munising
MI, Munising to Grand Marais MI and Grand Marais to Whitefish
Point MI.

* WHEN...For the Gale Warning, until 2 AM EDT Sunday. For the
Small Craft Advisory, from 2 AM to 2 PM EDT Sunday.

* IMPACTS...Strong winds will cause hazardous waves which could
capsize or damage vessels and reduce visibility.</Snippet>
   <ExtendedData>
    <Data name="ext_event">
     <value>Small Craft Advisory</value>
    </Data>
    <Data name="ext_severity">
     <value>Minor</value>
    </Data>
    <Data name="ext_urgency">
     <value>Expected</value>
    </Data>
    <Data name="ext_certainty">
     <value>Likely</value>
    </Data>
    <Data name="ext_effective">
     <value>2026-10-10T11:13:00-04:00</value>
    </Data>
    <Data name="ext_expires">
     <value>2026-10-10T23:15:00-04:00</value>
    </Data>
    <Data name="ext_areaDesc">
     <value>Huron Islands to Marquette MI; Marquette to Munising MI; Munising to Grand Marais MI; Grand Marais to Whitefish Point MI</value>
    </Data>
    <Data name="ext_description">
     <value />
    </Data>
    <Data name="ext_instruction">
     <value />
    </Data>
    <Data name="ext_id">
     <value>https://api.weather.gov/alerts/urn:oid:2.49.0.1.840.0.3ce4ffc3f0836942ac2a6dd66fb89e908ff93034.001.3</value>
    </Data>
   </ExtendedData>
   <Point>
    <coordinates>-84.536095,43.326618,0</coordinates>
   </Point>
  </Placemark>
  <Placemark>
   <name>Small Craft Advisory issued October 10 at 11:13AM EDT until October 11 at 5:00PM EDT by NWS Marquette MI</name>
   <styleUrl>#sev_minor</styleUrl>
   <Style>
    <BalloonStyle />
   </Style>
   <Snippet>* WHAT...South winds 15 to 25 kt with gusts up to 30 kt and
waves 5 to 8 ft expected.

* WHERE...Seul Choix Point to Point Detour MI and 5NM East of a
line from Fairport MI to Rock Island Passage.

* WHEN...Until 5 PM EDT Sunday.

* IMPACTS...Conditions will be hazardous to small craft.</Snippet>
   <ExtendedData>
    <Data name="ext_event">
     <value>Small Craft Advisory</value>
    </Data>
    <Data name="ext_severity">
     <value>Minor</value>
    </Data>
    <Data name="ext_urgency">
     <value>Expected</value>
    </Data>
    <Data name="ext_certainty">
     <value>Likely</value>
    </Data>
    <Data name="ext_effective">
     <value>2026-10-10T11:13:00-04:00</value>
    </Data>
    <Data name="ext_expires">
     <value>2026-10-10T23:15:00-04:00</value>
    </Data>
    <Data name="ext_areaDesc">
     <value>Seul Choix Point to Point Detour MI; 5NM East of a line from Fairport MI to Rock Island Passage</value>
    </Data>
    <Data name="ext_description">
     <value />
    </Data>
    <Data name="ext_instruction">
     <value />
    </Data>
    <Data name="ext_id">
     <value>https://api.weather.gov/alerts/urn:oid:2.49.0.1.840.0.3ce4ffc3f0836942ac2a6dd66fb89e908ff93034.007.1</value>
    </Data>
   </ExtendedData>
   <Point>
    <coordinates>-84.536095,43.326618,0</coordinates>
   </Point>
  </Placemark>
  <Placemark>
   <name>Gale Warning issued October 10 at 11:13AM EDT until October 11 at 2:00AM EDT by NWS Marquette MI</name>
   <styleUrl>#sev_moderate</styleUrl>
   <Style>
    <BalloonStyle />
   </Style>
   <Snippet>* WHAT...For the Gale Warning, south winds 15 to 25 kt with
gusts up to 35 kt and waves 2 to 4 ft occurring. For the Small
Craft Advisory, south winds 10 to 20 kt with gusts up to 30 kt
and waves 1 to 3 ft expected.

* WHERE...Huron Islands to Marquette MI, Marquette to Munising
MI, Munising to Grand Marais MI and Grand Marais to Whitefish
Point MI.

* WHEN...For the Gale Warning, until 2 AM EDT Sunday. For the
Small Craft Advisory, from 2 AM to 2 PM EDT Sunday.

* IMPACTS...Strong winds will cause hazardous waves which could
capsize or damage vessels and reduce visibility.</Snippet>
   <ExtendedData>
    <Data name="ext_event">
     <value>Gale Warning</value>
    </Data>
    <Data name="ext_severity">
     <value>Moderate</value>
    </Data>
    <Data name="ext_urgency">
     <value>Expected</value>
    </Data>
    <Data name="ext_certainty">
     <value>Likely</value>
    </Data>
    <Data name="ext_effective">
     <value>2026-10-10T11:13:00-04:00</value>
    </Data>
    <Data name="ext_expires">
     <value>2026-10-10T23:15:00-04:00</value>
    </Data>
    <Data name="ext_areaDesc">
     <value>Huron Islands to Marquette MI; Marquette to Munising MI; Munising to Grand Marais MI; Grand Marais to Whitefish Point MI</value>
    </Data>
    <Data name="ext_description">
     <value />
    </Data>
    <Data name="ext_instruction">
     <value />
    </Data>
    <Data name="ext_id">
     <value>https://api.weather.gov/alerts/urn:oid:2.49.0.1.840.0.3ce4ffc3f0836942ac2a6dd66fb89e908ff93034.001.2</value>
    </Data>
   </ExtendedData>
   <Point>
    <coordinates>-84.536095,43.326618,0</coordinates>
   </Point>
  </Placemark>
  <Placemark>
   <name>Small Craft Advisory issued October 10 at 11:13AM EDT until October 11 at 8:00AM EDT by NWS Marquette MI</name>
   <styleUrl>#sev_minor</styleUrl>
   <Style>
    <BalloonStyle />
   </Style>
   <Snippet>* WHAT...South winds 15 to 25 kt with gusts up to 30 kt and
waves 2 to 5 ft expected.

* WHERE...Green Bay North of line from Cedar River MI to Rock
Island Passage.

* WHEN...From 9 AM this morning to 8 AM EDT Sunday.

* IMPACTS...Conditions will be hazardous to small craft.</Snippet>
   <ExtendedData>
    <Data name="ext_event">
     <value>Small Craft Advisory</value>
    </Data>
    <Data name="ext_severity">
     <value>Minor</value>
    </Data>
    <Data name="ext_urgency">
     <value>Expected</value>
    </Data>
    <Data name="ext_certainty">
     <value>Likely</value>
    </Data>
    <Data name="ext_effective">
     <value>2026-10-10T11:13:00-04:00</value>
    </Data>
    <Data name="ext_expires">
     <value>2026-10-10T23:15:00-04:00</value>
    </Data>
    <Data name="ext_areaDesc">
     <value>Green Bay North of line from Cedar River MI to Rock Island Passage</value>
    </Data>
    <Data name="ext_description">
     <value />
    </Data>
    <Data name="ext_instruction">
     <value />
    </Data>
    <Data name="ext_id">
     <value>https://api.weather.gov/alerts/urn:oid:2.49.0.1.840.0.3ce4ffc3f0836942ac2a6dd66fb89e908ff93034.003.1</value>
    </Data>
   </ExtendedData>
   <Point>
    <coordinates>-84.536095,43.326618,0</coordinates>
   </Point>
  </Placemark>
  <Placemark>
   <name>Gale Warning issued October 10 at 11:13AM EDT until October 11 at 2:00AM EDT by NWS Marquette MI</name>
   <styleUrl>#sev_moderate</styleUrl>
   <Style>
    <BalloonStyle />
   </Style>
   <Snippet>* WHAT...South winds 20 to 25 kt with gusts up to 35 kt and
waves 5 to 8 ft expected.

* WHERE...Lake Superior East of a line from Manitou Island to
Marquette MI and West of a line from Grand Marais MI to the
US/Canadian Border Beyond 5NM from shore.

* WHEN...From 11 AM this morning to 2 AM EDT Sunday.

* IMPACTS...Strong winds will cause hazardous waves which could
capsize or damage vessels and reduce visibility.</Snippet>
   <ExtendedData>
    <Data name="ext_event">
     <value>Gale Warning</value>
    </Data>
    <Data name="ext_severity">
     <value>Moderate</value>
    </Data>
    <Data name="ext_urgency">
     <value>Expected</value>
    </Data>
    <Data name="ext_certainty">
     <value>Likely</value>
    </Data>
    <Data name="ext_effective">
     <value>2026-10-10T11:13:00-04:00</value>
    </Data>
    <Data name="ext_expires">
     <value>2026-10-10T23:15:00-04:00</value>
    </Data>
    <Data name="ext_areaDesc">
     <value>Lake Superior East of a line from Manitou Island to Marquette MI and West of a line from Grand Marais MI to the US/Canadian Border Beyond 5NM from shore</value>
    </Data>
    <Data name="ext_description">
     <value />
    </Data>
    <Data name="ext_instruction">
     <value />
    </Data>
    <Data name="ext_id">
     <value>https://api.weather.gov/alerts/urn:oid:2.49.0.1.840.0.3ce4ffc3f0836942ac2a6dd66fb89e908ff93034.002.1</value>
    </Data>
   </ExtendedData>
   <Point>
    <coordinates>-84.536095,43.326618,0</coordinates>
   </Point>
  </Placemark>
  <Placemark>
   <name>Small Craft Advisory issued October 10 at 11:13AM EDT until October 11 at 11:00AM EDT by NWS Marquette MI</name>
   <styleUrl>#sev_minor</styleUrl>
   <Style>
    <BalloonStyle />
   </Style>
   <Snippet>* WHAT...South winds 10 to 20 kt with gusts up to 30 kt and
waves 1 to 3 ft expected.

* WHERE...Black River to Ontonagon MI.

* WHEN...From 8 AM EDT /7 AM CDT/ this morning to 11 AM EDT /10
AM CDT/ Sunday.

* IMPACTS...Conditions will be hazardous to small craft.</Snippet>
   <ExtendedData>
    <Data name="ext_event">
     <value>Small Craft Advisory</value>
    </Data>
    <Data name="ext_severity">
     <value>Minor</value>
    </Data>
    <Data name="ext_urgency">
     <value>Expected</value>
    </Data>
    <Data name="ext_certainty">
     <value>Likely</value>
    </Data>
    <Data name="ext_effective">
     <value>2026-10-10T11:13:00-04:00</value>
    </Data>
    <Data name="ext_expires">
     <value>2026-10-10T23:15:00-04:00</value>
    </Data>
    <Data name="ext_areaDesc">
     <value>Black River To Ontonagon MI; Ontonagon to Upper Entrance of Portage Canal MI</value>
    </Data>
    <Data name="ext_description">
     <value />
    </Data>
    <Data name="ext_instruction">
     <value />
    </Data>
    <Data name="ext_id">
     <value>https://api.weather.gov/alerts/urn:oid:2.49.0.1.840.0.3ce4ffc3f0836942ac2a6dd66fb89e908ff93034.005.1</value>
    </Data>
   </ExtendedData>
   <Point>
    <coordinates>-84.536095,43.326618,0</coordinates>
   </Point>
  </Placemark>
  <Placemark>
   <name>Small Craft Advisory issued October 10 at 11:13AM EDT until October 11 at 12:00PM EDT by NWS Marquette MI</name>
   <styleUrl>#sev_minor</styleUrl>
   <Style>
    <BalloonStyle />
   </Style>
   <Snippet>* WHAT...South winds 10 to 20 kt with gusts up to 30 kt and
waves 1 to 3 ft occurring.

* WHERE...Saxon Harbor WI to Black River MI.

* WHEN...Until noon EDT /11 AM CDT/ Sunday.

* IMPACTS...Conditions will be hazardous to small craft.</Snippet>
   <ExtendedData>
    <Data name="ext_event">
     <value>Small Craft Advisory</value>
    </Data>
    <Data name="ext_severity">
     <value>Minor</value>
    </Data>
    <Data name="ext_urgency">
     <value>Expected</value>
    </Data>
    <Data name="ext_certainty">
     <value>Likely</value>
    </Data>
    <Data name="ext_effective">
     <value>2026-10-10T11:13:00-04:00</value>
    </Data>
    <Data name="ext_expires">
     <value>2026-10-10T23:15:00-04:00</value>
    </Data>
    <Data name="ext_areaDesc">
     <value>Saxon Harbor WI to Black River MI</value>
    </Data>
    <Data name="ext_description">
     <value />
    </Data>
    <Data name="ext_instruction">
     <value />
    </Data>
    <Data name="ext_id">
     <value>https://api.weather.gov/alerts/urn:oid:2.49.0.1.840.0.3ce4ffc3f0836942ac2a6dd66fb89e908ff93034.004.1</value>
    </Data>
   </ExtendedData>
   <Point>
    <coordinates>-84.536095,43.326618,0</coordinates>
   </Point>
  </Placemark>
  <Placemark>
   <name>Small Craft Advisory issued October 10 at 11:13AM EDT until October 11 at 11:00AM EDT by NWS Marquette MI</name>
   <styleUrl>#sev_minor</styleUrl>
   <Style>
    <BalloonStyle />
   </Style>
   <Snippet>* WHAT...South winds 10 to 20 kt with gusts up to 30 kt and
waves 2 to 5 ft occurring.

* WHERE...Upper Entrance of Portage Canal to Eagle River MI,
Eagle River to Manitou Island MI, Manitou Island to Point
Isabelle MI, Point Isabelle to Lower Entrance of Portage Canal
MI and Lower Entrance of Portage Canal To Huron Islands MI
Including Keweenaw and Huron Bays.

* WHEN...Until 11 AM EDT Sunday.

* IMPACTS...Conditions will be hazardous to small craft.</Snippet>
   <ExtendedData>
    <Data name="ext_event">
     <value>Small Craft Advisory</value>
    </Data>
    <Data name="ext_severity">
     <value>Minor</value>
    </Data>
    <Data name="ext_urgency">
     <value>Expected</value>
    </Data>
    <Data name="ext_certainty">
     <value>Likely</value>
    </Data>
    <Data name="ext_effective">
     <value>2026-10-10T11:13:00-04:00</value>
    </Data>
    <Data name="ext_expires">
     <value>2026-10-10T23:15:00-04:00</value>
    </Data>
    <Data name="ext_areaDesc">
     <value>Upper Entrance of Portage Canal to Eagle River MI; Eagle River to Manitou Island MI; Manitou Island to Point Isabelle MI; Point Isabelle to Lower Entrance of Portage Canal MI; Portage Lake to Huron Island MI to Lower Entrance of Portage Canal To Huron Islands MI Including Keweenaw and Huron Bays</value>
    </Data>
    <Data name="ext_description">
     <value />
    </Data>
    <Data name="ext_instruction">
     <value />
    </Data>
    <Data name="ext_id">
     <value>https://api.weather.gov/alerts/urn:oid:2.49.0.1.840.0.3ce4ffc3f0836942ac2a6dd66fb89e908ff93034.006.1</value>
    </Data>
   </ExtendedData>
   <Point>
    <coordinates>-84.536095,43.326618,0</coordinates>
   </Point>
  </Placemark>
  <Placemark>
   <name>Flood Warning issued October 10 at 11:09AM EDT by NWS Tallahassee FL</name>
   <styleUrl>#sev_severe</styleUrl>
   <Style>
    <BalloonStyle />
   </Style>
   <Snippet>...The National Weather Service in Tallahassee has issued a Flood
Warning for the following rivers in Florida...

Choctawhatchee River near Caryville (US 90) affecting Holmes and
Washington Counties.

* WHAT...Minor flooding is forecast.

* WHERE...Choctawhatchee River near Caryville (US 90).

* WHEN...From Monday evening until further notice.

* ADDITIONAL DETAILS...
- At 9:00 AM CDT Saturday the stage was 7.2 feet.
- Bankfull stage is 9.0 feet.
- Forecast...The river is expected to rise above flood stage late
Monday evening and continue rising to a crest of 15.2 feet early
Wednesday afternoon.
- Flood stage is 14.0 feet.
- Flood History...This crest compares to a previous crest of 15.2
feet on 03/06/1991.
- http://www.weather.gov/safety/flood</Snippet>
   <ExtendedData>
    <Data name="ext_event">
     <value>Flood Warning</value>
    </Data>
    <Data name="ext_severity">
     <value>Severe</value>
    </Data>
    <Data name="ext_urgency">
     <value>Expected</value>
    </Data>
    <Data name="ext_certainty">
     <value>Likely</value>
    </Data>
    <Data name="ext_effective">
     <value>2026-10-10T11:09:00-04:00</value>
    </Data>
    <Data name="ext_expires">
     <value>2026-10-10T23:00:00-04:00</value>
    </Data>
    <Data name="ext_areaDesc">
     <value>Holmes, FL; Washington, FL</value>
    </Data>
    <Data name="ext_description">
     <value />
    </Data>
    <Data name="ext_instruction">
     <value />
    </Data>
    <Data name="ext_id">
     <value>https://api.weather.gov/alerts/urn:oid:2.49.0.1.840.0.794d1335b77d797811cd287705cac80e0b65313a.001.1</value>
    </Data>
   </ExtendedData>
   <Point>
    <coordinates>-81.686783,27.766279,0</coordinates>
   </Point>
  </Placemark>
  <Placemark>
   <name>Flood Warning issued October 10 at 11:07AM EDT until October 14 at 2:00PM EDT by NWS Tallahassee FL</name>
   <styleUrl>#sev_severe</styleUrl>
   <Style>
    <BalloonStyle />
   </Style>
   <Snippet>...The National Weather Service in Tallahassee has issued a Flood
Warning for the following rivers in Alabama...

Choctawhatchee River at Geneva (SR 52) affecting Geneva County.

* WHAT...Minor flooding is forecast.

* WHERE...Choctawhatchee River at Geneva (SR 52).

* WHEN...From Sunday afternoon to Wednesday afternoon.

* ADDITIONAL DETAILS...
- At 9:45 AM CDT Saturday the stage was 10.4 feet.
- Bankfull stage is 23.0 feet.
- Forecast...The river is expected to rise above flood stage
tomorrow evening to a crest of 27.5 feet early Tuesday morning.
It will then fall below flood stage late Wednesday morning.
- Flood stage is 23.0 feet.
- Flood History...This crest compares to a previous crest of 28.0
feet on 04/03/2016.
- http://www.weather.gov/safety/flood</Snippet>
   <ExtendedData>
    <Data name="ext_event">
     <value>Flood Warning</value>
    </Data>
    <Data name="ext_severity">
     <value>Severe</value>
    </Data>
    <Data name="ext_urgency">
     <value>Expected</value>
    </Data>
    <Data name="ext_certainty">
     <value>Likely</value>
    </Data>
    <Data name="ext_effective">
     <value>2026-10-10T11:07:00-04:00</value>
    </Data>
    <Data name="ext_expires">
     <value>2026-10-10T23:00:00-04:00</value>
    </Data>
    <Data name="ext_areaDesc">
     <value>Geneva, AL</value>
    </Data>
    <Data name="ext_description">
     <value />
    </Data>
    <Data name="ext_instruction">
     <value />
    </Data>
    <Data name="ext_id">
     <value>https://api.weather.gov/alerts/urn:oid:2.49.0.1.840.0.fb4bce839434e61fe619bc8e1d772f25e38d55e6.001.1</value>
    </Data>
   </ExtendedData>
   <Point>
    <coordinates>-86.79113,32.806671,0</coordinates>
   </Point>
  </Placemark>
  <Placemark>
   <name>Flood Warning issued October 10 at 11:06AM EDT by NWS Tampa Bay Ruskin FL</name>
   <styleUrl>#sev_severe</styleUrl>
   <Style>
    <BalloonStyle />
   </Style>
   <Snippet>...The Flood Warning is extended for the following rivers in
Florida...

Cypress Creek At SR 54 Worthington Gardens affecting Pasco County.

Anclote River At Elfers at Little Road affecting Pasco County.

...The Flood Warning continues for the following rivers in Florida...

Withlacoochee At US 41 Dunnellon affecting Marion, Citrus and Levy
Counties.

.Due to recent heavy rainfall, water levels on Cypress Creek and
Anclote River remain elevated. With additional heavy rainfall
forecast, water levels are expected to continue rising, and could
reach minor flood stage in the next few days.

Elevated water levels continue on the Withlacoochee River at
Dunnellon due to a combination of excessive hydrilla growth along a
4.5 mile stretch of river between U.S. 41 and Lake Rousseau, and
recent heavy rainfall. Water levels are expected to hold steady
before slowly decreasing over the next several days. However, the
river is forecast to remain in flood stage.

* WHAT...Minor flooding is forecast.

* WHERE...Cypress Creek at SR 54 Worthington Gardens.

* WHEN...From Monday afternoon until further notice.

* IMPACTS...At 8.0 feet, Flooding begins at the recreation area on
State Road 54.

* ADDITIONAL DETAILS...
- At 10:00 AM EDT Saturday the stage was 6.8 feet.
- Bankfull stage is 8.0 feet.
- Forecast...The river is expected to rise above flood stage early
Monday afternoon and continue rising to 8.1 feet Tuesday morning.
Additional rises are possible thereafter.
- Flood stage is 8.0 feet.
- Flood History...This crest compares to a previous crest of 8.1
feet on 05/29/1976.
- https://www.weather.gov/safety/flood</Snippet>
   <ExtendedData>
    <Data name="ext_event">
     <value>Flood Warning</value>
    </Data>
    <Data name="ext_severity">
     <value>Severe</value>
    </Data>
    <Data name="ext_urgency">
     <value>Immediate</value>
    </Data>
    <Data name="ext_certainty">
     <value>Observed</value>
    </Data>
    <Data name="ext_effective">
     <value>2026-10-10T11:06:00-04:00</value>
    </Data>
    <Data name="ext_expires">
     <value>2026-10-10T23:15:00-04:00</value>
    </Data>
    <Data name="ext_areaDesc">
     <value>Pasco, FL</value>
    </Data>
    <Data name="ext_description">
     <value />
    </Data>
    <Data name="ext_instruction">
     <value />
    </Data>
    <Data name="ext_id">
     <value>https://api.weather.gov/alerts/urn:oid:2.49.0.1.840.0.31489c7220a272adb4394ff8e47d4c9d28d4a5df.002.1</value>
    </Data>
   </ExtendedData>
   <Point>
    <coordinates>-81.686783,27.766279,0</coordinates>
   </Point>
  </Placemark>
  <Placemark>
   <name>Flood Warning issued October 10 at 11:06AM EDT until October 10 at 8:00PM EDT by NWS Tampa Bay Ruskin FL</name>
   <styleUrl>#sev_severe</styleUrl>
   <Style>
    <BalloonStyle />
   </Style>
   <Snippet>...The Flood Warning is extended for the following rivers in
Florida...

Cypress Creek At SR 54 Worthington Gardens affecting Pasco County.

Anclote River At Elfers at Little Road affecting Pasco County.

...The Flood Warning continues for the following rivers in Florida...

Withlacoochee At US 41 Dunnellon affecting Marion, Citrus and Levy
Counties.

.Due to recent heavy rainfall, water levels on Cypress Creek and
Anclote River remain elevated. With additional heavy rainfall
forecast, water levels are expected to continue rising, and could
reach minor flood stage in the next few days.

Elevated water levels continue on the Withlacoochee River at
Dunnellon due to a combination of excessive hydrilla growth along a
4.5 mile stretch of river between U.S. 41 and Lake Rousseau, and
recent heavy rainfall. Water levels are expected to hold steady
before slowly decreasing over the next several days. However, the
river is forecast to remain in flood stage.

* WHAT...Minor flooding is occurring and minor flooding is forecast.

* WHERE...Anclote River at Elfers at Little Road.

* WHEN...Until this evening.

* IMPACTS...At 22.0 feet, There is water over the roadway along the
Elfers Parkway.

* ADDITIONAL DETAILS...
- At 10:30 AM EDT Saturday the stage was 20.3 feet.
- Bankfull stage is 20.0 feet.
- Recent Activity...The maximum river stage in the 24 hours ending
at 10:30 AM EDT Saturday was 20.5 feet.
- Forecast...The river is expected to fall below flood stage this
afternoon and continue falling to 15.7 feet Tuesday morning.
- Flood stage is 20.0 feet.
- Flood History...This crest compares to a previous crest of 20.4
feet on 08/08/1957.
- https://www.weather.gov/safety/flood</Snippet>
   <ExtendedData>
    <Data name="ext_event">
     <value>Flood Warning</value>
    </Data>
    <Data name="ext_severity">
     <value>Severe</value>
    </Data>
    <Data name="ext_urgency">
     <value>Immediate</value>
    </Data>
    <Data name="ext_certainty">
     <value>Observed</value>
    </Data>
    <Data name="ext_effective">
     <value>2026-10-10T11:06:00-04:00</value>
    </Data>
    <Data name="ext_expires">
     <value>2026-10-10T20:00:00-04:00</value>
    </Data>
    <Data name="ext_areaDesc">
     <value>Pasco, FL</value>
    </Data>
    <Data name="ext_description">
     <value />
    </Data>
    <Data name="ext_instruction">
     <value />
    </Data>
    <Data name="ext_id">
     <value>https://api.weather.gov/alerts/urn:oid:2.49.0.1.840.0.31489c7220a272adb4394ff8e47d4c9d28d4a5df.001.1</value>
    </Data>
   </ExtendedData>
   <Point>
    <coordinates>-81.686783,27.766279,0</coordinates>
   </Point>
  </Placemark>
  <Placemark>
   <name>Small Craft Advisory issued October 10 at 10:06AM CDT until October 11 at 7:00AM CDT by NWS Duluth MN</name>
   <styleUrl>#sev_minor</styleUrl>
   <Style>
    <BalloonStyle />
   </Style>
   <Snippet>* WHAT...South winds 10 to 20 kt with gusts up to 30 kt and
waves up to 3 ft.

* WHERE...Duluth MN to Port Wing WI.

* WHEN...Until 7 AM CDT Sunday.

* IMPACTS...Conditions will be hazardous to small craft.</Snippet>
   <ExtendedData>
    <Data name="ext_event">
     <value>Small Craft Advisory</value>
    </Data>
    <Data name="ext_severity">
     <value>Minor</value>
    </Data>
    <Data name="ext_urgency">
     <value>Expected</value>
    </Data>
    <Data name="ext_certainty">
     <value>Likely</value>
    </Data>
    <Data name="ext_effective">
     <value>2026-10-10T10:06:00-05:00</value>
    </Data>
    <Data name="ext_expires">
     <value>2026-10-11T07:00:00-05:00</value>
    </Data>
    <Data name="ext_areaDesc">
     <value>Duluth MN to Port Wing WI</value>
    </Data>
    <Data name="ext_description">
     <value />
    </Data>
    <Data name="ext_instruction">
     <value />
    </Data>
    <Data name="ext_id">
     <value>https://api.weather.gov/alerts/urn:oid:2.49.0.1.840.0.04c7820991d3ae3ad52fecb7659b5dda0b352368.003.1</value>
    </Data>
   </ExtendedData>
   <Point>
    <coordinates>-93.900192,45.694454,0</coordinates>
   </Point>
  </Placemark>
  <Placemark>
   <name>Small Craft Advisory issued October 10 at 10:06AM CDT until October 11 at 7:00AM CDT by NWS Duluth MN</name>
   <styleUrl>#sev_minor</styleUrl>
   <Style>
    <BalloonStyle />
   </Style>
   <Snippet>* WHAT...South winds 10 to 20 kt with gusts up to 30 kt and
waves up to 3 ft.

* WHERE...Chequamegon Bay-Bayfield to Oak Point WI, Port Wing to
Sand Island WI, Sand Island to Bayfield WI, Oak Point to Saxon
Harbor WI and Outer Apostle Islands Beyond 5 NM from Mainland.

* WHEN...Until 7 AM CDT Sunday.

* IMPACTS...Conditions will be hazardous to small craft.</Snippet>
   <ExtendedData>
    <Data name="ext_event">
     <value>Small Craft Advisory</value>
    </Data>
    <Data name="ext_severity">
     <value>Minor</value>
    </Data>
    <Data name="ext_urgency">
     <value>Expected</value>
    </Data>
    <Data name="ext_certainty">
     <value>Likely</value>
    </Data>
    <Data name="ext_effective">
     <value>2026-10-10T10:06:00-05:00</value>
    </Data>
    <Data name="ext_expires">
     <value>2026-10-11T07:00:00-05:00</value>
    </Data>
    <Data name="ext_areaDesc">
     <value>Chequamegon Bay-Bayfield to Oak Point WI; Port Wing to Sand Island WI; Sand Island to Bayfield WI; Oak Point to Saxon Harbor WI; Outer Apostle Islands Beyond 5 NM from Mainland</value>
    </Data>
    <Data name="ext_description">
     <value />
    </Data>
    <Data name="ext_instruction">
     <value />
    </Data>
    <Data name="ext_id">
     <value>https://api.weather.gov/alerts/urn:oid:2.49.0.1.840.0.04c7820991d3ae3ad52fecb7659b5dda0b352368.002.1</value>
    </Data>
   </ExtendedData>
   <Point>
    <coordinates>-106.248482,34.840515,0</coordinates>
   </Point>
  </Placemark>
  <Placemark>
   <name>Flood Warning issued October 10 at 11:06AM EDT by NWS Tampa Bay Ruskin FL</name>
   <styleUrl>#sev_severe</styleUrl>
   <Style>
    <BalloonStyle />
   </Style>
   <Snippet>...The Flood Warning is extended for the following rivers in
Florida...

Cypress Creek At SR 54 Worthington Gardens affecting Pasco County.

Anclote River At Elfers at Little Road affecting Pasco County.

...The Flood Warning continues for the following rivers in Florida...

Withlacoochee At US 41 Dunnellon affecting Marion, Citrus and Levy
Counties.

.Due to recent heavy rainfall, water levels on Cypress Creek and
Anclote River remain elevated. With additional heavy rainfall
forecast, water levels are expected to continue rising, and could
reach minor flood stage in the next few days.

Elevated water levels continue on the Withlacoochee River at
Dunnellon due to a combination of excessive hydrilla growth along a
4.5 mile stretch of river between U.S. 41 and Lake Rousseau, and
recent heavy rainfall. Water levels are expected to hold steady
before slowly decreasing over the next several days. However, the
river is forecast to remain in flood stage.

* WHAT...Minor flooding is occurring and minor flooding is forecast.

* WHERE...Withlacoochee at US 41 Dunnellon.

* WHEN...Until further notice.

* IMPACTS...At 28.2 feet, Docks and boat ramps flood along the river
in Citrus and Marion counties.

* ADDITIONAL DETAILS...
- At 10:45 AM EDT Saturday the stage was 28.3 feet.
- Bankfull stage is 28.2 feet.
- Recent Activity...The maximum river stage in the 24 hours ending
at 10:45 AM EDT Saturday was 28.3 feet.
- Forecast...The river is expected to rise to a crest of 28.3 feet
this afternoon.
- Flood stage is 28.2 feet.
- Flood History...This crest compares to a previous crest of 28.3
feet on 10/05/1965.
- https://www.weather.gov/safety/flood</Snippet>
   <ExtendedData>
    <Data name="ext_event">
     <value>Flood Warning</value>
    </Data>
    <Data name="ext_severity">
     <value>Severe</value>
    </Data>
    <Data name="ext_urgency">
     <value>Immediate</value>
    </Data>
    <Data name="ext_certainty">
     <value>Observed</value>
    </Data>
    <Data name="ext_effective">
     <value>2026-10-10T11:06:00-04:00</value>
    </Data>
    <Data name="ext_expires">
     <value>2026-10-10T23:15:00-04:00</value>
    </Data>
    <Data name="ext_areaDesc">
     <value>Citrus, FL; Levy, FL; Marion, FL</value>
    </Data>
    <Data name="ext_description">
     <value />
    </Data>
    <Data name="ext_instruction">
     <value />
    </Data>
    <Data name="ext_id">
     <value>https://api.weather.gov/alerts/urn:oid:2.49.0.1.840.0.31489c7220a272adb4394ff8e47d4c9d28d4a5df.003.1</value>
    </Data>
   </ExtendedData>
   <Point>
    <coordinates>-81.686783,27.766279,0</coordinates>
   </Point>
  </Placemark>
  <Placemark>
   <name>Flood Warning issued October 10 at 9:58AM CDT until October 13 at 1:00PM CDT by NWS Lake Charles LA</name>
   <styleUrl>#sev_severe</styleUrl>
   <Style>
    <BalloonStyle />
   </Style>
   <Snippet>...Forecast flooding changed to Minor severity and increased in
duration for the following rivers in Louisiana...

Calcasieu River near White Oak Park affecting Calcasieu Parish.

Calcasieu River Near Salt Water Barrier affecting Calcasieu Parish.

For the Calcasieu River...including Glenmora, Oakdale, Oberlin,
Kinder, White Oak Park, Salt Water Barrier...Minor flooding is
forecast.

* WHAT...Minor flooding is occurring and minor flooding is forecast.

* WHERE...Calcasieu River near White Oak Park.

* WHEN...Until Tuesday afternoon.

* IMPACTS...At 2.0 feet, Minor flooding of Goos Ferry Road will
occur.

* ADDITIONAL DETAILS...
- At 9:35 AM CDT Saturday the stage was 2.1 feet.
- Recent Activity...The maximum river stage in the 24 hours ending
at 9:35 AM CDT Saturday was 2.1 feet.
- Forecast...The river will oscillate around flood stage with a
maximum value of 2.1 feet this evening.
- Flood stage is 2.0 feet.
- http://www.weather.gov/safety/flood</Snippet>
   <ExtendedData>
    <Data name="ext_event">
     <value>Flood Warning</value>
    </Data>
    <Data name="ext_severity">
     <value>Severe</value>
    </Data>
    <Data name="ext_urgency">
     <value>Immediate</value>
    </Data>
    <Data name="ext_certainty">
     <value>Observed</value>
    </Data>
    <Data name="ext_effective">
     <value>2026-10-10T09:58:00-05:00</value>
    </Data>
    <Data name="ext_expires">
     <value>2026-10-11T01:00:00-05:00</value>
    </Data>
    <Data name="ext_areaDesc">
     <value>Calcasieu, LA</value>
    </Data>
    <Data name="ext_description">
     <value />
    </Data>
    <Data name="ext_instruction">
     <value />
    </Data>
    <Data name="ext_id">
     <value>https://api.weather.gov/alerts/urn:oid:2.49.0.1.840.0.baf7245f9e32cacd3f57ea9b43640eb3fdc2e5fa.001.1</value>
    </Data>
   </ExtendedData>
   <Point>
    <coordinates>-91.867805,31.169546,0</coordinates>
   </Point>
  </Placemark>
  <Placemark>
   <name>Flood Warning issued October 10 at 9:58AM CDT until October 13 at 7:00PM CDT by NWS Lake Charles LA</name>
   <styleUrl>#sev_severe</styleUrl>
   <Style>
    <BalloonStyle />
   </Style>
   <Snippet>...Forecast flooding changed to Minor severity and increased in
duration for the following rivers in Louisiana...

Calcasieu River near White Oak Park affecting Calcasieu Parish.

Calcasieu River Near Salt Water Barrier affecting Calcasieu Parish.

For the Calcasieu River...including Glenmora, Oakdale, Oberlin,
Kinder, White Oak Park, Salt Water Barrier...Minor flooding is
forecast.

* WHAT...Minor flooding is occurring and minor flooding is forecast.

* WHERE...Calcasieu River near Salt Water Barrier.

* WHEN...Until Tuesday evening.

* ADDITIONAL DETAILS...
- At 5:59 AM CDT Saturday the stage was 4.1 feet.
- Recent Activity...The maximum river stage in the 24 hours ending
at 5:59 AM CDT Saturday was 4.1 feet.
- Forecast...The river will oscillate around flood stage with a
maximum value of 4.1 feet this evening.
- Flood stage is 4.0 feet.
- http://www.weather.gov/safety/flood</Snippet>
   <ExtendedData>
    <Data name="ext_event">
     <value>Flood Warning</value>
    </Data>
    <Data name="ext_severity">
     <value>Severe</value>
    </Data>
    <Data name="ext_urgency">
     <value>Immediate</value>
    </Data>
    <Data name="ext_certainty">
     <value>Observed</value>
    </Data>
    <Data name="ext_effective">
     <value>2026-10-10T09:58:00-05:00</value>
    </Data>
    <Data name="ext_expires">
     <value>2026-10-11T01:00:00-05:00</value>
    </Data>
    <Data name="ext_areaDesc">
     <value>Calcasieu, LA</value>
    </Data>
    <Data name="ext_description">
     <value />
    </Data>
    <Data name="ext_instruction">
     <value />
    </Data>
    <Data name="ext_id">
     <value>https://api.weather.gov/alerts/urn:oid:2.49.0.1.840.0.baf7245f9e32cacd3f57ea9b43640eb3fdc2e5fa.002.1</value>
    </Data>
   </ExtendedData>
   <Point>
    <coordinates>-91.867805,31.169546,0</coordinates>
   </Point>
  </Placemark>
  <Placemark>
   <name>Flood Warning issued October 10 at 10:57AM EDT until October 13 at 2:00PM EDT by NWS Tallahassee FL</name>
   <styleUrl>#sev_severe</styleUrl>
   <Style>
    <BalloonStyle />
   </Style>
   <Snippet>...The Flood Warning continues for the following rivers in Georgia...

Ochlockonee River near Thomasville (US 84) affecting Grady and
Thomas Counties.

* WHAT...Minor flooding is forecast.

* WHERE...Ochlockonee River near Thomasville (US 84).

* WHEN...From this evening to Tuesday afternoon.

* IMPACTS...At 15.0 feet, Multiple access roads to boat ramps
throughout the basin are flooded. Widespread flooding of wooded
bottomland and adjacent farmland occurs.

* ADDITIONAL DETAILS...
- At 10:45 AM EDT Saturday the stage was 10.6 feet.
- Bankfull stage is 9.0 feet.
- Forecast...The river is expected to rise above flood stage
tomorrow afternoon to a crest of 15.8 feet Monday morning. It
will then fall below flood stage late Tuesday morning.
- Flood stage is 15.0 feet.
- Flood History...This crest compares to a previous crest of 15.8
feet on 01/23/2017.
- http://www.weather.gov/safety/flood</Snippet>
   <ExtendedData>
    <Data name="ext_event">
     <value>Flood Warning</value>
    </Data>
    <Data name="ext_severity">
     <value>Severe</value>
    </Data>
    <Data name="ext_urgency">
     <value>Immediate</value>
    </Data>
    <Data name="ext_certainty">
     <value>Observed</value>
    </Data>
    <Data name="ext_effective">
     <value>2026-10-10T10:57:00-04:00</value>
    </Data>
    <Data name="ext_expires">
     <value>2026-10-10T23:00:00-04:00</value>
    </Data>
    <Data name="ext_areaDesc">
     <value>Grady, GA; Thomas, GA</value>
    </Data>
    <Data name="ext_description">
     <value />
    </Data>
    <Data name="ext_instruction">
     <value />
    </Data>
    <Data name="ext_id">
     <value>https://api.weather.gov/alerts/urn:oid:2.49.0.1.840.0.dd514d3325db36dc50e5915f480d5e890163704d.001.1</value>
    </Data>
   </ExtendedData>
   <Point>
    <coordinates>-83.643074,33.040619,0</coordinates>
   </Point>
  </Placemark>
  <Placemark>
   <name>Flood Advisory issued October 10 at 10:57AM EDT until October 12 at 2:00AM EDT by NWS Greenville-Spartanburg SC</name>
   <styleUrl>#sev_minor</styleUrl>
   <Style>
    <BalloonStyle />
   </Style>
   <Snippet>...The Flood Advisory continues for the following rivers in North
Carolina...

Pigeon River At above Old River Rd (NC 215), 1 SW Canton affecting
Haywood County.

.Tropical rainfall will continue to overspread the mountains through
tonight and become heavier. Storm-total rainfall of 4-8 inches is
expected, with isolated higher amounts possible across the upper
Pigeon River watershed upstream of Canton.  The highest totals will
occur along the Pisgah ridge and in the Shining Rock and Middle Prong
Wilderness areas within the headwaters of the east and west forks of
the Pigeon River.  There remains enough confidence that  out-of-bank
conditions are likely for the Pigeon River.  This rise above Action
Stage will result in nuisance, relatively shallow flooding of
low-lying areas adjacent to the Pigeon River, including farmland,
woodlands, low-lying secondary roads, greenways, parks, and other
flood-prone locations.

More significant rises along the Pigeon River are possible, and those
with interests along the river are encouraged to stay weather aware
and up-to-date on the latest stream levels and forecasts at
https://water.noaa.gov/wfo/GSP.  Current reasonable worst-case
scenarios are posted in the ADDITIONAL DETAILS sections below.
Forecast crests above Minor Flood Stage may result in the River Flood
Advisories being upgraded to River Flood Warnings.

* WHAT...Flooding caused by excessive rainfall continues.

* WHERE...Pigeon River at above Old River Rd (NC 215), 1 SW Canton.

* WHEN...Until late Sunday night.

* IMPACTS...At 8.0 feet, Action/Advisory Stage.  Common, nuisance
flooding of low-lying areas adjacent to the Pigeon River is
beginning.  Floodwaters are beginning to impact farmland,
woodlands, nurseries, parks, athletic fields, golf courses,
greenways, and boat-access areas with up to 2 feet of inundation.
Low-water crossings may be inundated with up to 2 feet of
floodwater and become impassable.  Adjacent campgrounds, mobile
home/RV parks, and secondary roads may experience floodwater
inundation of up to 1 foot.

* ADDITIONAL DETAILS...
- At 10:45 AM EDT Saturday the stage was 1.4 feet.
- Bankfull stage is 10.0 feet.
- Forecast...The river is expected to rise to a crest of 8.5 feet
tomorrow morning.  The reasonable worst-case crest would be
around the minor flood stage of 10 feet.
- Action stage is 8.0 feet.
- Flood stage is 10.0 feet.
- http://www.weather.gov/safety/flood</Snippet>
   <ExtendedData>
    <Data name="ext_event">
     <value>Flood Advisory</value>
    </Data>
    <Data name="ext_severity">
     <value>Minor</value>
    </Data>
    <Data name="ext_urgency">
     <value>Expected</value>
    </Data>
    <Data name="ext_certainty">
     <value>Observed</value>
    </Data>
    <Data name="ext_effective">
     <value>2026-10-10T10:57:00-04:00</value>
    </Data>
    <Data name="ext_expires">
     <value>2026-10-11T05:00:00-04:00</value>
    </Data>
    <Data name="ext_areaDesc">
     <value>Haywood, NC</value>
    </Data>
    <Data name="ext_description">
     <value />
    </Data>
    <Data name="ext_instruction">
     <value />
    </Data>
    <Data name="ext_id">
     <value>https://api.weather.gov/alerts/urn:oid:2.49.0.1.840.0.0aff3ef739bf10151b80bba7a51122f49220117b.001.1</value>
    </Data>
   </ExtendedData>
   <Point>
    <coordinates>-79.806419,35.630066,0</coordinates>
   </Point>
  </Placemark>
  <Placemark>
   <name>Flood Warning issued October 10 at 10:52AM EDT until October 12 at 8:00PM EDT by NWS Tallahassee FL</name>
   <styleUrl>#sev_severe</styleUrl>
   <Style>
    <BalloonStyle />
   </Style>
   <Snippet>...The Flood Warning continues for the following rivers in Florida...

St. Marks River near Newport On Old Magnolia Rd affecting Wakulla
and Leon Counties.

* WHAT...Minor flooding is forecast.

* WHERE...St. Marks River near Newport On Old Magnolia Rd.

* WHEN...Until Monday evening.

* IMPACTS...At 8.0 feet, Water begins to flood yards of some
residences of homes near Old Magnolia Road in Wakulla County.

* ADDITIONAL DETAILS...
- At 10:00 AM EDT Saturday the stage was 7.6 feet.
- Bankfull stage is 0.0 feet.
- Forecast...The river is expected to rise above flood stage just
after midnight tonight to a crest of 8.1 feet early tomorrow
afternoon. It will then fall below flood stage Monday evening.
- Flood stage is 8.0 feet.
- Flood History...This crest compares to a previous crest of 8.1
feet on 06/07/2017.
- http://www.weather.gov/safety/flood</Snippet>
   <ExtendedData>
    <Data name="ext_event">
     <value>Flood Warning</value>
    </Data>
    <Data name="ext_severity">
     <value>Severe</value>
    </Data>
    <Data name="ext_urgency">
     <value>Immediate</value>
    </Data>
    <Data name="ext_certainty">
     <value>Observed</value>
    </Data>
    <Data name="ext_effective">
     <value>2026-10-10T10:52:00-04:00</value>
    </Data>
    <Data name="ext_expires">
     <value>2026-10-10T23:00:00-04:00</value>
    </Data>
    <Data name="ext_areaDesc">
     <value>Leon, FL; Wakulla, FL</value>
    </Data>
    <Data name="ext_description">
     <value />
    </Data>
    <Data name="ext_instruction">
     <value />
    </Data>
    <Data name="ext_id">
     <value>https://api.weather.gov/alerts/urn:oid:2.49.0.1.840.0.db3d9998c8bfcb02effbab4936374f03ca37e189.001.1</value>
    </Data>
   </ExtendedData>
   <Point>
    <coordinates>-81.686783,27.766279,0</coordinates>
   </Point>
  </Placemark>
  <Placemark>
   <name>Flood Warning issued October 10 at 10:48AM EDT until October 13 at 2:00AM EDT by NWS Tallahassee FL</name>
   <styleUrl>#sev_severe</styleUrl>
   <Style>
    <BalloonStyle />
   </Style>
   <Snippet>...The Flood Warning continues for the following rivers in Alabama...

Pea River near Ariton (US 231) affecting Dale and Coffee Counties.

* WHAT...Minor flooding is forecast.

* WHERE...Pea River near Ariton (US 231).

* WHEN...From this afternoon to late Monday night.

* IMPACTS...At 17.0 feet, The basement of a home on U.S. Highway 231
and the Pea River will be flooded.

* ADDITIONAL DETAILS...
- At 9:00 AM CDT Saturday the stage was 9.1 feet.
- Bankfull stage is 8.0 feet.
- Forecast...The river is expected to rise above flood stage late
this afternoon to a crest of 16.6 feet early tomorrow afternoon.
It will then fall below flood stage Monday evening.
- Flood stage is 14.0 feet.
- Flood History...This crest compares to a previous crest of 16.6
feet on 09/27/1956.
- http://www.weather.gov/safety/flood</Snippet>
   <ExtendedData>
    <Data name="ext_event">
     <value>Flood Warning</value>
    </Data>
    <Data name="ext_severity">
     <value>Severe</value>
    </Data>
    <Data name="ext_urgency">
     <value>Immediate</value>
    </Data>
    <Data name="ext_certainty">
     <value>Observed</value>
    </Data>
    <Data name="ext_effective">
     <value>2026-10-10T10:48:00-04:00</value>
    </Data>
    <Data name="ext_expires">
     <value>2026-10-10T23:00:00-04:00</value>
    </Data>
    <Data name="ext_areaDesc">
     <value>Coffee, AL; Dale, AL</value>
    </Data>
    <Data name="ext_description">
     <value />
    </Data>
    <Data name="ext_instruction">
     <value />
    </Data>
    <Data name="ext_id">
     <value>https://api.weather.gov/alerts/urn:oid:2.49.0.1.840.0.5d10713e29bbb62dcc1a5bf7ab0ed1f37a387842.001.1</value>
    </Data>
   </ExtendedData>
   <Point>
    <coordinates>-86.79113,32.806671,0</coordinates>
   </Point>
  </Placemark>
  <Placemark>
   <name>Flood Warning issued October 10 at 9:47AM CDT until October 13 at 7:00PM CDT by NWS Mobile AL</name>
   <styleUrl>#sev_severe</styleUrl>
   <Style>
    <BalloonStyle />
   </Style>
   <Snippet>...The Flood Warning is extended for the following rivers in
Florida...

Shoal River Near Crestview affecting Okaloosa County.

For the Shoal River...including Crestview...Moderate flooding is
forecast.

* WHAT...Minor flooding is occurring and moderate flooding is
forecast.

* WHERE...Shoal River near Crestview.

* WHEN...Until Tuesday evening.

* IMPACTS...At 10.0 feet, Some flooding of trailers north of the
Okaloosa Correctional Institute. Water surrounds home on Sowel
Road. At 11.0 feet, Flooding becomes a threat to the Trevor Court
and Rattlesnake Bluff areas. At 12.0 feet, Residential areas on the
south bank of river near Crestview become isolated. Rattlesnake
Bluff Road closed. At 13.0 feet, Homes on south bank of river begin
to flood near Crestview. At 14.0 feet, Residential flooding in the
Trevor Court area. At 15.0 feet, Water in Trevor Court. Some homes
in Rattle Snake Bluff become flooded. At 8.0 feet, Minor flooding
of low lying areas. At 8.5 feet, Water in yards on Sowel Road.

* ADDITIONAL DETAILS...
- At 9:15 AM CDT Saturday the stage was 8.8 feet.
- Forecast...The river is expected to rise to a crest of 14.9 feet
tomorrow evening. It will then fall below flood stage early
Tuesday afternoon.
- Flood stage is 8.0 feet.
- http://www.weather.gov/safety/flood</Snippet>
   <ExtendedData>
    <Data name="ext_event">
     <value>Flood Warning</value>
    </Data>
    <Data name="ext_severity">
     <value>Severe</value>
    </Data>
    <Data name="ext_urgency">
     <value>Immediate</value>
    </Data>
    <Data name="ext_certainty">
     <value>Observed</value>
    </Data>
    <Data name="ext_effective">
     <value>2026-10-10T09:47:00-05:00</value>
    </Data>
    <Data name="ext_expires">
     <value>2026-10-10T22:00:00-05:00</value>
    </Data>
    <Data name="ext_areaDesc">
     <value>Okaloosa, FL</value>
    </Data>
    <Data name="ext_description">
     <value />
    </Data>
    <Data name="ext_instruction">
     <value />
    </Data>
    <Data name="ext_id">
     <value>https://api.weather.gov/alerts/urn:oid:2.49.0.1.840.0.a519de814aaeac91013b5464bb4e4e66dc5c7cf6.001.1</value>
    </Data>
   </ExtendedData>
   <Point>
    <coordinates>-81.686783,27.766279,0</coordinates>
   </Point>
  </Placemark>
  <Placemark>
   <name>Flood Warning issued October 10 at 9:44AM CDT until October 12 at 9:34AM CDT by NWS Mobile AL</name>
   <styleUrl>#sev_severe</styleUrl>
   <Style>
    <BalloonStyle />
   </Style>
   <Snippet>...The Flood Warning is extended for the following rivers in
Alabama...Florida...

Blackwater River Near Baker affecting Okaloosa, Covington, Escambia
and Santa Rosa Counties.

For the Blackwater River...including Baker, Upper Blackwater River...
Minor flooding is forecast.

* WHAT...Minor flooding is forecast.

* WHERE...Blackwater River near Baker.

* WHEN...Until Monday morning.

* IMPACTS...At 11.0 feet, Minor flooding of secondary roads and
lowlands from the Highway 4 Bridge downstream. At 14.5 feet,
Flooding of Cotton Bridge Park in Baker begins. At 9.5 feet,
Kennedy and Peaden Bridges are flooded upstream of Highway 4
bridge.

* ADDITIONAL DETAILS...
- At 9:00 AM CDT Saturday the stage was 8.6 feet.
- Forecast...The river is expected to rise above flood stage this
afternoon to a crest of 14.1 feet tomorrow morning. It will then
fall below flood stage early Monday morning.
- Flood stage is 11.0 feet.
- http://www.weather.gov/safety/flood</Snippet>
   <ExtendedData>
    <Data name="ext_event">
     <value>Flood Warning</value>
    </Data>
    <Data name="ext_severity">
     <value>Severe</value>
    </Data>
    <Data name="ext_urgency">
     <value>Immediate</value>
    </Data>
    <Data name="ext_certainty">
     <value>Observed</value>
    </Data>
    <Data name="ext_effective">
     <value>2026-10-10T09:44:00-05:00</value>
    </Data>
    <Data name="ext_expires">
     <value>2026-10-10T21:45:00-05:00</value>
    </Data>
    <Data name="ext_areaDesc">
     <value>Covington, AL; Escambia, AL; Okaloosa, FL; Santa Rosa, FL</value>
    </Data>
    <Data name="ext_description">
     <value />
    </Data>
    <Data name="ext_instruction">
     <value />
    </Data>
    <Data name="ext_id">
     <value>https://api.weather.gov/alerts/urn:oid:2.49.0.1.840.0.c8f9a622f28eb3ca99787c50244dbe3c1c7eaff1.001.1</value>
    </Data>
   </ExtendedData>
   <Point>
    <coordinates>-86.79113,32.806671,0</coordinates>
   </Point>
  </Placemark>
  <Placemark>
   <name>Flood Warning issued October 10 at 10:43AM EDT until October 11 at 5:00PM EDT by NWS Tallahassee FL</name>
   <styleUrl>#sev_severe</styleUrl>
   <Style>
    <BalloonStyle />
   </Style>
   <Snippet>...The Flood Warning continues for the following rivers in Alabama...

Pea River at Elba (US 84) affecting Coffee County.

* WHAT...Minor flooding is forecast.

* WHERE...Pea River at Elba (US 84).

* WHEN...From this evening to Sunday afternoon.

* IMPACTS...At 32.0 feet, Moderate flooding on the Pea River will
affect homes outside the levee near Elba and will extend to Smith
Avenue, otherwise known as State Highway 125.

* ADDITIONAL DETAILS...
- At 9:00 AM CDT Saturday the stage was 17.6 feet.
- Bankfull stage is 23.0 feet.
- Forecast...The river is expected to rise above flood stage late
this evening to a crest of 31.2 feet just after midnight tonight.
It will then fall below flood stage late tomorrow morning.
- Flood stage is 30.0 feet.
- Flood History...This crest compares to a previous crest of 31.5
feet on 04/05/1960.
- http://www.weather.gov/safety/flood</Snippet>
   <ExtendedData>
    <Data name="ext_event">
     <value>Flood Warning</value>
    </Data>
    <Data name="ext_severity">
     <value>Severe</value>
    </Data>
    <Data name="ext_urgency">
     <value>Immediate</value>
    </Data>
    <Data name="ext_certainty">
     <value>Observed</value>
    </Data>
    <Data name="ext_effective">
     <value>2026-10-10T10:43:00-04:00</value>
    </Data>
    <Data name="ext_expires">
     <value>2026-10-10T23:00:00-04:00</value>
    </Data>
    <Data name="ext_areaDesc">
     <value>Coffee, AL</value>
    </Data>
    <Data name="ext_description">
     <value />
    </Data>
    <Data name="ext_instruction">
     <value />
    </Data>
    <Data name="ext_id">
     <value>https://api.weather.gov/alerts/urn:oid:2.49.0.1.840.0.eee5a47753df26dce28696126e7fdc28074caa97.001.1</value>
    </Data>
   </ExtendedData>
   <Point>
    <coordinates>-86.79113,32.806671,0</coordinates>
   </Point>
  </Placemark>
  <Placemark>
   <name>Flood Warning issued October 10 at 9:41AM CDT until October 12 at 6:00PM CDT by NWS Mobile AL</name>
   <styleUrl>#sev_severe</styleUrl>
   <Style>
    <BalloonStyle />
   </Style>
   <Snippet>...The Flood Warning continues for the following rivers in Florida...

Big Coldwater Creek Near Milton affecting Okaloosa and Santa Rosa
Counties.

For the Big Coldwater Creek...including Milton, Harold...Minor
flooding is forecast.

* WHAT...Minor flooding is forecast.

* WHERE...Big Coldwater Creek near Milton.

* WHEN...Until Monday evening.

* IMPACTS...At 10.0 feet, Flooding of lowlands and some fish camps
will occur.

* ADDITIONAL DETAILS...
- At 9:00 AM CDT Saturday the stage was 6.5 feet.
- Forecast...The river is expected to rise above flood stage this
evening to a crest of 11.4 feet tomorrow morning. It will then
fall below flood stage early Monday afternoon.
- Flood stage is 10.0 feet.
- http://www.weather.gov/safety/flood</Snippet>
   <ExtendedData>
    <Data name="ext_event">
     <value>Flood Warning</value>
    </Data>
    <Data name="ext_severity">
     <value>Severe</value>
    </Data>
    <Data name="ext_urgency">
     <value>Immediate</value>
    </Data>
    <Data name="ext_certainty">
     <value>Observed</value>
    </Data>
    <Data name="ext_effective">
     <value>2026-10-10T09:41:00-05:00</value>
    </Data>
    <Data name="ext_expires">
     <value>2026-10-10T21:45:00-05:00</value>
    </Data>
    <Data name="ext_areaDesc">
     <value>Okaloosa, FL; Santa Rosa, FL</value>
    </Data>
    <Data name="ext_description">
     <value />
    </Data>
    <Data name="ext_instruction">
     <value />
    </Data>
    <Data name="ext_id">
     <value>https://api.weather.gov/alerts/urn:oid:2.49.0.1.840.0.2845de757178a58ea3abfb2f80881b6c148d990a.001.1</value>
    </Data>
   </ExtendedData>
   <Point>
    <coordinates>-81.686783,27.766279,0</coordinates>
   </Point>
  </Placemark>
  <Placemark>
   <name>Small Craft Advisory issued October 10 at 10:35AM EDT until October 11 at 5:00AM EDT by NWS Grand Rapids MI</name>
   <styleUrl>#sev_minor</styleUrl>
   <Style>
    <BalloonStyle />
   </Style>
   <Snippet>* WHAT...South winds to 30 knots and waves 3 to 6 feet.

* WHERE...Holland to Manistee.

* WHEN...Until 5 AM EDT Sunday.

* IMPACTS...Conditions will be hazardous to small craft.</Snippet>
   <ExtendedData>
    <Data name="ext_event">
     <value>Small Craft Advisory</value>
    </Data>
    <Data name="ext_severity">
     <value>Minor</value>
    </Data>
    <Data name="ext_urgency">
     <value>Expected</value>
    </Data>
    <Data name="ext_certainty">
     <value>Likely</value>
    </Data>
    <Data name="ext_effective">
     <value>2026-10-10T10:35:00-04:00</value>
    </Data>
    <Data name="ext_expires">
     <value>2026-10-10T18:45:00-04:00</value>
    </Data>
    <Data name="ext_areaDesc">
     <value>Holland to Grand Haven MI; Grand Haven to Whitehall MI; Whitehall to Pentwater MI; Pentwater to Manistee MI</value>
    </Data>
    <Data name="ext_description">
     <value />
    </Data>
    <Data name="ext_instruction">
     <value />
    </Data>
    <Data name="ext_id">
     <value>https://api.weather.gov/alerts/urn:oid:2.49.0.1.840.0.c1d17fd14c446fa4fbed2df7b44ceb200b266adc.001.1</value>
    </Data>
   </ExtendedData>
   <Point>
    <coordinates>-84.536095,43.326618,0</coordinates>
   </Point>
  </Placemark>
  <Placemark>
   <name>Small Craft Advisory issued October 10 at 10:35AM EDT until October 11 at 6:00AM EDT by NWS Gaylord MI</name>
   <styleUrl>#sev_minor</styleUrl>
   <Style>
    <BalloonStyle />
   </Style>
   <Snippet>* WHAT...Highest gusts up to 30 kts from the southeast and
highest waves around 6 feet.

* WHERE...Whitefish Bay (U. S. Portion)/Whitefish Point to Point
Iroquois MI and St. Marys River Point Iroquois to E.
Potagannissing Bay.

* WHEN...Until 6 AM EDT Sunday.

* IMPACTS...Conditions will be hazardous to small craft.</Snippet>
   <ExtendedData>
    <Data name="ext_event">
     <value>Small Craft Advisory</value>
    </Data>
    <Data name="ext_severity">
     <value>Minor</value>
    </Data>
    <Data name="ext_urgency">
     <value>Expected</value>
    </Data>
    <Data name="ext_certainty">
     <value>Likely</value>
    </Data>
    <Data name="ext_effective">
     <value>2026-10-10T10:35:00-04:00</value>
    </Data>
    <Data name="ext_expires">
     <value>2026-10-10T23:00:00-04:00</value>
    </Data>
    <Data name="ext_areaDesc">
     <value>Whitefish Bay (U.S. Portion)/Whitefish Point to Point Iroquois MI; St. Marys River Point Iroquois to E. Potagannissing Bay</value>
    </Data>
    <Data name="ext_description">
     <value />
    </Data>
    <Data name="ext_instruction">
     <value />
    </Data>
    <Data name="ext_id">
     <value>https://api.weather.gov/alerts/urn:oid:2.49.0.1.840.0.372f32398836244f7f1a4e6609594f6d964767bf.001.1</value>
    </Data>
   </ExtendedData>
   <Point>
    <coordinates>-84.536095,43.326618,0</coordinates>
   </Point>
  </Placemark>
  <Placemark>
   <name>Small Craft Advisory issued October 10 at 10:35AM EDT until October 11 at 6:00AM EDT by NWS Gaylord MI</name>
   <styleUrl>#sev_minor</styleUrl>
   <Style>
    <BalloonStyle />
   </Style>
   <Snippet>* WHAT...Highest gusts up to 30 kts from the south and highest
waves around 7 feet.

* WHERE...Portions of Lake Michigan.

* WHEN...Until 6 AM EDT Sunday.

* IMPACTS...Conditions will be hazardous to small craft.</Snippet>
   <ExtendedData>
    <Data name="ext_event">
     <value>Small Craft Advisory</value>
    </Data>
    <Data name="ext_severity">
     <value>Minor</value>
    </Data>
    <Data name="ext_urgency">
     <value>Expected</value>
    </Data>
    <Data name="ext_certainty">
     <value>Likely</value>
    </Data>
    <Data name="ext_effective">
     <value>2026-10-10T10:35:00-04:00</value>
    </Data>
    <Data name="ext_expires">
     <value>2026-10-10T23:00:00-04:00</value>
    </Data>
    <Data name="ext_areaDesc">
     <value>Grand Traverse Bay south of a line Grand Traverse Light to Norwood MI; Seul Choix Point to 5NM West of Mackinac Bridge; Norwood MI to 5NM West of Mackinac Bridge including Little Traverse Bay; Sleeping Bear Point to Grand Traverse Light MI; Point Betsie to Sleeping Bear Point MI; Manistee to Point Betsie MI</value>
    </Data>
    <Data name="ext_description">
     <value />
    </Data>
    <Data name="ext_instruction">
     <value />
    </Data>
    <Data name="ext_id">
     <value>https://api.weather.gov/alerts/urn:oid:2.49.0.1.840.0.372f32398836244f7f1a4e6609594f6d964767bf.002.1</value>
    </Data>
   </ExtendedData>
   <Point>
    <coordinates>-84.536095,43.326618,0</coordinates>
   </Point>
  </Placemark>
  <Placemark>
   <name>Small Craft Advisory issued October 10 at 10:35AM EDT until October 11 at 6:00AM EDT by NWS Gaylord MI</name>
   <styleUrl>#sev_minor</styleUrl>
   <Style>
    <BalloonStyle />
   </Style>
   <Snippet>* WHAT...Highest gusts up to 30 kts from the south and highest
waves around 7 feet.

* WHERE...Straits of Mackinac within 5 nm of Mackinac Bridge
including Mackinac Island, St Ignace to False Detour Channel,
5NM East of Mackinac Bridge to Presque Isle Light MI including
Bois Blanc Island, Presque Isle Light to Sturgeon Pt MI
Including Thunder Bay National Marine Sanctuary and Sturgeon
Pt to Alabaster MI.

* WHEN...Until 6 AM EDT Sunday.

* IMPACTS...Conditions will be hazardous to small craft.</Snippet>
   <ExtendedData>
    <Data name="ext_event">
     <value>Small Craft Advisory</value>
    </Data>
    <Data name="ext_severity">
     <value>Minor</value>
    </Data>
    <Data name="ext_urgency">
     <value>Expected</value>
    </Data>
    <Data name="ext_certainty">
     <value>Likely</value>
    </Data>
    <Data name="ext_effective">
     <value>2026-10-10T10:35:00-04:00</value>
    </Data>
    <Data name="ext_expires">
     <value>2026-10-10T23:00:00-04:00</value>
    </Data>
    <Data name="ext_areaDesc">
     <value>Straits of Mackinac within 5 nm of Mackinac Bridge including Mackinac Island; St Ignace to False Detour Channel; 5NM East of Mackinac Bridge to Presque Isle Light MI including Bois Blanc Island; Presque Isle Light to Sturgeon Pt MI Including Thunder Bay National Marine Sanctuary; Sturgeon Pt to Alabaster MI</value>
    </Data>
    <Data name="ext_description">
     <value />
    </Data>
    <Data name="ext_instruction">
     <value />
    </Data>
    <Data name="ext_id">
     <value>https://api.weather.gov/alerts/urn:oid:2.49.0.1.840.0.372f32398836244f7f1a4e6609594f6d964767bf.003.1</value>
    </Data>
   </ExtendedData>
   <Point>
    <coordinates>-84.536095,43.326618,0</coordinates>
   </Point>
  </Placemark>
  <Placemark>
   <name>Flood Warning issued October 10 at 10:33AM EDT by NWS Jacksonville FL</name>
   <styleUrl>#sev_severe</styleUrl>
   <Style>
    <BalloonStyle />
   </Style>
   <Snippet>...The Flood Warning continues for the following rivers in Georgia...
Florida...

St Mary's River At Macclenny affecting Nassau, Charlton and Baker
Counties.

Additional information is available at
https://water.weather.gov/wfo/JAX

The next statement will be issued Sunday morning at 1045 AM EDT.

* WHAT...Minor flooding is occurring and minor flooding is forecast.

* WHERE...St Mary's River at Macclenny.

* WHEN...Until further notice.

* IMPACTS...At 12.0 feet, Minor flooding of low lying areas and
timber lands including some properties along St. Mary's River Bluff
Road and the Cypress Landing Resort on the Georgia side. At 14.0
feet, Flooding of bottomlands along the river and some lower access
roads including the lower half of St. Mary's River Bluff Road which
cuts off 15 to 20 homes on the Georgia side.

* ADDITIONAL DETAILS...
- At 9:45 AM EDT Saturday the stage was 12.3 feet.
- Forecast...The river is expected to rise to a crest of 12.7 feet
tomorrow morning.
- Flood stage is 12.0 feet.
- http://www.weather.gov/safety/flood</Snippet>
   <ExtendedData>
    <Data name="ext_event">
     <value>Flood Warning</value>
    </Data>
    <Data name="ext_severity">
     <value>Severe</value>
    </Data>
    <Data name="ext_urgency">
     <value>Immediate</value>
    </Data>
    <Data name="ext_certainty">
     <value>Observed</value>
    </Data>
    <Data name="ext_effective">
     <value>2026-10-10T10:33:00-04:00</value>
    </Data>
    <Data name="ext_expires">
     <value>2026-10-11T10:45:00-04:00</value>
    </Data>
    <Data name="ext_areaDesc">
     <value>Baker, FL; Nassau, FL; Charlton, GA</value>
    </Data>
    <Data name="ext_description">
     <value />
    </Data>
    <Data name="ext_instruction">
     <value />
    </Data>
    <Data name="ext_id">
     <value>https://api.weather.gov/alerts/urn:oid:2.49.0.1.840.0.a6af8f3859a73cea7707cc9e845c10b9e9577bba.001.1</value>
    </Data>
   </ExtendedData>
   <Point>
    <coordinates>-81.686783,27.766279,0</coordinates>
   </Point>
  </Placemark>
  <Placemark>
   <name>Flood Warning issued October 10 at 9:07AM CDT by NWS Lake Charles LA</name>
   <styleUrl>#sev_severe</styleUrl>
   <Style>
    <BalloonStyle />
   </Style>
   <Snippet>...The Flood Warning is extended for the following rivers in Texas...

Neches River at Neches River Saltwater Barrier affecting Orange,
Jasper, Hardin and Jefferson Counties.

For the Neches River...including Town Bluff, Evadale, Neches River
Saltwater Barrier...Minor flooding is forecast.

* WHAT...Minor flooding is occurring and minor flooding is forecast.

* WHERE...Neches River at Neches River Saltwater Barrier.

* WHEN...Until further notice.

* IMPACTS...At 5.0 feet, Water is about two feet over portions of
Four Oaks Ranch Road.

* ADDITIONAL DETAILS...
- At 8:15 AM CDT Saturday the stage was 4.1 feet.
- Recent Activity...The maximum river stage in the 24 hours ending
at 8:15 AM CDT Saturday was 4.1 feet.
- Forecast...The river is expected to rise to a crest of 4.1 feet
this afternoon.
- Flood stage is 4.0 feet.
- http://www.weather.gov/safety/flood</Snippet>
   <ExtendedData>
    <Data name="ext_event">
     <value>Flood Warning</value>
    </Data>
    <Data name="ext_severity">
     <value>Severe</value>
    </Data>
    <Data name="ext_urgency">
     <value>Immediate</value>
    </Data>
    <Data name="ext_certainty">
     <value>Observed</value>
    </Data>
    <Data name="ext_effective">
     <value>2026-10-10T09:07:00-05:00</value>
    </Data>
    <Data name="ext_expires">
     <value>2026-10-10T23:00:00-05:00</value>
    </Data>
    <Data name="ext_areaDesc">
     <value>Hardin, TX; Jasper, TX; Jefferson, TX; Orange, TX</value>
    </Data>
    <Data name="ext_description">
     <value />
    </Data>
    <Data name="ext_instruction">
     <value />
    </Data>
    <Data name="ext_id">
     <value>https://api.weather.gov/alerts/urn:oid:2.49.0.1.840.0.c6d5ee01a1654399736d81fc90d997a270dea968.001.1</value>
    </Data>
   </ExtendedData>
   <Point>
    <coordinates>-97.563461,31.054487,0</coordinates>
   </Point>
  </Placemark>
  <Placemark>
   <name>Small Craft Advisory issued October 10 at 8:55AM CDT until October 11 at 1:00AM CDT by NWS Milwaukee/Sullivan WI</name>
   <styleUrl>#sev_minor</styleUrl>
   <Style>
    <BalloonStyle />
   </Style>
   <Snippet>* WHAT...South winds 10 to 20 kt with gusts up to 25 kt and waves
4 to 6 ft.

* WHERE...Nearshore Waters from Port Washington to Wind Point.

* WHEN...Until 1 AM CDT Sunday.

* IMPACTS...Conditions will be hazardous to small craft.</Snippet>
   <ExtendedData>
    <Data name="ext_event">
     <value>Small Craft Advisory</value>
    </Data>
    <Data name="ext_severity">
     <value>Minor</value>
    </Data>
    <Data name="ext_urgency">
     <value>Expected</value>
    </Data>
    <Data name="ext_certainty">
     <value>Likely</value>
    </Data>
    <Data name="ext_effective">
     <value>2026-10-10T08:55:00-05:00</value>
    </Data>
    <Data name="ext_expires">
     <value>2026-10-10T17:00:00-05:00</value>
    </Data>
    <Data name="ext_areaDesc">
     <value>Port Washington to North Point Light WI; North Point Light to Wind Point WI</value>
    </Data>
    <Data name="ext_description">
     <value />
    </Data>
    <Data name="ext_instruction">
     <value />
    </Data>
    <Data name="ext_id">
     <value>https://api.weather.gov/alerts/urn:oid:2.49.0.1.840.0.a60f87aaaa548d3aba80d10045ee8aa0cda9c4d8.002.1</value>
    </Data>
   </ExtendedData>
   <Point>
    <coordinates>-89.616508,44.268543,0</coordinates>
   </Point>
  </Placemark>
  <Placemark>
   <name>Small Craft Advisory issued October 10 at 8:55AM CDT until October 11 at 7:00AM CDT by NWS Milwaukee/Sullivan WI</name>
   <styleUrl>#sev_minor</styleUrl>
   <Style>
    <BalloonStyle />
   </Style>
   <Snippet>* WHAT...South winds 15 to 25 kt with gusts up to 30 kt and
waves 5 to 8 ft.

* WHERE...Nearshore Waters from Sheboygan to Port Washington.

* WHEN...Until 7 AM CDT Sunday.

* IMPACTS...Conditions will be hazardous to small craft.</Snippet>
   <ExtendedData>
    <Data name="ext_event">
     <value>Small Craft Advisory</value>
    </Data>
    <Data name="ext_severity">
     <value>Minor</value>
    </Data>
    <Data name="ext_urgency">
     <value>Expected</value>
    </Data>
    <Data name="ext_certainty">
     <value>Likely</value>
    </Data>
    <Data name="ext_effective">
     <value>2026-10-10T08:55:00-05:00</value>
    </Data>
    <Data name="ext_expires">
     <value>2026-10-10T17:00:00-05:00</value>
    </Data>
    <Data name="ext_areaDesc">
     <value>Sheboygan to Port Washington WI</value>
    </Data>
    <Data name="ext_description">
     <value />
    </Data>
    <Data name="ext_instruction">
     <value />
    </Data>
    <Data name="ext_id">
     <value>https://api.weather.gov/alerts/urn:oid:2.49.0.1.840.0.a60f87aaaa548d3aba80d10045ee8aa0cda9c4d8.001.1</value>
    </Data>
   </ExtendedData>
   <Point>
    <coordinates>-89.616508,44.268543,0</coordinates>
   </Point>
  </Placemark>
  <Placemark>
   <name>Flood Warning issued October 10 at 9:51AM EDT by NWS Jacksonville FL</name>
   <styleUrl>#sev_severe</styleUrl>
   <Style>
    <BalloonStyle />
   </Style>
   <Snippet>...The Flood Warning continues for the following rivers in Georgia...

Satilla River At Atkinson affecting Brantley County.

Additional information is available at
https://water.weather.gov/wfo/JAX

The next statement will be issued Sunday morning at 1000 AM EDT.

* WHAT...Minor flooding is occurring and minor flooding is forecast.

* WHERE...Satilla River at Atkinson.

* WHEN...Until further notice.

* IMPACTS...At 13.0 feet, Warners Landing, Louis Landing and
secondary roads around KOA campgrounds begin to flood. At 14.0
feet, River Rock Road begins to experience flooding across the
road.

* ADDITIONAL DETAILS...
- At 8:45 AM EDT Saturday the stage was 13.7 feet.
- Forecast...The river is expected to rise to a crest of 14.0 feet
this evening.
- Flood stage is 13.0 feet.
- http://www.weather.gov/safety/flood</Snippet>
   <ExtendedData>
    <Data name="ext_event">
     <value>Flood Warning</value>
    </Data>
    <Data name="ext_severity">
     <value>Severe</value>
    </Data>
    <Data name="ext_urgency">
     <value>Immediate</value>
    </Data>
    <Data name="ext_certainty">
     <value>Observed</value>
    </Data>
    <Data name="ext_effective">
     <value>2026-10-10T09:51:00-04:00</value>
    </Data>
    <Data name="ext_expires">
     <value>2026-10-11T10:00:00-04:00</value>
    </Data>
    <Data name="ext_areaDesc">
     <value>Brantley, GA</value>
    </Data>
    <Data name="ext_description">
     <value />
    </Data>
    <Data name="ext_instruction">
     <value />
    </Data>
    <Data name="ext_id">
     <value>https://api.weather.gov/alerts/urn:oid:2.49.0.1.840.0.0b9239386efcf7720733176454a25bab2e7c0861.001.1</value>
    </Data>
   </ExtendedData>
   <Point>
    <coordinates>-83.643074,33.040619,0</coordinates>
   </Point>
  </Placemark>
  <Placemark>
   <name>Small Craft Advisory issued October 10 at 9:09AM EDT until October 10 at 5:00PM EDT by NWS Tallahassee FL</name>
   <styleUrl>#sev_minor</styleUrl>
   <Style>
    <BalloonStyle />
   </Style>
   <Snippet>* WHAT...Southwest winds 15 to 20 kt with gusts up to 30 kt and
seas 5 to 8 ft.

* WHERE...Offshore Gulf waters from the Walton-Okaloosa County
line to the Ochlockonee River from 20 to 60 nautical miles
out, Nearshore Gulf waters from the Ochlockonee River to the
Suwannee River out 20 nautical miles, St. Andrews Bay
Waterways, Coastal waters from Mexico Beach to Okaloosa Walton
County Line FL out 20 NM, Coastal waters from Mexico Beach to
Apalachicola FL out 20 NM, and Coastal Waters From Ochlockonee
River to Apalachicola Fl out to 20 Nm.

* WHEN...Until 5 PM EDT /4 PM CDT/ this afternoon.

* IMPACTS...A Small Craft Advisory means that wind speeds of 20
to 33 knots, or seas of 7 feet or greater, are expected to
produce hazardous conditions for small craft. These hazardous
conditions may result in poor vessel handling and steering
response, broaching, overturned dinghies and kayaks, slips and
falls on slippery decks, rub damage along docks and seawalls,
and dragging anchors.</Snippet>
   <ExtendedData>
    <Data name="ext_event">
     <value>Small Craft Advisory</value>
    </Data>
    <Data name="ext_severity">
     <value>Minor</value>
    </Data>
    <Data name="ext_urgency">
     <value>Expected</value>
    </Data>
    <Data name="ext_certainty">
     <value>Likely</value>
    </Data>
    <Data name="ext_effective">
     <value>2026-10-10T09:09:00-04:00</value>
    </Data>
    <Data name="ext_expires">
     <value>2026-10-10T17:00:00-04:00</value>
    </Data>
    <Data name="ext_areaDesc">
     <value>Apalachee Bay or Coastal Waters From Keaton Beach to Ochlockonee River Fl out to 20 Nm; St. Andrews Bay Waterways; Coastal waters from Okaloosa-Walton County Line to Mexico Beach out 20 NM; Coastal Waters from Mexico Beach to Apalachicola out 20 NM; Coastal Waters From  Ochlockonee River to Apalachicola FL out to 20 Nm; Coastal waters from  Suwannee River to Keaton Beach out 20 NM; Waters from Okaloosa-Walton County Line to Mexico Beach from 20 to 60 NM; Waters from Mexico Beach to Apalachicola FL from 20 to 60 NM; Waters from Suwannee River to Apalachicola FL from 20 to 60 NM</value>
    </Data>
    <Data name="ext_description">
     <value />
    </Data>
    <Data name="ext_instruction">
     <value />
    </Data>
    <Data name="ext_id">
     <value>https://api.weather.gov/alerts/urn:oid:2.49.0.1.840.0.dd7143254d6a74d478307bb58eb58a6b112deb0d.001.1</value>
    </Data>
   </ExtendedData>
   <Point>
    <coordinates>-81.686783,27.766279,0</coordinates>
   </Point>
  </Placemark>
  <Placemark>
   <name>Small Craft Advisory issued October 10 at 4:36AM AKDT until October 11 at 5:00PM AKDT by NWS Anchorage AK</name>
   <styleUrl>#sev_minor</styleUrl>
   <Style>
    <BalloonStyle />
   </Style>
   <Snippet>Coastal Waters Forecast for Southwest Alaska+Bristol Bay+The
Alaska Peninsula Waters and the Aleutian Islands up to 100 nm out.

Wind forecasts reflect the predominant speed and direction
expected. Sea forecasts represent an average of the highest
one-third of the combined wind wave and swell height.

.TODAY...W wind 30 kt. Seas 16 ft. Rain showers.
.TONIGHT...W wind 30 kt. Seas 15 ft.
.SUN...W wind 25 kt. Seas 13 ft.
.SUN NIGHT...W wind 25 kt. Seas 11 ft.
.MON...W wind 25 kt. Seas 9 ft.
.TUE THROUGH WED...NW wind 25 kt. Seas 9 ft.</Snippet>
   <ExtendedData>
    <Data name="ext_event">
     <value>Small Craft Advisory</value>
    </Data>
    <Data name="ext_severity">
     <value>Minor</value>
    </Data>
    <Data name="ext_urgency">
     <value>Expected</value>
    </Data>
    <Data name="ext_certainty">
     <value>Likely</value>
    </Data>
    <Data name="ext_effective">
     <value>2026-10-10T04:36:00-08:00</value>
    </Data>
    <Data name="ext_expires">
     <value>2026-10-10T17:15:00-08:00</value>
    </Data>
    <Data name="ext_areaDesc">
     <value>Seguam to Adak Pacific Side from 15 to 75 NM</value>
    </Data>
    <Data name="ext_description">
     <value />
    </Data>
    <Data name="ext_instruction">
     <value />
    </Data>
    <Data name="ext_id">
     <value>https://api.weather.gov/alerts/urn:oid:2.49.0.1.840.0.37ba0c8a9f92135c18789a21b06efcee2cd35d0e.025.1</value>
    </Data>
   </ExtendedData>
   <Point>
    <coordinates>-106.248482,34.840515,0</coordinates>
   </Point>
  </Placemark>
  <Placemark>
   <name>Small Craft Advisory issued October 10 at 4:36AM AKDT until October 11 at 5:00PM AKDT by NWS Anchorage AK</name>
   <styleUrl>#sev_minor</styleUrl>
   <Style>
    <BalloonStyle />
   </Style>
   <Snippet>Coastal Waters Forecast for Southwest Alaska+Bristol Bay+The
Alaska Peninsula Waters and the Aleutian Islands up to 100 nm out.

Wind forecasts reflect the predominant speed and direction
expected. Sea forecasts represent an average of the highest
one-third of the combined wind wave and swell height.

.TODAY...SW wind 30 kt. Seas 11 ft.
.TONIGHT...SW wind 25 kt. Seas 9 ft.
.SUN...SW wind 25 kt. Seas 9 ft.
.SUN NIGHT...W wind 25 kt. Seas 7 ft.
.MON...W wind 25 kt. Seas 7 ft.
.TUE...NW wind 30 kt. Seas 7 ft.
.WED...N wind 40 kt. Seas 14 ft.</Snippet>
   <ExtendedData>
    <Data name="ext_event">
     <value>Small Craft Advisory</value>
    </Data>
    <Data name="ext_severity">
     <value>Minor</value>
    </Data>
    <Data name="ext_urgency">
     <value>Expected</value>
    </Data>
    <Data name="ext_certainty">
     <value>Likely</value>
    </Data>
    <Data name="ext_effective">
     <value>2026-10-10T04:36:00-08:00</value>
    </Data>
    <Data name="ext_expires">
     <value>2026-10-10T17:15:00-08:00</value>
    </Data>
    <Data name="ext_areaDesc">
     <value>Unalga Pass to Nikolski Bering Side out to 15 NM</value>
    </Data>
    <Data name="ext_description">
     <value />
    </Data>
    <Data name="ext_instruction">
     <value />
    </Data>
    <Data name="ext_id">
     <value>https://api.weather.gov/alerts/urn:oid:2.49.0.1.840.0.37ba0c8a9f92135c18789a21b06efcee2cd35d0e.013.1</value>
    </Data>
   </ExtendedData>
   <Point>
    <coordinates>-106.248482,34.840515,0</coordinates>
   </Point>
  </Placemark>
  <Placemark>
   <name>Small Craft Advisory issued October 10 at 4:36AM AKDT until October 11 at 5:00PM AKDT by NWS Anchorage AK</name>
   <styleUrl>#sev_minor</styleUrl>
   <Style>
    <BalloonStyle />
   </Style>
   <Snippet>Coastal Waters Forecast for Southwest Alaska+Bristol Bay+The
Alaska Peninsula Waters and the Aleutian Islands up to 100 nm out.

Wind forecasts reflect the predominant speed and direction
expected. Sea forecasts represent an average of the highest
one-third of the combined wind wave and swell height.

.TODAY...SW wind 30 kt. Seas 13 ft. Rain showers.
.TONIGHT...W wind 25 kt. Seas 12 ft. Rain showers.
.SUN...W wind 25 kt. Seas 9 ft. Rain showers.
.SUN NIGHT...W wind 25 kt. Seas 9 ft.
.MON...W wind 25 kt. Seas 9 ft.
.TUE THROUGH WED...NW wind 25 kt. Seas 12 ft.</Snippet>
   <ExtendedData>
    <Data name="ext_event">
     <value>Small Craft Advisory</value>
    </Data>
    <Data name="ext_severity">
     <value>Minor</value>
    </Data>
    <Data name="ext_urgency">
     <value>Expected</value>
    </Data>
    <Data name="ext_certainty">
     <value>Likely</value>
    </Data>
    <Data name="ext_effective">
     <value>2026-10-10T04:36:00-08:00</value>
    </Data>
    <Data name="ext_expires">
     <value>2026-10-10T17:15:00-08:00</value>
    </Data>
    <Data name="ext_areaDesc">
     <value>Seguam to Adak Bering Side from 15 to 85 NM</value>
    </Data>
    <Data name="ext_description">
     <value />
    </Data>
    <Data name="ext_instruction">
     <value />
    </Data>
    <Data name="ext_id">
     <value>https://api.weather.gov/alerts/urn:oid:2.49.0.1.840.0.37ba0c8a9f92135c18789a21b06efcee2cd35d0e.023.1</value>
    </Data>
   </ExtendedData>
   <Point>
    <coordinates>-106.248482,34.840515,0</coordinates>
   </Point>
  </Placemark>
  <Placemark>
   <name>Small Craft Advisory issued October 10 at 4:36AM AKDT until October 11 at 5:00PM AKDT by NWS Anchorage AK</name>
   <styleUrl>#sev_minor</styleUrl>
   <Style>
    <BalloonStyle />
   </Style>
   <Snippet>Coastal Waters Forecast for Southwest Alaska+Bristol Bay+The
Alaska Peninsula Waters and the Aleutian Islands up to 100 nm out.

Wind forecasts reflect the predominant speed and direction
expected. Sea forecasts represent an average of the highest
one-third of the combined wind wave and swell height.

.TODAY...S wind 25 kt. Seas 9 ft. Rain.
.TONIGHT...SW wind 25 kt. Seas 8 ft.
.SUN...SW wind 25 kt. Seas 7 ft.
.SUN NIGHT...SW wind 20 kt. Seas 6 ft.
.MON THROUGH TUE...SW wind 15 kt. Seas 4 ft.
.WED...E wind 30 kt. Seas 17 ft.</Snippet>
   <ExtendedData>
    <Data name="ext_event">
     <value>Small Craft Advisory</value>
    </Data>
    <Data name="ext_severity">
     <value>Minor</value>
    </Data>
    <Data name="ext_urgency">
     <value>Expected</value>
    </Data>
    <Data name="ext_certainty">
     <value>Likely</value>
    </Data>
    <Data name="ext_effective">
     <value>2026-10-10T04:36:00-08:00</value>
    </Data>
    <Data name="ext_expires">
     <value>2026-10-10T17:15:00-08:00</value>
    </Data>
    <Data name="ext_areaDesc">
     <value>Sitkinak to Castle Cape out to 15 NM</value>
    </Data>
    <Data name="ext_description">
     <value />
    </Data>
    <Data name="ext_instruction">
     <value />
    </Data>
    <Data name="ext_id">
     <value>https://api.weather.gov/alerts/urn:oid:2.49.0.1.840.0.37ba0c8a9f92135c18789a21b06efcee2cd35d0e.002.1</value>
    </Data>
   </ExtendedData>
   <Point>
    <coordinates>-106.248482,34.840515,0</coordinates>
   </Point>
  </Placemark>
  <Placemark>
   <name>Small Craft Advisory issued October 10 at 4:36AM AKDT until October 11 at 5:00PM AKDT by NWS Anchorage AK</name>
   <styleUrl>#sev_minor</styleUrl>
   <Style>
    <BalloonStyle />
   </Style>
   <Snippet>Coastal Waters Forecast for Southwest Alaska+Bristol Bay+The
Alaska Peninsula Waters and the Aleutian Islands up to 100 nm out.

Wind forecasts reflect the predominant speed and direction
expected. Sea forecasts represent an average of the highest
one-third of the combined wind wave and swell height.

.TODAY...SW wind 25 kt. Seas 13 ft.
.TONIGHT...SW wind 25 kt. Seas 13 ft. Rain showers.
.SUN...SW wind 25 kt. Seas 11 ft.
.SUN NIGHT...SW wind 25 kt. Seas 10 ft.
.MON...W wind 25 kt. Seas 9 ft.
.TUE...E wind 20 kt. Seas 8 ft.
.WED...N wind 35 kt. Seas 15 ft.</Snippet>
   <ExtendedData>
    <Data name="ext_event">
     <value>Small Craft Advisory</value>
    </Data>
    <Data name="ext_severity">
     <value>Minor</value>
    </Data>
    <Data name="ext_urgency">
     <value>Expected</value>
    </Data>
    <Data name="ext_certainty">
     <value>Likely</value>
    </Data>
    <Data name="ext_effective">
     <value>2026-10-10T04:36:00-08:00</value>
    </Data>
    <Data name="ext_expires">
     <value>2026-10-10T17:15:00-08:00</value>
    </Data>
    <Data name="ext_areaDesc">
     <value>Cape Tolstoi to Unalga Pass from 15 to 100 NM</value>
    </Data>
    <Data name="ext_description">
     <value />
    </Data>
    <Data name="ext_instruction">
     <value />
    </Data>
    <Data name="ext_id">
     <value>https://api.weather.gov/alerts/urn:oid:2.49.0.1.840.0.37ba0c8a9f92135c18789a21b06efcee2cd35d0e.007.1</value>
    </Data>
   </ExtendedData>
   <Point>
    <coordinates>-106.248482,34.840515,0</coordinates>
   </Point>
  </Placemark>
  <Placemark>
   <name>Small Craft Advisory issued October 10 at 4:36AM AKDT until October 11 at 5:00PM AKDT by NWS Anchorage AK</name>
   <styleUrl>#sev_minor</styleUrl>
   <Style>
    <BalloonStyle />
   </Style>
   <Snippet>Coastal Waters Forecast for Southwest Alaska+Bristol Bay+The
Alaska Peninsula Waters and the Aleutian Islands up to 100 nm out.

Wind forecasts reflect the predominant speed and direction
expected. Sea forecasts represent an average of the highest
one-third of the combined wind wave and swell height.

.TODAY...S wind 25 kt. Seas 9 ft.
.TONIGHT...SW wind 25 kt. Seas 8 ft.
.SUN...SW wind 20 kt. Seas 8 ft.
.SUN NIGHT...SW wind 20 kt. Seas 7 ft.
.MON...SW wind 20 kt. Seas 6 ft.
.TUE...SW wind 15 kt. Seas 6 ft.
.WED...N wind 40 kt. Seas 15 ft.</Snippet>
   <ExtendedData>
    <Data name="ext_event">
     <value>Small Craft Advisory</value>
    </Data>
    <Data name="ext_severity">
     <value>Minor</value>
    </Data>
    <Data name="ext_urgency">
     <value>Expected</value>
    </Data>
    <Data name="ext_certainty">
     <value>Likely</value>
    </Data>
    <Data name="ext_effective">
     <value>2026-10-10T04:36:00-08:00</value>
    </Data>
    <Data name="ext_expires">
     <value>2026-10-10T17:15:00-08:00</value>
    </Data>
    <Data name="ext_areaDesc">
     <value>Nelson Lagoon to Cape Sarichef out to 15 NM</value>
    </Data>
    <Data name="ext_description">
     <value />
    </Data>
    <Data name="ext_instruction">
     <value />
    </Data>
    <Data name="ext_id">
     <value>https://api.weather.gov/alerts/urn:oid:2.49.0.1.840.0.37ba0c8a9f92135c18789a21b06efcee2cd35d0e.010.1</value>
    </Data>
   </ExtendedData>
   <Point>
    <coordinates>-106.248482,34.840515,0</coordinates>
   </Point>
  </Placemark>
  <Placemark>
   <name>Small Craft Advisory issued October 10 at 4:36AM AKDT until October 11 at 5:00AM AKDT by NWS Anchorage AK</name>
   <styleUrl>#sev_minor</styleUrl>
   <Style>
    <BalloonStyle />
   </Style>
   <Snippet>Coastal Waters Forecast for Southwest Alaska+Bristol Bay+The
Alaska Peninsula Waters and the Aleutian Islands up to 100 nm out.

Wind forecasts reflect the predominant speed and direction
expected. Sea forecasts represent an average of the highest
one-third of the combined wind wave and swell height.

.TODAY...S wind 20 kt. Seas 6 ft.
.TONIGHT...SW wind 25 kt. Seas 7 ft. Rain showers.
.SUN...SW wind 20 kt. Seas 6 ft.
.SUN NIGHT...SW wind 20 kt. Seas 6 ft.
.MON...SW wind 20 kt. Seas 5 ft.
.TUE...S wind 15 kt. Seas 5 ft.
.WED...NE wind 35 kt. Seas 9 ft.</Snippet>
   <ExtendedData>
    <Data name="ext_event">
     <value>Small Craft Advisory</value>
    </Data>
    <Data name="ext_severity">
     <value>Minor</value>
    </Data>
    <Data name="ext_urgency">
     <value>Expected</value>
    </Data>
    <Data name="ext_certainty">
     <value>Likely</value>
    </Data>
    <Data name="ext_effective">
     <value>2026-10-10T04:36:00-08:00</value>
    </Data>
    <Data name="ext_expires">
     <value>2026-10-10T17:15:00-08:00</value>
    </Data>
    <Data name="ext_areaDesc">
     <value>Port Heiden to Nelson Lagoon out to 15 NM</value>
    </Data>
    <Data name="ext_description">
     <value />
    </Data>
    <Data name="ext_instruction">
     <value />
    </Data>
    <Data name="ext_id">
     <value>https://api.weather.gov/alerts/urn:oid:2.49.0.1.840.0.37ba0c8a9f92135c18789a21b06efcee2cd35d0e.008.1</value>
    </Data>
   </ExtendedData>
   <Point>
    <coordinates>-106.248482,34.840515,0</coordinates>
   </Point>
  </Placemark>
  <Placemark>
   <name>Small Craft Advisory issued October 10 at 4:36AM AKDT until October 11 at 5:00PM AKDT by NWS Anchorage AK</name>
   <styleUrl>#sev_minor</styleUrl>
   <Style>
    <BalloonStyle />
   </Style>
   <Snippet>Coastal Waters Forecast for Southwest Alaska+Bristol Bay+The
Alaska Peninsula Waters and the Aleutian Islands up to 100 nm out.

Wind forecasts reflect the predominant speed and direction
expected. Sea forecasts represent an average of the highest
one-third of the combined wind wave and swell height.

.TODAY...SW wind 30 kt. Seas 14 ft. Rain showers.
.TONIGHT...SW wind 25 kt. Seas 12 ft. Rain showers.
.SUN...SW wind 25 kt. Seas 10 ft. Rain showers.
.SUN NIGHT...W wind 25 kt. Seas 10 ft.
.MON...W wind 25 kt. Seas 9 ft.
.TUE THROUGH WED...NW wind 25 kt. Seas 12 ft.</Snippet>
   <ExtendedData>
    <Data name="ext_event">
     <value>Small Craft Advisory</value>
    </Data>
    <Data name="ext_severity">
     <value>Minor</value>
    </Data>
    <Data name="ext_urgency">
     <value>Expected</value>
    </Data>
    <Data name="ext_certainty">
     <value>Likely</value>
    </Data>
    <Data name="ext_effective">
     <value>2026-10-10T04:36:00-08:00</value>
    </Data>
    <Data name="ext_expires">
     <value>2026-10-10T17:15:00-08:00</value>
    </Data>
    <Data name="ext_areaDesc">
     <value>Nikolski to Seguam Bering Side from 15 to 85 NM</value>
    </Data>
    <Data name="ext_description">
     <value />
    </Data>
    <Data name="ext_instruction">
     <value />
    </Data>
    <Data name="ext_id">
     <value>https://api.weather.gov/alerts/urn:oid:2.49.0.1.840.0.37ba0c8a9f92135c18789a21b06efcee2cd35d0e.019.1</value>
    </Data>
   </ExtendedData>
   <Point>
    <coordinates>-106.248482,34.840515,0</coordinates>
   </Point>
  </Placemark>
  <Placemark>
   <name>Small Craft Advisory issued October 10 at 4:36AM AKDT until October 11 at 5:00PM AKDT by NWS Anchorage AK</name>
   <styleUrl>#sev_minor</styleUrl>
   <Style>
    <BalloonStyle />
   </Style>
   <Snippet>Coastal Waters Forecast for Southwest Alaska+Bristol Bay+The
Alaska Peninsula Waters and the Aleutian Islands up to 100 nm out.

Wind forecasts reflect the predominant speed and direction
expected. Sea forecasts represent an average of the highest
one-third of the combined wind wave and swell height.

.TODAY...SW wind 30 kt. Seas 15 ft.
.TONIGHT...SW wind 25 kt. Seas 14 ft.
.SUN...W wind 25 kt. Seas 13 ft.
.SUN NIGHT...W wind 25 kt. Seas 12 ft.
.MON...W wind 25 kt. Seas 10 ft.
.TUE...NW wind 25 kt. Seas 8 ft.
.WED...NW wind 30 kt. Seas 12 ft.</Snippet>
   <ExtendedData>
    <Data name="ext_event">
     <value>Small Craft Advisory</value>
    </Data>
    <Data name="ext_severity">
     <value>Minor</value>
    </Data>
    <Data name="ext_urgency">
     <value>Expected</value>
    </Data>
    <Data name="ext_certainty">
     <value>Likely</value>
    </Data>
    <Data name="ext_effective">
     <value>2026-10-10T04:36:00-08:00</value>
    </Data>
    <Data name="ext_expires">
     <value>2026-10-10T17:15:00-08:00</value>
    </Data>
    <Data name="ext_areaDesc">
     <value>Nikolski to Seguam Pacific Side from 15 to 75 NM</value>
    </Data>
    <Data name="ext_description">
     <value />
    </Data>
    <Data name="ext_instruction">
     <value />
    </Data>
    <Data name="ext_id">
     <value>https://api.weather.gov/alerts/urn:oid:2.49.0.1.840.0.37ba0c8a9f92135c18789a21b06efcee2cd35d0e.021.1</value>
    </Data>
   </ExtendedData>
   <Point>
    <coordinates>-106.248482,34.840515,0</coordinates>
   </Point>
  </Placemark>
  <Placemark>
   <name>Small Craft Advisory issued October 10 at 4:36AM AKDT until October 11 at 5:00PM AKDT by NWS Anchorage AK</name>
   <styleUrl>#sev_minor</styleUrl>
   <Style>
    <BalloonStyle />
   </Style>
   <Snippet>Coastal Waters Forecast for Southwest Alaska+Bristol Bay+The
Alaska Peninsula Waters and the Aleutian Islands up to 100 nm out.

Wind forecasts reflect the predominant speed and direction
expected. Sea forecasts represent an average of the highest
one-third of the combined wind wave and swell height.

.TODAY...SW wind 30 kt. Seas 11 ft.
.TONIGHT...SW wind 25 kt. Seas 10 ft.
.SUN...SW wind 20 kt. Seas 9 ft.
.SUN NIGHT...W wind 25 kt. Seas 8 ft.
.MON...W wind 25 kt. Seas 8 ft.
.TUE...NW wind 30 kt. Seas 9 ft.
.WED...NW wind 30 kt. Seas 13 ft.</Snippet>
   <ExtendedData>
    <Data name="ext_event">
     <value>Small Craft Advisory</value>
    </Data>
    <Data name="ext_severity">
     <value>Minor</value>
    </Data>
    <Data name="ext_urgency">
     <value>Expected</value>
    </Data>
    <Data name="ext_certainty">
     <value>Likely</value>
    </Data>
    <Data name="ext_effective">
     <value>2026-10-10T04:36:00-08:00</value>
    </Data>
    <Data name="ext_expires">
     <value>2026-10-10T17:15:00-08:00</value>
    </Data>
    <Data name="ext_areaDesc">
     <value>Nikolski to Seguam Bering Side out to 15 NM</value>
    </Data>
    <Data name="ext_description">
     <value />
    </Data>
    <Data name="ext_instruction">
     <value />
    </Data>
    <Data name="ext_id">
     <value>https://api.weather.gov/alerts/urn:oid:2.49.0.1.840.0.37ba0c8a9f92135c18789a21b06efcee2cd35d0e.018.1</value>
    </Data>
   </ExtendedData>
   <Point>
    <coordinates>-106.248482,34.840515,0</coordinates>
   </Point>
  </Placemark>
  <Placemark>
   <name>Small Craft Advisory issued October 10 at 4:36AM AKDT until October 11 at 5:00PM AKDT by NWS Anchorage AK</name>
   <styleUrl>#sev_minor</styleUrl>
   <Style>
    <BalloonStyle />
   </Style>
   <Snippet>Coastal Waters Forecast for Southwest Alaska+Bristol Bay+The
Alaska Peninsula Waters and the Aleutian Islands up to 100 nm out.

Wind forecasts reflect the predominant speed and direction
expected. Sea forecasts represent an average of the highest
one-third of the combined wind wave and swell height.

.TODAY...SW wind 30 kt. Seas 13 ft.
.TONIGHT...SW wind 25 kt. Seas 13 ft.
.SUN...SW wind 25 kt. Seas 11 ft.
.SUN NIGHT...W wind 25 kt. Seas 10 ft.
.MON...W wind 25 kt. Seas 9 ft.
.TUE...NW wind 25 kt. Seas 6 ft.
.WED...NW wind 30 kt. Seas 11 ft.</Snippet>
   <ExtendedData>
    <Data name="ext_event">
     <value>Small Craft Advisory</value>
    </Data>
    <Data name="ext_severity">
     <value>Minor</value>
    </Data>
    <Data name="ext_urgency">
     <value>Expected</value>
    </Data>
    <Data name="ext_certainty">
     <value>Likely</value>
    </Data>
    <Data name="ext_effective">
     <value>2026-10-10T04:36:00-08:00</value>
    </Data>
    <Data name="ext_expires">
     <value>2026-10-10T17:15:00-08:00</value>
    </Data>
    <Data name="ext_areaDesc">
     <value>Unalga Pass to Nikolski Pacific Side from 15 to 85 NM</value>
    </Data>
    <Data name="ext_description">
     <value />
    </Data>
    <Data name="ext_instruction">
     <value />
    </Data>
    <Data name="ext_id">
     <value>https://api.weather.gov/alerts/urn:oid:2.49.0.1.840.0.37ba0c8a9f92135c18789a21b06efcee2cd35d0e.017.1</value>
    </Data>
   </ExtendedData>
   <Point>
    <coordinates>-106.248482,34.840515,0</coordinates>
   </Point>
  </Placemark>
  <Placemark>
   <name>Small Craft Advisory issued October 10 at 4:36AM AKDT until October 11 at 5:00PM AKDT by NWS Anchorage AK</name>
   <styleUrl>#sev_minor</styleUrl>
   <Style>
    <BalloonStyle />
   </Style>
   <Snippet>Coastal Waters Forecast for Southwest Alaska+Bristol Bay+The
Alaska Peninsula Waters and the Aleutian Islands up to 100 nm out.

Wind forecasts reflect the predominant speed and direction
expected. Sea forecasts represent an average of the highest
one-third of the combined wind wave and swell height.

.TODAY...S wind 20 kt. Seas 9 ft.
.TONIGHT...SW wind 25 kt. Seas 9 ft. Rain showers.
.SUN...SW wind 25 kt. Seas 8 ft. Rain showers.
.SUN NIGHT...SW wind 20 kt. Seas 8 ft.
.MON...SW wind 20 kt. Seas 6 ft.
.TUE...S wind 15 kt. Seas 4 ft.
.WED...NE wind 30 kt. Seas 11 ft.</Snippet>
   <ExtendedData>
    <Data name="ext_event">
     <value>Small Craft Advisory</value>
    </Data>
    <Data name="ext_severity">
     <value>Minor</value>
    </Data>
    <Data name="ext_urgency">
     <value>Expected</value>
    </Data>
    <Data name="ext_certainty">
     <value>Likely</value>
    </Data>
    <Data name="ext_effective">
     <value>2026-10-10T04:36:00-08:00</value>
    </Data>
    <Data name="ext_expires">
     <value>2026-10-10T17:15:00-08:00</value>
    </Data>
    <Data name="ext_areaDesc">
     <value>Port Heiden to Nelson Lagoon from 15 to 60 NM</value>
    </Data>
    <Data name="ext_description">
     <value />
    </Data>
    <Data name="ext_instruction">
     <value />
    </Data>
    <Data name="ext_id">
     <value>https://api.weather.gov/alerts/urn:oid:2.49.0.1.840.0.37ba0c8a9f92135c18789a21b06efcee2cd35d0e.009.1</value>
    </Data>
   </ExtendedData>
   <Point>
    <coordinates>-106.248482,34.840515,0</coordinates>
   </Point>
  </Placemark>
  <Placemark>
   <name>Small Craft Advisory issued October 10 at 4:36AM AKDT until October 11 at 5:00PM AKDT by NWS Anchorage AK</name>
   <styleUrl>#sev_minor</styleUrl>
   <Style>
    <BalloonStyle />
   </Style>
   <Snippet>Coastal Waters Forecast for Southwest Alaska+Bristol Bay+The
Alaska Peninsula Waters and the Aleutian Islands up to 100 nm out.

Wind forecasts reflect the predominant speed and direction
expected. Sea forecasts represent an average of the highest
one-third of the combined wind wave and swell height.

.TODAY...SW wind 25 kt. Seas 8 ft. Rain showers.
.TONIGHT...SW wind 25 kt. Seas 8 ft.
.SUN...SW wind 25 kt. Seas 8 ft.
.SUN NIGHT...SW wind 20 kt. Seas 7 ft.
.MON...W wind 20 kt. Seas 5 ft.
.TUE...E wind 15 kt. Seas 4 ft.
.WED...N wind 30 kt. Seas 6 ft.</Snippet>
   <ExtendedData>
    <Data name="ext_event">
     <value>Small Craft Advisory</value>
    </Data>
    <Data name="ext_severity">
     <value>Minor</value>
    </Data>
    <Data name="ext_urgency">
     <value>Expected</value>
    </Data>
    <Data name="ext_certainty">
     <value>Likely</value>
    </Data>
    <Data name="ext_effective">
     <value>2026-10-10T04:36:00-08:00</value>
    </Data>
    <Data name="ext_expires">
     <value>2026-10-10T17:15:00-08:00</value>
    </Data>
    <Data name="ext_areaDesc">
     <value>Cape Tolstoi to Cape Sarichef out to 15 NM</value>
    </Data>
    <Data name="ext_description">
     <value />
    </Data>
    <Data name="ext_instruction">
     <value />
    </Data>
    <Data name="ext_id">
     <value>https://api.weather.gov/alerts/urn:oid:2.49.0.1.840.0.37ba0c8a9f92135c18789a21b06efcee2cd35d0e.006.1</value>
    </Data>
   </ExtendedData>
   <Point>
    <coordinates>-106.248482,34.840515,0</coordinates>
   </Point>
  </Placemark>
  <Placemark>
   <name>Small Craft Advisory issued October 10 at 4:36AM AKDT until October 11 at 5:00PM AKDT by NWS Anchorage AK</name>
   <styleUrl>#sev_minor</styleUrl>
   <Style>
    <BalloonStyle />
   </Style>
   <Snippet>Coastal Waters Forecast for Southwest Alaska+Bristol Bay+The
Alaska Peninsula Waters and the Aleutian Islands up to 100 nm out.

Wind forecasts reflect the predominant speed and direction
expected. Sea forecasts represent an average of the highest
one-third of the combined wind wave and swell height.

.TODAY...SW wind 30 kt. Seas 12 ft.
.TONIGHT...SW wind 25 kt. Seas 11 ft.
.SUN...W wind 25 kt. Seas 11 ft.
.SUN NIGHT...W wind 25 kt. Seas 9 ft.
.MON...W wind 25 kt. Seas 9 ft.
.TUE...NW wind 25 kt. Seas 7 ft.
.WED...NW wind 30 kt. Seas 12 ft.</Snippet>
   <ExtendedData>
    <Data name="ext_event">
     <value>Small Craft Advisory</value>
    </Data>
    <Data name="ext_severity">
     <value>Minor</value>
    </Data>
    <Data name="ext_urgency">
     <value>Expected</value>
    </Data>
    <Data name="ext_certainty">
     <value>Likely</value>
    </Data>
    <Data name="ext_effective">
     <value>2026-10-10T04:36:00-08:00</value>
    </Data>
    <Data name="ext_expires">
     <value>2026-10-10T17:15:00-08:00</value>
    </Data>
    <Data name="ext_areaDesc">
     <value>Nikolski to Seguam Pacfic Side out to 15 NM</value>
    </Data>
    <Data name="ext_description">
     <value />
    </Data>
    <Data name="ext_instruction">
     <value />
    </Data>
    <Data name="ext_id">
     <value>https://api.weather.gov/alerts/urn:oid:2.49.0.1.840.0.37ba0c8a9f92135c18789a21b06efcee2cd35d0e.020.1</value>
    </Data>
   </ExtendedData>
   <Point>
    <coordinates>-106.248482,34.840515,0</coordinates>
   </Point>
  </Placemark>
  <Placemark>
   <name>Small Craft Advisory issued October 10 at 4:36AM AKDT until October 11 at 5:00PM AKDT by NWS Anchorage AK</name>
   <styleUrl>#sev_minor</styleUrl>
   <Style>
    <BalloonStyle />
   </Style>
   <Snippet>Coastal Waters Forecast for Southwest Alaska+Bristol Bay+The
Alaska Peninsula Waters and the Aleutian Islands up to 100 nm out.

Wind forecasts reflect the predominant speed and direction
expected. Sea forecasts represent an average of the highest
one-third of the combined wind wave and swell height.

.TODAY...SW wind 30 kt diminishing to 20 kt in the afternoon. Seas
13 ft. Rain.
.TONIGHT...SW wind 25 kt. Seas 11 ft.
.SUN...SW wind 25 kt. Seas 11 ft.
.SUN NIGHT...SW wind 25 kt. Seas 9 ft.
.MON...SW wind 20 kt. Seas 8 ft.
.TUE...S wind 25 kt. Seas 7 ft.
.WED...E wind 30 kt. Seas 19 ft.</Snippet>
   <ExtendedData>
    <Data name="ext_event">
     <value>Small Craft Advisory</value>
    </Data>
    <Data name="ext_severity">
     <value>Minor</value>
    </Data>
    <Data name="ext_urgency">
     <value>Expected</value>
    </Data>
    <Data name="ext_certainty">
     <value>Likely</value>
    </Data>
    <Data name="ext_effective">
     <value>2026-10-10T04:36:00-08:00</value>
    </Data>
    <Data name="ext_expires">
     <value>2026-10-10T17:15:00-08:00</value>
    </Data>
    <Data name="ext_areaDesc">
     <value>Sitkinak to Castle Cape from 15 to 100 NM</value>
    </Data>
    <Data name="ext_description">
     <value />
    </Data>
    <Data name="ext_instruction">
     <value />
    </Data>
    <Data name="ext_id">
     <value>https://api.weather.gov/alerts/urn:oid:2.49.0.1.840.0.37ba0c8a9f92135c18789a21b06efcee2cd35d0e.003.1</value>
    </Data>
   </ExtendedData>
   <Point>
    <coordinates>-106.248482,34.840515,0</coordinates>
   </Point>
  </Placemark>
  <Placemark>
   <name>Small Craft Advisory issued October 10 at 4:36AM AKDT until October 11 at 5:00PM AKDT by NWS Anchorage AK</name>
   <styleUrl>#sev_minor</styleUrl>
   <Style>
    <BalloonStyle />
   </Style>
   <Snippet>Coastal Waters Forecast for Southwest Alaska+Bristol Bay+The
Alaska Peninsula Waters and the Aleutian Islands up to 100 nm out.

Wind forecasts reflect the predominant speed and direction
expected. Sea forecasts represent an average of the highest
one-third of the combined wind wave and swell height.

.TODAY...SW wind 15 kt increasing to 25 kt in the afternoon. Seas
10 ft.
.TONIGHT...SW wind 25 kt. Seas 12 ft.
.SUN...SW wind 25 kt. Seas 11 ft.
.SUN NIGHT...SW wind 20 kt. Seas 9 ft.
.MON...W wind 20 kt. Seas 8 ft.
.TUE...S wind 20 kt. Seas 10 ft.
.WED...NE wind 30 kt. Seas 18 ft.</Snippet>
   <ExtendedData>
    <Data name="ext_event">
     <value>Small Craft Advisory</value>
    </Data>
    <Data name="ext_severity">
     <value>Minor</value>
    </Data>
    <Data name="ext_urgency">
     <value>Expected</value>
    </Data>
    <Data name="ext_certainty">
     <value>Likely</value>
    </Data>
    <Data name="ext_effective">
     <value>2026-10-10T04:36:00-08:00</value>
    </Data>
    <Data name="ext_expires">
     <value>2026-10-10T17:15:00-08:00</value>
    </Data>
    <Data name="ext_areaDesc">
     <value>Castle Cape to Cape Tolstoi from 15 to 100 NM</value>
    </Data>
    <Data name="ext_description">
     <value />
    </Data>
    <Data name="ext_instruction">
     <value />
    </Data>
    <Data name="ext_id">
     <value>https://api.weather.gov/alerts/urn:oid:2.49.0.1.840.0.37ba0c8a9f92135c18789a21b06efcee2cd35d0e.005.1</value>
    </Data>
   </ExtendedData>
   <Point>
    <coordinates>-106.248482,34.840515,0</coordinates>
   </Point>
  </Placemark>
  <Placemark>
   <name>Small Craft Advisory issued October 10 at 4:36AM AKDT until October 11 at 5:00PM AKDT by NWS Anchorage AK</name>
   <styleUrl>#sev_minor</styleUrl>
   <Style>
    <BalloonStyle />
   </Style>
   <Snippet>Coastal Waters Forecast for Southwest Alaska+Bristol Bay+The
Alaska Peninsula Waters and the Aleutian Islands up to 100 nm out.

Wind forecasts reflect the predominant speed and direction
expected. Sea forecasts represent an average of the highest
one-third of the combined wind wave and swell height.

.TODAY...SW wind 20 kt. Seas 6 ft. Rain showers.
.TONIGHT...SW wind 25 kt. Seas 7 ft.
.SUN...SW wind 25 kt. Seas 6 ft.
.SUN NIGHT...SW wind 15 kt. Seas 5 ft.
.MON...W wind 15 kt. Seas 3 ft.
.TUE...S wind 15 kt. Seas 6 ft.
.WED...NE wind 30 kt. Seas 15 ft.</Snippet>
   <ExtendedData>
    <Data name="ext_event">
     <value>Small Craft Advisory</value>
    </Data>
    <Data name="ext_severity">
     <value>Minor</value>
    </Data>
    <Data name="ext_urgency">
     <value>Expected</value>
    </Data>
    <Data name="ext_certainty">
     <value>Likely</value>
    </Data>
    <Data name="ext_effective">
     <value>2026-10-10T04:36:00-08:00</value>
    </Data>
    <Data name="ext_expires">
     <value>2026-10-10T17:15:00-08:00</value>
    </Data>
    <Data name="ext_areaDesc">
     <value>Castle Cape to Cape Tolstoi out to 15 NM</value>
    </Data>
    <Data name="ext_description">
     <value />
    </Data>
    <Data name="ext_instruction">
     <value />
    </Data>
    <Data name="ext_id">
     <value>https://api.weather.gov/alerts/urn:oid:2.49.0.1.840.0.37ba0c8a9f92135c18789a21b06efcee2cd35d0e.004.1</value>
    </Data>
   </ExtendedData>
   <Point>
    <coordinates>-106.248482,34.840515,0</coordinates>
   </Point>
  </Placemark>
  <Placemark>
   <name>Small Craft Advisory issued October 10 at 4:36AM AKDT until October 11 at 5:00PM AKDT by NWS Anchorage AK</name>
   <styleUrl>#sev_minor</styleUrl>
   <Style>
    <BalloonStyle />
   </Style>
   <Snippet>Coastal Waters Forecast for Southwest Alaska+Bristol Bay+The
Alaska Peninsula Waters and the Aleutian Islands up to 100 nm out.

Wind forecasts reflect the predominant speed and direction
expected. Sea forecasts represent an average of the highest
one-third of the combined wind wave and swell height.

.TODAY...S wind 30 kt. Seas 14 ft.
.TONIGHT...SW wind 30 kt. Seas 12 ft. Rain showers.
.SUN...SW wind 25 kt. Seas 10 ft. Rain showers.
.SUN NIGHT...SW wind 25 kt. Seas 10 ft.
.MON...W wind 20 kt. Seas 7 ft.
.TUE...W wind 15 kt. Seas 7 ft.
.WED...N wind 35 kt. Seas 15 ft.</Snippet>
   <ExtendedData>
    <Data name="ext_event">
     <value>Small Craft Advisory</value>
    </Data>
    <Data name="ext_severity">
     <value>Minor</value>
    </Data>
    <Data name="ext_urgency">
     <value>Expected</value>
    </Data>
    <Data name="ext_certainty">
     <value>Likely</value>
    </Data>
    <Data name="ext_effective">
     <value>2026-10-10T04:36:00-08:00</value>
    </Data>
    <Data name="ext_expires">
     <value>2026-10-10T17:15:00-08:00</value>
    </Data>
    <Data name="ext_areaDesc">
     <value>Nelson Lagoon to Unalga Pass from 15 to 70 NM</value>
    </Data>
    <Data name="ext_description">
     <value />
    </Data>
    <Data name="ext_instruction">
     <value />
    </Data>
    <Data name="ext_id">
     <value>https://api.weather.gov/alerts/urn:oid:2.49.0.1.840.0.37ba0c8a9f92135c18789a21b06efcee2cd35d0e.011.1</value>
    </Data>
   </ExtendedData>
   <Point>
    <coordinates>-106.248482,34.840515,0</coordinates>
   </Point>
  </Placemark>
  <Placemark>
   <name>Small Craft Advisory issued October 10 at 4:36AM AKDT until October 11 at 5:00PM AKDT by NWS Anchorage AK</name>
   <styleUrl>#sev_minor</styleUrl>
   <Style>
    <BalloonStyle />
   </Style>
   <Snippet>Coastal Waters Forecast for Southwest Alaska+Bristol Bay+The
Alaska Peninsula Waters and the Aleutian Islands up to 100 nm out.

Wind forecasts reflect the predominant speed and direction
expected. Sea forecasts represent an average of the highest
one-third of the combined wind wave and swell height.

.TODAY...SW wind 30 kt. Seas 13 ft.
.TONIGHT...W wind 25 kt. Seas 13 ft.
.SUN...W wind 25 kt. Seas 11 ft.
.SUN NIGHT...W wind 25 kt. Seas 9 ft.
.MON...W wind 25 kt. Seas 8 ft.
.TUE THROUGH WED...NW wind 25 kt. Seas 7 ft.</Snippet>
   <ExtendedData>
    <Data name="ext_event">
     <value>Small Craft Advisory</value>
    </Data>
    <Data name="ext_severity">
     <value>Minor</value>
    </Data>
    <Data name="ext_urgency">
     <value>Expected</value>
    </Data>
    <Data name="ext_certainty">
     <value>Likely</value>
    </Data>
    <Data name="ext_effective">
     <value>2026-10-10T04:36:00-08:00</value>
    </Data>
    <Data name="ext_expires">
     <value>2026-10-10T17:15:00-08:00</value>
    </Data>
    <Data name="ext_areaDesc">
     <value>Seguam to Adak Pacific Side out to 15 NM</value>
    </Data>
    <Data name="ext_description">
     <value />
    </Data>
    <Data name="ext_instruction">
     <value />
    </Data>
    <Data name="ext_id">
     <value>https://api.weather.gov/alerts/urn:oid:2.49.0.1.840.0.37ba0c8a9f92135c18789a21b06efcee2cd35d0e.024.1</value>
    </Data>
   </ExtendedData>
   <Point>
    <coordinates>-106.248482,34.840515,0</coordinates>
   </Point>
  </Placemark>
  <Placemark>
   <name>Small Craft Advisory issued October 10 at 4:36AM AKDT until October 11 at 5:00PM AKDT by NWS Anchorage AK</name>
   <styleUrl>#sev_minor</styleUrl>
   <Style>
    <BalloonStyle />
   </Style>
   <Snippet>Coastal Waters Forecast for Southwest Alaska+Bristol Bay+The
Alaska Peninsula Waters and the Aleutian Islands up to 100 nm out.

Wind forecasts reflect the predominant speed and direction
expected. Sea forecasts represent an average of the highest
one-third of the combined wind wave and swell height.

.TODAY...SW wind 30 kt. Seas 9 ft.
.TONIGHT...W wind 25 kt. Seas 9 ft.
.SUN...W wind 25 kt. Seas 8 ft. Rain showers.
.SUN NIGHT...W wind 25 kt. Seas 8 ft.
.MON...W wind 25 kt. Seas 8 ft.
.TUE THROUGH WED...NW wind 30 kt. Seas 12 ft.</Snippet>
   <ExtendedData>
    <Data name="ext_event">
     <value>Small Craft Advisory</value>
    </Data>
    <Data name="ext_severity">
     <value>Minor</value>
    </Data>
    <Data name="ext_urgency">
     <value>Expected</value>
    </Data>
    <Data name="ext_certainty">
     <value>Likely</value>
    </Data>
    <Data name="ext_effective">
     <value>2026-10-10T04:36:00-08:00</value>
    </Data>
    <Data name="ext_expires">
     <value>2026-10-10T17:15:00-08:00</value>
    </Data>
    <Data name="ext_areaDesc">
     <value>Seguam to Adak Bering Side out to 15 NM</value>
    </Data>
    <Data name="ext_description">
     <value />
    </Data>
    <Data name="ext_instruction">
     <value />
    </Data>
    <Data name="ext_id">
     <value>https://api.weather.gov/alerts/urn:oid:2.49.0.1.840.0.37ba0c8a9f92135c18789a21b06efcee2cd35d0e.022.1</value>
    </Data>
   </ExtendedData>
   <Point>
    <coordinates>-106.248482,34.840515,0</coordinates>
   </Point>
  </Placemark>
  <Placemark>
   <name>Small Craft Advisory issued October 10 at 4:36AM AKDT until October 11 at 5:00PM AKDT by NWS Anchorage AK</name>
   <styleUrl>#sev_minor</styleUrl>
   <Style>
    <BalloonStyle />
   </Style>
   <Snippet>Coastal Waters Forecast for Southwest Alaska+Bristol Bay+The
Alaska Peninsula Waters and the Aleutian Islands up to 100 nm out.

Wind forecasts reflect the predominant speed and direction
expected. Sea forecasts represent an average of the highest
one-third of the combined wind wave and swell height.

.TODAY...SW wind 30 kt. Seas 10 ft.
.TONIGHT...SW wind 25 kt. Seas 10 ft.
.SUN...SW wind 25 kt. Seas 10 ft.
.SUN NIGHT...W wind 25 kt. Seas 8 ft.
.MON...W wind 25 kt. Seas 6 ft.
.TUE...NW wind 25 kt. Seas 5 ft.
.WED...NW wind 35 kt. Seas 7 ft.</Snippet>
   <ExtendedData>
    <Data name="ext_event">
     <value>Small Craft Advisory</value>
    </Data>
    <Data name="ext_severity">
     <value>Minor</value>
    </Data>
    <Data name="ext_urgency">
     <value>Expected</value>
    </Data>
    <Data name="ext_certainty">
     <value>Likely</value>
    </Data>
    <Data name="ext_effective">
     <value>2026-10-10T04:36:00-08:00</value>
    </Data>
    <Data name="ext_expires">
     <value>2026-10-10T17:15:00-08:00</value>
    </Data>
    <Data name="ext_areaDesc">
     <value>Unalga Pass to Nikolski Pacific Side out to 15 NM</value>
    </Data>
    <Data name="ext_description">
     <value />
    </Data>
    <Data name="ext_instruction">
     <value />
    </Data>
    <Data name="ext_id">
     <value>https://api.weather.gov/alerts/urn:oid:2.49.0.1.840.0.37ba0c8a9f92135c18789a21b06efcee2cd35d0e.016.1</value>
    </Data>
   </ExtendedData>
   <Point>
    <coordinates>-106.248482,34.840515,0</coordinates>
   </Point>
  </Placemark>
  <Placemark>
   <name>Small Craft Advisory issued October 10 at 4:36AM AKDT until October 11 at 5:00PM AKDT by NWS Anchorage AK</name>
   <styleUrl>#sev_minor</styleUrl>
   <Style>
    <BalloonStyle />
   </Style>
   <Snippet>Coastal Waters Forecast for Southwest Alaska+Bristol Bay+The
Alaska Peninsula Waters and the Aleutian Islands up to 100 nm out.

Wind forecasts reflect the predominant speed and direction
expected. Sea forecasts represent an average of the highest
one-third of the combined wind wave and swell height.

.TODAY...SW wind 30 kt. Seas 15 ft.
.TONIGHT...SW wind 30 kt. Seas 12 ft. Rain showers.
.SUN...SW wind 25 kt. Seas 11 ft. Rain showers.
.SUN NIGHT...W wind 25 kt. Seas 9 ft.
.MON...W wind 25 kt. Seas 8 ft.
.TUE...NW wind 25 kt. Seas 7 ft.
.WED...N wind 30 kt. Seas 13 ft.</Snippet>
   <ExtendedData>
    <Data name="ext_event">
     <value>Small Craft Advisory</value>
    </Data>
    <Data name="ext_severity">
     <value>Minor</value>
    </Data>
    <Data name="ext_urgency">
     <value>Expected</value>
    </Data>
    <Data name="ext_certainty">
     <value>Likely</value>
    </Data>
    <Data name="ext_effective">
     <value>2026-10-10T04:36:00-08:00</value>
    </Data>
    <Data name="ext_expires">
     <value>2026-10-10T17:15:00-08:00</value>
    </Data>
    <Data name="ext_areaDesc">
     <value>Unalga Pass to Nikolski Bering Side from 15 to 85 NM</value>
    </Data>
    <Data name="ext_description">
     <value />
    </Data>
    <Data name="ext_instruction">
     <value />
    </Data>
    <Data name="ext_id">
     <value>https://api.weather.gov/alerts/urn:oid:2.49.0.1.840.0.37ba0c8a9f92135c18789a21b06efcee2cd35d0e.014.1</value>
    </Data>
   </ExtendedData>
   <Point>
    <coordinates>-106.248482,34.840515,0</coordinates>
   </Point>
  </Placemark>
  <Placemark>
   <name>Small Craft Advisory issued October 10 at 4:36AM AKDT until October 11 at 5:00PM AKDT by NWS Anchorage AK</name>
   <styleUrl>#sev_minor</styleUrl>
   <Style>
    <BalloonStyle />
   </Style>
   <Snippet>Coastal Waters Forecast for Southwest Alaska+Bristol Bay+The
Alaska Peninsula Waters and the Aleutian Islands up to 100 nm out.

Wind forecasts reflect the predominant speed and direction
expected. Sea forecasts represent an average of the highest
one-third of the combined wind wave and swell height.

.TODAY...S wind 30 kt. Seas 12 ft.
.TONIGHT...S wind 25 kt. Seas 11 ft.
.SUN...SW wind 25 kt. Seas 9 ft.
.SUN NIGHT...SW wind 25 kt. Seas 9 ft.
.MON...SW wind 15 kt. Seas 6 ft.
.TUE...SW wind 10 kt. Seas 4 ft.
.WED...NE wind 30 kt. Seas 11 ft.</Snippet>
   <ExtendedData>
    <Data name="ext_event">
     <value>Small Craft Advisory</value>
    </Data>
    <Data name="ext_severity">
     <value>Minor</value>
    </Data>
    <Data name="ext_urgency">
     <value>Expected</value>
    </Data>
    <Data name="ext_certainty">
     <value>Likely</value>
    </Data>
    <Data name="ext_effective">
     <value>2026-10-10T04:36:00-08:00</value>
    </Data>
    <Data name="ext_expires">
     <value>2026-10-10T17:15:00-08:00</value>
    </Data>
    <Data name="ext_areaDesc">
     <value>Kuskokwim Delta from 15 to 80 NM</value>
    </Data>
    <Data name="ext_description">
     <value />
    </Data>
    <Data name="ext_instruction">
     <value />
    </Data>
    <Data name="ext_id">
     <value>https://api.weather.gov/alerts/urn:oid:2.49.0.1.840.0.37ba0c8a9f92135c18789a21b06efcee2cd35d0e.035.1</value>
    </Data>
   </ExtendedData>
   <Point>
    <coordinates>-106.248482,34.840515,0</coordinates>
   </Point>
  </Placemark>
  <Placemark>
   <name>Small Craft Advisory issued October 10 at 4:36AM AKDT until October 11 at 5:00AM AKDT by NWS Anchorage AK</name>
   <styleUrl>#sev_minor</styleUrl>
   <Style>
    <BalloonStyle />
   </Style>
   <Snippet>Coastal Waters Forecast for Southwest Alaska+Bristol Bay+The
Alaska Peninsula Waters and the Aleutian Islands up to 100 nm out.

Wind forecasts reflect the predominant speed and direction
expected. Sea forecasts represent an average of the highest
one-third of the combined wind wave and swell height.

.TODAY...S wind 15 kt diminishing to 10 kt in the afternoon. Seas
4 ft. Rain showers.
.TONIGHT...S wind 15 kt becoming SW 25 kt after midnight. Seas 5
ft. Rain showers.
.SUN...SW wind 20 kt. Seas 5 ft. Rain showers.
.SUN NIGHT...SW wind 20 kt. Seas 5 ft.
.MON THROUGH TUE...S wind 15 kt. Seas 4 ft.
.WED...E wind 30 kt. Seas 7 ft.</Snippet>
   <ExtendedData>
    <Data name="ext_event">
     <value>Small Craft Advisory</value>
    </Data>
    <Data name="ext_severity">
     <value>Minor</value>
    </Data>
    <Data name="ext_urgency">
     <value>Expected</value>
    </Data>
    <Data name="ext_certainty">
     <value>Likely</value>
    </Data>
    <Data name="ext_effective">
     <value>2026-10-10T04:36:00-08:00</value>
    </Data>
    <Data name="ext_expires">
     <value>2026-10-10T17:15:00-08:00</value>
    </Data>
    <Data name="ext_areaDesc">
     <value>Bristol Bay from Port Heiden to Cape Chichagof out to 15 NM</value>
    </Data>
    <Data name="ext_description">
     <value />
    </Data>
    <Data name="ext_instruction">
     <value />
    </Data>
    <Data name="ext_id">
     <value>https://api.weather.gov/alerts/urn:oid:2.49.0.1.840.0.37ba0c8a9f92135c18789a21b06efcee2cd35d0e.032.1</value>
    </Data>
   </ExtendedData>
   <Point>
    <coordinates>-106.248482,34.840515,0</coordinates>
   </Point>
  </Placemark>
  <Placemark>
   <name>Small Craft Advisory issued October 10 at 4:36AM AKDT until October 11 at 5:00PM AKDT by NWS Anchorage AK</name>
   <styleUrl>#sev_minor</styleUrl>
   <Style>
    <BalloonStyle />
   </Style>
   <Snippet>Coastal Waters Forecast for Southwest Alaska+Bristol Bay+The
Alaska Peninsula Waters and the Aleutian Islands up to 100 nm out.

Wind forecasts reflect the predominant speed and direction
expected. Sea forecasts represent an average of the highest
one-third of the combined wind wave and swell height.

.TODAY...S wind 30 kt. Seas 7 ft. Rain showers.
.TONIGHT...S wind 30 kt. Seas 6 ft. Rain showers.
.SUN...SW wind 25 kt. Seas 6 ft.
.SUN NIGHT...SW wind 25 kt. Seas 5 ft.
.MON...SW wind 15 kt. Seas 4 ft.
.TUE...S wind 10 kt. Seas 3 ft.
.WED...NE wind 30 kt. Seas 8 ft.</Snippet>
   <ExtendedData>
    <Data name="ext_event">
     <value>Small Craft Advisory</value>
    </Data>
    <Data name="ext_severity">
     <value>Minor</value>
    </Data>
    <Data name="ext_urgency">
     <value>Expected</value>
    </Data>
    <Data name="ext_certainty">
     <value>Likely</value>
    </Data>
    <Data name="ext_effective">
     <value>2026-10-10T04:36:00-08:00</value>
    </Data>
    <Data name="ext_expires">
     <value>2026-10-10T17:15:00-08:00</value>
    </Data>
    <Data name="ext_areaDesc">
     <value>Kuskokwim Delta and Etolin Strait out to 15 NM</value>
    </Data>
    <Data name="ext_description">
     <value />
    </Data>
    <Data name="ext_instruction">
     <value />
    </Data>
    <Data name="ext_id">
     <value>https://api.weather.gov/alerts/urn:oid:2.49.0.1.840.0.37ba0c8a9f92135c18789a21b06efcee2cd35d0e.034.1</value>
    </Data>
   </ExtendedData>
   <Point>
    <coordinates>-106.248482,34.840515,0</coordinates>
   </Point>
  </Placemark>
  <Placemark>
   <name>Small Craft Advisory issued October 10 at 4:36AM AKDT until October 11 at 5:00AM AKDT by NWS Anchorage AK</name>
   <styleUrl>#sev_minor</styleUrl>
   <Style>
    <BalloonStyle />
   </Style>
   <Snippet>Coastal Waters Forecast for Southwest Alaska+Bristol Bay+The
Alaska Peninsula Waters and the Aleutian Islands up to 100 nm out.

Wind forecasts reflect the predominant speed and direction
expected. Sea forecasts represent an average of the highest
one-third of the combined wind wave and swell height.

.TODAY...S wind 20 kt. Seas 6 ft.
.TONIGHT...SW wind 25 kt. Seas 7 ft. Rain showers.
.SUN...SW wind 20 kt. Seas 7 ft. Rain showers.
.SUN NIGHT...SW wind 20 kt. Seas 7 ft.
.MON...SW wind 20 kt. Seas 6 ft.
.TUE...S wind 15 kt. Seas 3 ft.
.WED...E wind 30 kt. Seas 11 ft.</Snippet>
   <ExtendedData>
    <Data name="ext_event">
     <value>Small Craft Advisory</value>
    </Data>
    <Data name="ext_severity">
     <value>Minor</value>
    </Data>
    <Data name="ext_urgency">
     <value>Expected</value>
    </Data>
    <Data name="ext_certainty">
     <value>Likely</value>
    </Data>
    <Data name="ext_effective">
     <value>2026-10-10T04:36:00-08:00</value>
    </Data>
    <Data name="ext_expires">
     <value>2026-10-10T17:15:00-08:00</value>
    </Data>
    <Data name="ext_areaDesc">
     <value>Bristol Bay greater than 15 NM</value>
    </Data>
    <Data name="ext_description">
     <value />
    </Data>
    <Data name="ext_instruction">
     <value />
    </Data>
    <Data name="ext_id">
     <value>https://api.weather.gov/alerts/urn:oid:2.49.0.1.840.0.37ba0c8a9f92135c18789a21b06efcee2cd35d0e.031.1</value>
    </Data>
   </ExtendedData>
   <Point>
    <coordinates>-106.248482,34.840515,0</coordinates>
   </Point>
  </Placemark>
  <Placemark>
   <name>Small Craft Advisory issued October 10 at 4:02AM AKDT until October 11 at 10:00PM AKDT by NWS Juneau AK</name>
   <styleUrl>#sev_minor</styleUrl>
   <Style>
    <BalloonStyle />
   </Style>
   <Snippet>* WHAT...South winds 25 to 30 kt with gusts to 40 kt and seas 9
to 14 ft expected.

* WHERE...Cape Fairweather to Icy Cape from 15 to 80 NM.

* WHEN...From 10 PM this evening to 10 PM AKDT Sunday.

* IMPACTS...Conditions will be hazardous to small craft.</Snippet>
   <ExtendedData>
    <Data name="ext_event">
     <value>Small Craft Advisory</value>
    </Data>
    <Data name="ext_severity">
     <value>Minor</value>
    </Data>
    <Data name="ext_urgency">
     <value>Expected</value>
    </Data>
    <Data name="ext_certainty">
     <value>Likely</value>
    </Data>
    <Data name="ext_effective">
     <value>2026-10-10T04:02:00-08:00</value>
    </Data>
    <Data name="ext_expires">
     <value>2026-10-10T12:15:00-08:00</value>
    </Data>
    <Data name="ext_areaDesc">
     <value>Cape Fairweather to Icy Cape from 15 to 80 NM</value>
    </Data>
    <Data name="ext_description">
     <value />
    </Data>
    <Data name="ext_instruction">
     <value />
    </Data>
    <Data name="ext_id">
     <value>https://api.weather.gov/alerts/urn:oid:2.49.0.1.840.0.79fc230a3054520462139e67481f1d46e7179c56.004.1</value>
    </Data>
   </ExtendedData>
   <Point>
    <coordinates>-106.248482,34.840515,0</coordinates>
   </Point>
  </Placemark>
  <Placemark>
   <name>Small Craft Advisory issued October 10 at 4:02AM AKDT until October 11 at 4:00AM AKDT by NWS Juneau AK</name>
   <styleUrl>#sev_minor</styleUrl>
   <Style>
    <BalloonStyle />
   </Style>
   <Snippet>* WHAT...For the first Small Craft Advisory, southeast winds 25
to 30 kt with gusts up to 40 kt and seas 8 to 12 ft expected.
For the Gale Warning, southeast winds 30 to 40 kt and seas 11
to 16 ft expected. For the second Small Craft Advisory,
southwest winds 25 to 30 kt and seas 10 to 15 ft expected.

* WHERE...Icy Cape to Cape Suckling from 15 to 80 NM.

* WHEN...For the first Small Craft Advisory, from 7 PM this
evening to 4 AM AKDT Sunday. For the Gale Warning, from 4 AM
to 10 AM AKDT Sunday. For the second Small Craft Advisory,
from 10 AM Sunday to 1 AM AKDT Monday.

* IMPACTS...Strong winds will cause hazardous seas which could
capsize or damage vessels and reduce visibility.</Snippet>
   <ExtendedData>
    <Data name="ext_event">
     <value>Small Craft Advisory</value>
    </Data>
    <Data name="ext_severity">
     <value>Minor</value>
    </Data>
    <Data name="ext_urgency">
     <value>Expected</value>
    </Data>
    <Data name="ext_certainty">
     <value>Likely</value>
    </Data>
    <Data name="ext_effective">
     <value>2026-10-10T04:02:00-08:00</value>
    </Data>
    <Data name="ext_expires">
     <value>2026-10-10T12:15:00-08:00</value>
    </Data>
    <Data name="ext_areaDesc">
     <value>Icy Cape to Cape Suckling from 15 to 80 NM</value>
    </Data>
    <Data name="ext_description">
     <value />
    </Data>
    <Data name="ext_instruction">
     <value />
    </Data>
    <Data name="ext_id">
     <value>https://api.weather.gov/alerts/urn:oid:2.49.0.1.840.0.79fc230a3054520462139e67481f1d46e7179c56.001.1</value>
    </Data>
   </ExtendedData>
   <Point>
    <coordinates>-106.248482,34.840515,0</coordinates>
   </Point>
  </Placemark>
  <Placemark>
   <name>Small Craft Advisory issued October 10 at 4:02AM AKDT until October 12 at 1:00AM AKDT by NWS Juneau AK</name>
   <styleUrl>#sev_minor</styleUrl>
   <Style>
    <BalloonStyle />
   </Style>
   <Snippet>* WHAT...Seas 7 to 10 ft expected.

* WHERE...Cape Decision to Cape Edgecumbe out to 15 NM.

* WHEN...From 10 AM Sunday to 1 AM AKDT Monday.

* IMPACTS...Conditions will be hazardous to small craft.</Snippet>
   <ExtendedData>
    <Data name="ext_event">
     <value>Small Craft Advisory</value>
    </Data>
    <Data name="ext_severity">
     <value>Minor</value>
    </Data>
    <Data name="ext_urgency">
     <value>Expected</value>
    </Data>
    <Data name="ext_certainty">
     <value>Likely</value>
    </Data>
    <Data name="ext_effective">
     <value>2026-10-10T04:02:00-08:00</value>
    </Data>
    <Data name="ext_expires">
     <value>2026-10-10T12:15:00-08:00</value>
    </Data>
    <Data name="ext_areaDesc">
     <value>Cape Decision to Cape Edgecumbe out to 15 NM</value>
    </Data>
    <Data name="ext_description">
     <value />
    </Data>
    <Data name="ext_instruction">
     <value />
    </Data>
    <Data name="ext_id">
     <value>https://api.weather.gov/alerts/urn:oid:2.49.0.1.840.0.79fc230a3054520462139e67481f1d46e7179c56.009.1</value>
    </Data>
   </ExtendedData>
   <Point>
    <coordinates>-106.248482,34.840515,0</coordinates>
   </Point>
  </Placemark>
  <Placemark>
   <name>Small Craft Advisory issued October 10 at 4:02AM AKDT until October 11 at 10:00PM AKDT by NWS Juneau AK</name>
   <styleUrl>#sev_minor</styleUrl>
   <Style>
    <BalloonStyle />
   </Style>
   <Snippet>* WHAT...Southeast winds 25 to 30 kt with gusts to 40 kt and
seas 9 to 14 ft expected.

* WHERE...Cape Fairweather to Icy Cape out to 15 NM and Cape
Spencer to Cape Fairweather from 15 to 85 NM.

* WHEN...From 1 AM to 10 PM AKDT Sunday.

* IMPACTS...Conditions will be hazardous to small craft.</Snippet>
   <ExtendedData>
    <Data name="ext_event">
     <value>Small Craft Advisory</value>
    </Data>
    <Data name="ext_severity">
     <value>Minor</value>
    </Data>
    <Data name="ext_urgency">
     <value>Expected</value>
    </Data>
    <Data name="ext_certainty">
     <value>Likely</value>
    </Data>
    <Data name="ext_effective">
     <value>2026-10-10T04:02:00-08:00</value>
    </Data>
    <Data name="ext_expires">
     <value>2026-10-10T12:15:00-08:00</value>
    </Data>
    <Data name="ext_areaDesc">
     <value>Cape Fairweather to Icy Cape out to 15 NM; Cape Spencer to Cape Fairweather from 15 to 85 NM</value>
    </Data>
    <Data name="ext_description">
     <value />
    </Data>
    <Data name="ext_instruction">
     <value />
    </Data>
    <Data name="ext_id">
     <value>https://api.weather.gov/alerts/urn:oid:2.49.0.1.840.0.79fc230a3054520462139e67481f1d46e7179c56.005.1</value>
    </Data>
   </ExtendedData>
   <Point>
    <coordinates>-106.248482,34.840515,0</coordinates>
   </Point>
  </Placemark>
  <Placemark>
   <name>Small Craft Advisory issued October 10 at 4:02AM AKDT until October 11 at 1:00AM AKDT by NWS Juneau AK</name>
   <styleUrl>#sev_minor</styleUrl>
   <Style>
    <BalloonStyle />
   </Style>
   <Snippet>* WHAT...For the first Small Craft Advisory, east winds 20 to 30
kt with gusts up to 35 kt and seas 7 to 9 ft expected. For the
Gale Warning, east winds 35 to 45 kt with gusts up to 50 kt
and seas 11 to 16 ft expected. For the second Small Craft
Advisory, southeast winds up to 25 kt and seas 7 to 11 ft
expected.

* WHERE...Icy Cape to Cape Suckling out to 15 NM.

* WHEN...For the first Small Craft Advisory, from 7 PM this
evening to 1 AM AKDT Sunday. For the Gale Warning, from 1 AM
to 1 PM AKDT Sunday. For the second Small Craft Advisory, from
1 PM Sunday to 1 AM AKDT Monday.

* IMPACTS...Strong winds will cause hazardous seas which could
capsize or damage vessels and reduce visibility.</Snippet>
   <ExtendedData>
    <Data name="ext_event">
     <value>Small Craft Advisory</value>
    </Data>
    <Data name="ext_severity">
     <value>Minor</value>
    </Data>
    <Data name="ext_urgency">
     <value>Expected</value>
    </Data>
    <Data name="ext_certainty">
     <value>Likely</value>
    </Data>
    <Data name="ext_effective">
     <value>2026-10-10T04:02:00-08:00</value>
    </Data>
    <Data name="ext_expires">
     <value>2026-10-10T12:15:00-08:00</value>
    </Data>
    <Data name="ext_areaDesc">
     <value>Icy Cape to Cape Suckling out to 15 NM</value>
    </Data>
    <Data name="ext_description">
     <value />
    </Data>
    <Data name="ext_instruction">
     <value />
    </Data>
    <Data name="ext_id">
     <value>https://api.weather.gov/alerts/urn:oid:2.49.0.1.840.0.79fc230a3054520462139e67481f1d46e7179c56.002.1</value>
    </Data>
   </ExtendedData>
   <Point>
    <coordinates>-106.248482,34.840515,0</coordinates>
   </Point>
  </Placemark>
  <Placemark>
   <name>Small Craft Advisory issued October 10 at 4:02AM AKDT until October 12 at 1:00AM AKDT by NWS Juneau AK</name>
   <styleUrl>#sev_minor</styleUrl>
   <Style>
    <BalloonStyle />
   </Style>
   <Snippet>* WHAT...For the first Small Craft Advisory, southeast winds 25
to 30 kt with gusts up to 40 kt and seas 8 to 12 ft expected.
For the Gale Warning, southeast winds 30 to 40 kt and seas 11
to 16 ft expected. For the second Small Craft Advisory,
southwest winds 25 to 30 kt and seas 10 to 15 ft expected.

* WHERE...Icy Cape to Cape Suckling from 15 to 80 NM.

* WHEN...For the first Small Craft Advisory, from 7 PM this
evening to 4 AM AKDT Sunday. For the Gale Warning, from 4 AM
to 10 AM AKDT Sunday. For the second Small Craft Advisory,
from 10 AM Sunday to 1 AM AKDT Monday.

* IMPACTS...Strong winds will cause hazardous seas which could
capsize or damage vessels and reduce visibility.</Snippet>
   <ExtendedData>
    <Data name="ext_event">
     <value>Small Craft Advisory</value>
    </Data>
    <Data name="ext_severity">
     <value>Minor</value>
    </Data>
    <Data name="ext_urgency">
     <value>Expected</value>
    </Data>
    <Data name="ext_certainty">
     <value>Likely</value>
    </Data>
    <Data name="ext_effective">
     <value>2026-10-10T04:02:00-08:00</value>
    </Data>
    <Data name="ext_expires">
     <value>2026-10-10T12:15:00-08:00</value>
    </Data>
    <Data name="ext_areaDesc">
     <value>Icy Cape to Cape Suckling from 15 to 80 NM</value>
    </Data>
    <Data name="ext_description">
     <value />
    </Data>
    <Data name="ext_instruction">
     <value />
    </Data>
    <Data name="ext_id">
     <value>https://api.weather.gov/alerts/urn:oid:2.49.0.1.840.0.79fc230a3054520462139e67481f1d46e7179c56.001.3</value>
    </Data>
   </ExtendedData>
   <Point>
    <coordinates>-106.248482,34.840515,0</coordinates>
   </Point>
  </Placemark>
  <Placemark>
   <name>Gale Warning issued October 10 at 4:02AM AKDT until October 11 at 10:00AM AKDT by NWS Juneau AK</name>
   <styleUrl>#sev_moderate</styleUrl>
   <Style>
    <BalloonStyle />
   </Style>
   <Snippet>* WHAT...For the first Small Craft Advisory, southeast winds 25
to 30 kt with gusts up to 40 kt and seas 8 to 12 ft expected.
For the Gale Warning, southeast winds 30 to 40 kt and seas 11
to 16 ft expected. For the second Small Craft Advisory,
southwest winds 25 to 30 kt and seas 10 to 15 ft expected.

* WHERE...Icy Cape to Cape Suckling from 15 to 80 NM.

* WHEN...For the first Small Craft Advisory, from 7 PM this
evening to 4 AM AKDT Sunday. For the Gale Warning, from 4 AM
to 10 AM AKDT Sunday. For the second Small Craft Advisory,
from 10 AM Sunday to 1 AM AKDT Monday.

* IMPACTS...Strong winds will cause hazardous seas which could
capsize or damage vessels and reduce visibility.</Snippet>
   <ExtendedData>
    <Data name="ext_event">
     <value>Gale Warning</value>
    </Data>
    <Data name="ext_severity">
     <value>Moderate</value>
    </Data>
    <Data name="ext_urgency">
     <value>Expected</value>
    </Data>
    <Data name="ext_certainty">
     <value>Likely</value>
    </Data>
    <Data name="ext_effective">
     <value>2026-10-10T04:02:00-08:00</value>
    </Data>
    <Data name="ext_expires">
     <value>2026-10-10T12:15:00-08:00</value>
    </Data>
    <Data name="ext_areaDesc">
     <value>Icy Cape to Cape Suckling from 15 to 80 NM</value>
    </Data>
    <Data name="ext_description">
     <value />
    </Data>
    <Data name="ext_instruction">
     <value />
    </Data>
    <Data name="ext_id">
     <value>https://api.weather.gov/alerts/urn:oid:2.49.0.1.840.0.79fc230a3054520462139e67481f1d46e7179c56.001.2</value>
    </Data>
   </ExtendedData>
   <Point>
    <coordinates>-106.248482,34.840515,0</coordinates>
   </Point>
  </Placemark>
  <Placemark>
   <name>Small Craft Advisory issued October 10 at 4:02AM AKDT until October 12 at 1:00AM AKDT by NWS Juneau AK</name>
   <styleUrl>#sev_minor</styleUrl>
   <Style>
    <BalloonStyle />
   </Style>
   <Snippet>* WHAT...For the first Small Craft Advisory, east winds 20 to 30
kt with gusts up to 35 kt and seas 7 to 9 ft expected. For the
Gale Warning, east winds 35 to 45 kt with gusts up to 50 kt
and seas 11 to 16 ft expected. For the second Small Craft
Advisory, southeast winds up to 25 kt and seas 7 to 11 ft
expected.

* WHERE...Icy Cape to Cape Suckling out to 15 NM.

* WHEN...For the first Small Craft Advisory, from 7 PM this
evening to 1 AM AKDT Sunday. For the Gale Warning, from 1 AM
to 1 PM AKDT Sunday. For the second Small Craft Advisory, from
1 PM Sunday to 1 AM AKDT Monday.

* IMPACTS...Strong winds will cause hazardous seas which could
capsize or damage vessels and reduce visibility.</Snippet>
   <ExtendedData>
    <Data name="ext_event">
     <value>Small Craft Advisory</value>
    </Data>
    <Data name="ext_severity">
     <value>Minor</value>
    </Data>
    <Data name="ext_urgency">
     <value>Expected</value>
    </Data>
    <Data name="ext_certainty">
     <value>Likely</value>
    </Data>
    <Data name="ext_effective">
     <value>2026-10-10T04:02:00-08:00</value>
    </Data>
    <Data name="ext_expires">
     <value>2026-10-10T12:15:00-08:00</value>
    </Data>
    <Data name="ext_areaDesc">
     <value>Icy Cape to Cape Suckling out to 15 NM</value>
    </Data>
    <Data name="ext_description">
     <value />
    </Data>
    <Data name="ext_instruction">
     <value />
    </Data>
    <Data name="ext_id">
     <value>https://api.weather.gov/alerts/urn:oid:2.49.0.1.840.0.79fc230a3054520462139e67481f1d46e7179c56.002.3</value>
    </Data>
   </ExtendedData>
   <Point>
    <coordinates>-106.248482,34.840515,0</coordinates>
   </Point>
  </Placemark>
  <Placemark>
   <name>Small Craft Advisory issued October 10 at 4:02AM AKDT until October 11 at 10:00PM AKDT by NWS Juneau AK</name>
   <styleUrl>#sev_minor</styleUrl>
   <Style>
    <BalloonStyle />
   </Style>
   <Snippet>* WHAT...Southeast winds up to 25 kt expected. For Cape
Edgecumbe to Cape Spencer, seas 7 to 11 ft expected.

* WHERE...Northern Lynn Canal and Cape Edgecumbe to Cape Spencer
out to 15 NM.

* WHEN...From 10 AM to 10 PM AKDT Sunday.

* IMPACTS...Conditions will be hazardous to small craft.</Snippet>
   <ExtendedData>
    <Data name="ext_event">
     <value>Small Craft Advisory</value>
    </Data>
    <Data name="ext_severity">
     <value>Minor</value>
    </Data>
    <Data name="ext_urgency">
     <value>Expected</value>
    </Data>
    <Data name="ext_certainty">
     <value>Likely</value>
    </Data>
    <Data name="ext_effective">
     <value>2026-10-10T04:02:00-08:00</value>
    </Data>
    <Data name="ext_expires">
     <value>2026-10-10T12:15:00-08:00</value>
    </Data>
    <Data name="ext_areaDesc">
     <value>Cape Edgecumbe to Cape Spencer out to 15 NM; Dixon Entrance to Cape Decision from 15 to 90 NM</value>
    </Data>
    <Data name="ext_description">
     <value />
    </Data>
    <Data name="ext_instruction">
     <value />
    </Data>
    <Data name="ext_id">
     <value>https://api.weather.gov/alerts/urn:oid:2.49.0.1.840.0.79fc230a3054520462139e67481f1d46e7179c56.010.1</value>
    </Data>
   </ExtendedData>
   <Point>
    <coordinates>-106.248482,34.840515,0</coordinates>
   </Point>
  </Placemark>
  <Placemark>
   <name>Small Craft Advisory issued October 10 at 4:02AM AKDT until October 11 at 10:00PM AKDT by NWS Juneau AK</name>
   <styleUrl>#sev_minor</styleUrl>
   <Style>
    <BalloonStyle />
   </Style>
   <Snippet>* WHAT...South winds 20 to 30 kt and seas 8 to 12 ft expected.

* WHERE...Cape Spencer to Cape Fairweather out to 15 NM and Cape
Decision to Cape Edgecumbe from 15 to 80 NM.

* WHEN...From 7 AM to 10 PM AKDT Sunday.

* IMPACTS...Conditions will be hazardous to small craft.</Snippet>
   <ExtendedData>
    <Data name="ext_event">
     <value>Small Craft Advisory</value>
    </Data>
    <Data name="ext_severity">
     <value>Minor</value>
    </Data>
    <Data name="ext_urgency">
     <value>Expected</value>
    </Data>
    <Data name="ext_certainty">
     <value>Likely</value>
    </Data>
    <Data name="ext_effective">
     <value>2026-10-10T04:02:00-08:00</value>
    </Data>
    <Data name="ext_expires">
     <value>2026-10-10T12:15:00-08:00</value>
    </Data>
    <Data name="ext_areaDesc">
     <value>Cape Spencer to Cape Fairweather out to 15 NM; Cape Decision to Cape Edgecumbe from 15 to 80 NM</value>
    </Data>
    <Data name="ext_description">
     <value />
    </Data>
    <Data name="ext_instruction">
     <value />
    </Data>
    <Data name="ext_id">
     <value>https://api.weather.gov/alerts/urn:oid:2.49.0.1.840.0.79fc230a3054520462139e67481f1d46e7179c56.008.1</value>
    </Data>
   </ExtendedData>
   <Point>
    <coordinates>-106.248482,34.840515,0</coordinates>
   </Point>
  </Placemark>
  <Placemark>
   <name>Small Craft Advisory issued October 10 at 4:02AM AKDT until October 11 at 10:00PM AKDT by NWS Juneau AK</name>
   <styleUrl>#sev_minor</styleUrl>
   <Style>
    <BalloonStyle />
   </Style>
   <Snippet>* WHAT...South winds up to 25 kt and seas 7 to 11 ft expected.

* WHERE...Cape Edgecumbe to Cape Spencer from 15 to 80 NM.

* WHEN...From 4 AM to 10 PM AKDT Sunday.

* IMPACTS...Conditions will be hazardous to small craft.</Snippet>
   <ExtendedData>
    <Data name="ext_event">
     <value>Small Craft Advisory</value>
    </Data>
    <Data name="ext_severity">
     <value>Minor</value>
    </Data>
    <Data name="ext_urgency">
     <value>Expected</value>
    </Data>
    <Data name="ext_certainty">
     <value>Likely</value>
    </Data>
    <Data name="ext_effective">
     <value>2026-10-10T04:02:00-08:00</value>
    </Data>
    <Data name="ext_expires">
     <value>2026-10-10T12:15:00-08:00</value>
    </Data>
    <Data name="ext_areaDesc">
     <value>Cape Edgecumbe to Cape Spencer from 15 to 80 NM</value>
    </Data>
    <Data name="ext_description">
     <value />
    </Data>
    <Data name="ext_instruction">
     <value />
    </Data>
    <Data name="ext_id">
     <value>https://api.weather.gov/alerts/urn:oid:2.49.0.1.840.0.79fc230a3054520462139e67481f1d46e7179c56.006.1</value>
    </Data>
   </ExtendedData>
   <Point>
    <coordinates>-106.248482,34.840515,0</coordinates>
   </Point>
  </Placemark>
  <Placemark>
   <name>Gale Warning issued October 10 at 4:02AM AKDT until October 11 at 1:00PM AKDT by NWS Juneau AK</name>
   <styleUrl>#sev_moderate</styleUrl>
   <Style>
    <BalloonStyle />
   </Style>
   <Snippet>* WHAT...For the first Small Craft Advisory, east winds 20 to 30
kt with gusts up to 35 kt and seas 7 to 9 ft expected. For the
Gale Warning, east winds 35 to 45 kt with gusts up to 50 kt
and seas 11 to 16 ft expected. For the second Small Craft
Advisory, southeast winds up to 25 kt and seas 7 to 11 ft
expected.

* WHERE...Icy Cape to Cape Suckling out to 15 NM.

* WHEN...For the first Small Craft Advisory, from 7 PM this
evening to 1 AM AKDT Sunday. For the Gale Warning, from 1 AM
to 1 PM AKDT Sunday. For the second Small Craft Advisory, from
1 PM Sunday to 1 AM AKDT Monday.

* IMPACTS...Strong winds will cause hazardous seas which could
capsize or damage vessels and reduce visibility.</Snippet>
   <ExtendedData>
    <Data name="ext_event">
     <value>Gale Warning</value>
    </Data>
    <Data name="ext_severity">
     <value>Moderate</value>
    </Data>
    <Data name="ext_urgency">
     <value>Expected</value>
    </Data>
    <Data name="ext_certainty">
     <value>Likely</value>
    </Data>
    <Data name="ext_effective">
     <value>2026-10-10T04:02:00-08:00</value>
    </Data>
    <Data name="ext_expires">
     <value>2026-10-10T12:15:00-08:00</value>
    </Data>
    <Data name="ext_areaDesc">
     <value>Icy Cape to Cape Suckling out to 15 NM</value>
    </Data>
    <Data name="ext_description">
     <value />
    </Data>
    <Data name="ext_instruction">
     <value />
    </Data>
    <Data name="ext_id">
     <value>https://api.weather.gov/alerts/urn:oid:2.49.0.1.840.0.79fc230a3054520462139e67481f1d46e7179c56.002.2</value>
    </Data>
   </ExtendedData>
   <Point>
    <coordinates>-106.248482,34.840515,0</coordinates>
   </Point>
  </Placemark>
  <Placemark>
   <name>Small Craft Advisory issued October 10 at 4:02AM AKDT until October 12 at 1:00AM AKDT by NWS Juneau AK</name>
   <styleUrl>#sev_minor</styleUrl>
   <Style>
    <BalloonStyle />
   </Style>
   <Snippet>* WHAT...Seas 6 to 8 ft expected.

* WHERE...Dixon Entrance to Cape Decision out to 15 NM.

* WHEN...From 4 PM Sunday to 1 AM AKDT Monday.

* IMPACTS...Conditions will be hazardous to small craft.</Snippet>
   <ExtendedData>
    <Data name="ext_event">
     <value>Small Craft Advisory</value>
    </Data>
    <Data name="ext_severity">
     <value>Minor</value>
    </Data>
    <Data name="ext_urgency">
     <value>Expected</value>
    </Data>
    <Data name="ext_certainty">
     <value>Likely</value>
    </Data>
    <Data name="ext_effective">
     <value>2026-10-10T04:02:00-08:00</value>
    </Data>
    <Data name="ext_expires">
     <value>2026-10-10T12:15:00-08:00</value>
    </Data>
    <Data name="ext_areaDesc">
     <value>Dixon Entrance to Cape Decision out to 15 NM</value>
    </Data>
    <Data name="ext_description">
     <value />
    </Data>
    <Data name="ext_instruction">
     <value />
    </Data>
    <Data name="ext_id">
     <value>https://api.weather.gov/alerts/urn:oid:2.49.0.1.840.0.79fc230a3054520462139e67481f1d46e7179c56.012.1</value>
    </Data>
   </ExtendedData>
   <Point>
    <coordinates>-106.248482,34.840515,0</coordinates>
   </Point>
  </Placemark>
  <Placemark>
   <name>Small Craft Advisory issued October 10 at 3:48AM AKDT until October 11 at 5:00AM AKDT by NWS Juneau AK</name>
   <styleUrl>#sev_minor</styleUrl>
   <Style>
    <BalloonStyle />
   </Style>
   <Snippet>Southeast Alaska Coastal Waters from Dixon Entrance to
Cape Suckling out 100 NM

Wind forecasts reflect the predominant speed and direction
expected. Seas forecasts represent the average of the highest
one-third of the combined windwave and swell height.

.TODAY...NW wind 10 kt early in the morning becoming light. Seas
5 ft.
.TONIGHT...S wind 20 kt. Seas 5 ft building to 9 ft late.
.SUN...S wind 25 kt. Seas 11 ft. Rain in the morning.
.SUN NIGHT...W wind 15 kt. Seas 8 ft.
.MON...SW wind 10 kt. Seas 6 ft.
.TUE...W wind 10 kt. Seas 7 ft.
.WED...SE wind 30 kt. Seas 14 ft.</Snippet>
   <ExtendedData>
    <Data name="ext_event">
     <value>Small Craft Advisory</value>
    </Data>
    <Data name="ext_severity">
     <value>Minor</value>
    </Data>
    <Data name="ext_urgency">
     <value>Expected</value>
    </Data>
    <Data name="ext_certainty">
     <value>Likely</value>
    </Data>
    <Data name="ext_effective">
     <value>2026-10-10T03:48:00-08:00</value>
    </Data>
    <Data name="ext_expires">
     <value>2026-10-10T22:00:00-08:00</value>
    </Data>
    <Data name="ext_areaDesc">
     <value>Cape Edgecumbe to Cape Spencer from 15 to 80 NM</value>
    </Data>
    <Data name="ext_description">
     <value />
    </Data>
    <Data name="ext_instruction">
     <value />
    </Data>
    <Data name="ext_id">
     <value>https://api.weather.gov/alerts/urn:oid:2.49.0.1.840.0.64e7d11c7508c9f9ff0ef0b920a921c825ad8a9d.007.1</value>
    </Data>
   </ExtendedData>
   <Point>
    <coordinates>-106.248482,34.840515,0</coordinates>
   </Point>
  </Placemark>
  <Placemark>
   <name>Gale Warning issued October 10 at 3:48AM AKDT until October 11 at 5:00AM AKDT by NWS Juneau AK</name>
   <styleUrl>#sev_moderate</styleUrl>
   <Style>
    <BalloonStyle />
   </Style>
   <Snippet>Southeast Alaska Coastal Waters from Dixon Entrance to
Cape Suckling out 100 NM

Wind forecasts reflect the predominant speed and direction
expected. Seas forecasts represent the average of the highest
one-third of the combined windwave and swell height.

.TODAY...S wind 15 kt. Seas 5 ft.
.TONIGHT...SE wind 25 kt increasing to 35 kt. Seas 10 ft building
to 14 ft late. Rain.
.SUN...SE gale to 35 kt becoming W 15 kt in the afternoon.
Seas 15 ft subsiding to 11 ft in the afternoon.
.SUN NIGHT...SW wind 15 kt. Seas 8 ft.
.MON...S wind 10 kt. Seas 7 ft.
.TUE...S wind 10 kt. Seas 6 ft.
.WED...E gale to 35 kt. Seas 18 ft.</Snippet>
   <ExtendedData>
    <Data name="ext_event">
     <value>Gale Warning</value>
    </Data>
    <Data name="ext_severity">
     <value>Moderate</value>
    </Data>
    <Data name="ext_urgency">
     <value>Expected</value>
    </Data>
    <Data name="ext_certainty">
     <value>Likely</value>
    </Data>
    <Data name="ext_effective">
     <value>2026-10-10T03:48:00-08:00</value>
    </Data>
    <Data name="ext_expires">
     <value>2026-10-10T22:00:00-08:00</value>
    </Data>
    <Data name="ext_areaDesc">
     <value>Icy Cape to Cape Suckling from 15 to 80 NM</value>
    </Data>
    <Data name="ext_description">
     <value />
    </Data>
    <Data name="ext_instruction">
     <value />
    </Data>
    <Data name="ext_id">
     <value>https://api.weather.gov/alerts/urn:oid:2.49.0.1.840.0.64e7d11c7508c9f9ff0ef0b920a921c825ad8a9d.013.1</value>
    </Data>
   </ExtendedData>
   <Point>
    <coordinates>-106.248482,34.840515,0</coordinates>
   </Point>
  </Placemark>
  <Placemark>
   <name>Small Craft Advisory issued October 10 at 3:48AM AKDT until October 11 at 5:00AM AKDT by NWS Juneau AK</name>
   <styleUrl>#sev_minor</styleUrl>
   <Style>
    <BalloonStyle />
   </Style>
   <Snippet>Southeast Alaska Coastal Waters from Dixon Entrance to
Cape Suckling out 100 NM

Wind forecasts reflect the predominant speed and direction
expected. Seas forecasts represent the average of the highest
one-third of the combined windwave and swell height.

.TODAY...Light winds becoming E 10 kt in the afternoon. Seas
4 ft.
.TONIGHT...E wind 20 kt increasing to 30 kt late. Seas 6 ft
building to 10 ft late. Rain.
.SUN...SE wind 30 kt. Seas 13 ft. Rain.
.SUN NIGHT...SW wind 10 kt. Seas 8 ft.
.MON...SE wind 10 kt. Seas 6 ft.
.TUE...E wind 10 kt. Seas 5 ft.
.WED...E wind 25 kt. Seas 14 ft.</Snippet>
   <ExtendedData>
    <Data name="ext_event">
     <value>Small Craft Advisory</value>
    </Data>
    <Data name="ext_severity">
     <value>Minor</value>
    </Data>
    <Data name="ext_urgency">
     <value>Expected</value>
    </Data>
    <Data name="ext_certainty">
     <value>Likely</value>
    </Data>
    <Data name="ext_effective">
     <value>2026-10-10T03:48:00-08:00</value>
    </Data>
    <Data name="ext_expires">
     <value>2026-10-10T22:00:00-08:00</value>
    </Data>
    <Data name="ext_areaDesc">
     <value>Cape Fairweather to Icy Cape out to 15 NM</value>
    </Data>
    <Data name="ext_description">
     <value />
    </Data>
    <Data name="ext_instruction">
     <value />
    </Data>
    <Data name="ext_id">
     <value>https://api.weather.gov/alerts/urn:oid:2.49.0.1.840.0.64e7d11c7508c9f9ff0ef0b920a921c825ad8a9d.010.1</value>
    </Data>
   </ExtendedData>
   <Point>
    <coordinates>-106.248482,34.840515,0</coordinates>
   </Point>
  </Placemark>
  <Placemark>
   <name>Small Craft Advisory issued October 10 at 3:48AM AKDT until October 11 at 5:00AM AKDT by NWS Juneau AK</name>
   <styleUrl>#sev_minor</styleUrl>
   <Style>
    <BalloonStyle />
   </Style>
   <Snippet>Southeast Alaska Coastal Waters from Dixon Entrance to
Cape Suckling out 100 NM

Wind forecasts reflect the predominant speed and direction
expected. Seas forecasts represent the average of the highest
one-third of the combined windwave and swell height.

.TODAY...W wind 10 kt early in the morning becoming light. Seas
5 ft.
.TONIGHT...S wind 15 kt becoming SE 25 kt late. Seas 6 ft
building to 10 ft late. Rain late.
.SUN...S wind 25 kt. Seas 12 ft. Rain in the morning.
.SUN NIGHT...W wind 15 kt. Seas 8 ft.
.MON...SW wind 10 kt. Seas 6 ft.
.TUE...SW wind 10 kt. Seas 6 ft.
.WED...SE gale to 35 kt. Seas 16 ft.</Snippet>
   <ExtendedData>
    <Data name="ext_event">
     <value>Small Craft Advisory</value>
    </Data>
    <Data name="ext_severity">
     <value>Minor</value>
    </Data>
    <Data name="ext_urgency">
     <value>Expected</value>
    </Data>
    <Data name="ext_certainty">
     <value>Likely</value>
    </Data>
    <Data name="ext_effective">
     <value>2026-10-10T03:48:00-08:00</value>
    </Data>
    <Data name="ext_expires">
     <value>2026-10-10T22:00:00-08:00</value>
    </Data>
    <Data name="ext_areaDesc">
     <value>Cape Spencer to Cape Fairweather from 15 to 85 NM</value>
    </Data>
    <Data name="ext_description">
     <value />
    </Data>
    <Data name="ext_instruction">
     <value />
    </Data>
    <Data name="ext_id">
     <value>https://api.weather.gov/alerts/urn:oid:2.49.0.1.840.0.64e7d11c7508c9f9ff0ef0b920a921c825ad8a9d.009.1</value>
    </Data>
   </ExtendedData>
   <Point>
    <coordinates>-106.248482,34.840515,0</coordinates>
   </Point>
  </Placemark>
  <Placemark>
   <name>Gale Warning issued October 10 at 3:48AM AKDT until October 11 at 5:00AM AKDT by NWS Juneau AK</name>
   <styleUrl>#sev_moderate</styleUrl>
   <Style>
    <BalloonStyle />
   </Style>
   <Snippet>Southeast Alaska Coastal Waters from Dixon Entrance to
Cape Suckling out 100 NM

Wind forecasts reflect the predominant speed and direction
expected. Seas forecasts represent the average of the highest
one-third of the combined windwave and swell height.

.TODAY...Light winds becoming E 15 kt. Seas 4 ft. Rain.
.TONIGHT...E wind 30 kt increasing to 40 kt late. Seas 9 ft
building to 15 ft late. Rain.
.SUN...E gale to 40 kt diminishing to 25 kt in the afternoon.
Seas 16 ft subsiding to 11 ft in the afternoon. Rain.
.SUN NIGHT...E wind 10 kt. Seas 8 ft. Rain.
.MON...E wind 15 kt. Seas 7 ft.
.TUE...E wind 15 kt. Seas 5 ft.
.WED...E gale to 35 kt. Seas 18 ft.</Snippet>
   <ExtendedData>
    <Data name="ext_event">
     <value>Gale Warning</value>
    </Data>
    <Data name="ext_severity">
     <value>Moderate</value>
    </Data>
    <Data name="ext_urgency">
     <value>Expected</value>
    </Data>
    <Data name="ext_certainty">
     <value>Likely</value>
    </Data>
    <Data name="ext_effective">
     <value>2026-10-10T03:48:00-08:00</value>
    </Data>
    <Data name="ext_expires">
     <value>2026-10-10T22:00:00-08:00</value>
    </Data>
    <Data name="ext_areaDesc">
     <value>Icy Cape to Cape Suckling out to 15 NM</value>
    </Data>
    <Data name="ext_description">
     <value />
    </Data>
    <Data name="ext_instruction">
     <value />
    </Data>
    <Data name="ext_id">
     <value>https://api.weather.gov/alerts/urn:oid:2.49.0.1.840.0.64e7d11c7508c9f9ff0ef0b920a921c825ad8a9d.012.1</value>
    </Data>
   </ExtendedData>
   <Point>
    <coordinates>-106.248482,34.840515,0</coordinates>
   </Point>
  </Placemark>
  <Placemark>
   <name>Small Craft Advisory issued October 10 at 3:48AM AKDT until October 11 at 5:00AM AKDT by NWS Juneau AK</name>
   <styleUrl>#sev_minor</styleUrl>
   <Style>
    <BalloonStyle />
   </Style>
   <Snippet>Southeast Alaska Coastal Waters from Dixon Entrance to
Cape Suckling out 100 NM

Wind forecasts reflect the predominant speed and direction
expected. Seas forecasts represent the average of the highest
one-third of the combined windwave and swell height.

.TODAY...W wind 10 kt early in the morning becoming light, then
becoming S 10 kt in the afternoon. Seas 5 ft.
.TONIGHT...SE wind 20 kt increasing to 30 kt late. Seas 8 ft
building to 12 ft late. Rain late.
.SUN...SE wind 30 kt becoming W 20 kt in the afternoon. Seas
13 ft.
.SUN NIGHT...W wind 15 kt. Seas 8 ft.
.MON...S wind 10 kt. Seas 6 ft.
.TUE...S wind 10 kt. Seas 6 ft.
.WED...SE gale to 35 kt. Seas 18 ft.</Snippet>
   <ExtendedData>
    <Data name="ext_event">
     <value>Small Craft Advisory</value>
    </Data>
    <Data name="ext_severity">
     <value>Minor</value>
    </Data>
    <Data name="ext_urgency">
     <value>Expected</value>
    </Data>
    <Data name="ext_certainty">
     <value>Likely</value>
    </Data>
    <Data name="ext_effective">
     <value>2026-10-10T03:48:00-08:00</value>
    </Data>
    <Data name="ext_expires">
     <value>2026-10-10T22:00:00-08:00</value>
    </Data>
    <Data name="ext_areaDesc">
     <value>Cape Fairweather to Icy Cape from 15 to 80 NM</value>
    </Data>
    <Data name="ext_description">
     <value />
    </Data>
    <Data name="ext_instruction">
     <value />
    </Data>
    <Data name="ext_id">
     <value>https://api.weather.gov/alerts/urn:oid:2.49.0.1.840.0.64e7d11c7508c9f9ff0ef0b920a921c825ad8a9d.011.1</value>
    </Data>
   </ExtendedData>
   <Point>
    <coordinates>-106.248482,34.840515,0</coordinates>
   </Point>
  </Placemark>
  <Placemark>
   <name>Small Craft Advisory issued October 10 at 3:46AM AKDT until October 11 at 5:00AM AKDT by NWS Fairbanks AK</name>
   <styleUrl>#sev_minor</styleUrl>
   <Style>
    <BalloonStyle />
   </Style>
   <Snippet>Northwestern Alaska Coastal Waters out 100 NM

Wind forecasts reflect the predominant speed and direction
expected. Sea forecasts represent the average of the highest one-
third of the combined wind-wave and swell height.

.TODAY...S winds 30 kt. Seas 7 ft. Rain.
.TONIGHT...S winds 25 kt. Seas 6 ft. Rain.
.SUN...S winds 20 kt. Seas 6 ft. Rain.
.SUN NIGHT...S winds 20 kt. Seas 7 ft.
.MON...SW winds 15 kt. Seas 5 ft.
.MON NIGHT...SW winds 10 kt. Seas 3 ft.
.TUE...SE winds 10 kt. Seas 3 ft.
.WED...NE winds 15 kt. Seas 4 ft.</Snippet>
   <ExtendedData>
    <Data name="ext_event">
     <value>Small Craft Advisory</value>
    </Data>
    <Data name="ext_severity">
     <value>Minor</value>
    </Data>
    <Data name="ext_urgency">
     <value>Expected</value>
    </Data>
    <Data name="ext_certainty">
     <value>Likely</value>
    </Data>
    <Data name="ext_effective">
     <value>2026-10-10T03:46:00-08:00</value>
    </Data>
    <Data name="ext_expires">
     <value>2026-10-10T18:00:00-08:00</value>
    </Data>
    <Data name="ext_areaDesc">
     <value>Kwemeluk Pass to Kwikpak Pass from 15 to 90 NM</value>
    </Data>
    <Data name="ext_description">
     <value />
    </Data>
    <Data name="ext_instruction">
     <value />
    </Data>
    <Data name="ext_id">
     <value>https://api.weather.gov/alerts/urn:oid:2.49.0.1.840.0.033cceb6ea17eed4131fac72de233080e83b8a63.016.1</value>
    </Data>
   </ExtendedData>
   <Point>
    <coordinates>-106.248482,34.840515,0</coordinates>
   </Point>
  </Placemark>
  <Placemark>
   <name>Small Craft Advisory issued October 10 at 3:46AM AKDT until October 11 at 5:00AM AKDT by NWS Fairbanks AK</name>
   <styleUrl>#sev_minor</styleUrl>
   <Style>
    <BalloonStyle />
   </Style>
   <Snippet>Northwestern Alaska Coastal Waters out 100 NM

Wind forecasts reflect the predominant speed and direction
expected. Sea forecasts represent the average of the highest one-
third of the combined wind-wave and swell height.

.TODAY...S winds 25 kt. Seas 5 ft.
.TONIGHT...S winds 25 kt. Seas 4 ft.
.SUN...S winds 20 kt. Seas 4 ft.
.SUN NIGHT...S winds 20 kt. Seas 4 ft.
.MON...S winds 20 kt. Seas 4 ft.
.MON NIGHT...S winds 15 kt. Seas 3 ft.
.TUE...S winds 10 kt. Seas 2 ft.
.WED...E winds 15 kt. Seas 4 ft.</Snippet>
   <ExtendedData>
    <Data name="ext_event">
     <value>Small Craft Advisory</value>
    </Data>
    <Data name="ext_severity">
     <value>Minor</value>
    </Data>
    <Data name="ext_urgency">
     <value>Expected</value>
    </Data>
    <Data name="ext_certainty">
     <value>Likely</value>
    </Data>
    <Data name="ext_effective">
     <value>2026-10-10T03:46:00-08:00</value>
    </Data>
    <Data name="ext_expires">
     <value>2026-10-10T18:00:00-08:00</value>
    </Data>
    <Data name="ext_areaDesc">
     <value>Kwikpak Pass to Cape Stephens out to 15 NM</value>
    </Data>
    <Data name="ext_description">
     <value />
    </Data>
    <Data name="ext_instruction">
     <value />
    </Data>
    <Data name="ext_id">
     <value>https://api.weather.gov/alerts/urn:oid:2.49.0.1.840.0.033cceb6ea17eed4131fac72de233080e83b8a63.003.1</value>
    </Data>
   </ExtendedData>
   <Point>
    <coordinates>-106.248482,34.840515,0</coordinates>
   </Point>
  </Placemark>
  <Placemark>
   <name>Small Craft Advisory issued October 10 at 3:46AM AKDT until October 11 at 5:00AM AKDT by NWS Fairbanks AK</name>
   <styleUrl>#sev_minor</styleUrl>
   <Style>
    <BalloonStyle />
   </Style>
   <Snippet>Northwestern Alaska Coastal Waters out 100 NM

Wind forecasts reflect the predominant speed and direction
expected. Sea forecasts represent the average of the highest one-
third of the combined wind-wave and swell height.

.TODAY...S winds 30 kt. Seas 6 ft. Rain.
.TONIGHT...S winds 25 kt. Seas 6 ft. Rain.
.SUN...S winds 25 kt. Seas 6 ft. Rain.
.SUN NIGHT...SW winds 20 kt. Seas 6 ft. Rain.
.MON...SW winds 15 kt. Seas 3 ft.
.MON NIGHT...SW winds 10 kt. Seas 3 ft.
.TUE...S winds 10 kt. Seas 2 ft.
.WED...NE winds 15 kt. Seas 4 ft.</Snippet>
   <ExtendedData>
    <Data name="ext_event">
     <value>Small Craft Advisory</value>
    </Data>
    <Data name="ext_severity">
     <value>Minor</value>
    </Data>
    <Data name="ext_urgency">
     <value>Expected</value>
    </Data>
    <Data name="ext_certainty">
     <value>Likely</value>
    </Data>
    <Data name="ext_effective">
     <value>2026-10-10T03:46:00-08:00</value>
    </Data>
    <Data name="ext_expires">
     <value>2026-10-10T18:00:00-08:00</value>
    </Data>
    <Data name="ext_areaDesc">
     <value>Etolin Strait to Dall Point out to 15 NM</value>
    </Data>
    <Data name="ext_description">
     <value />
    </Data>
    <Data name="ext_instruction">
     <value />
    </Data>
    <Data name="ext_id">
     <value>https://api.weather.gov/alerts/urn:oid:2.49.0.1.840.0.033cceb6ea17eed4131fac72de233080e83b8a63.001.1</value>
    </Data>
   </ExtendedData>
   <Point>
    <coordinates>-106.248482,34.840515,0</coordinates>
   </Point>
  </Placemark>
  <Placemark>
   <name>Small Craft Advisory issued October 10 at 3:46AM AKDT until October 11 at 5:00AM AKDT by NWS Fairbanks AK</name>
   <styleUrl>#sev_minor</styleUrl>
   <Style>
    <BalloonStyle />
   </Style>
   <Snippet>Northwestern Alaska Coastal Waters out 100 NM

Wind forecasts reflect the predominant speed and direction
expected. Sea forecasts represent the average of the highest one-
third of the combined wind-wave and swell height.

.TODAY...S winds 30 kt. Seas 6 ft. Rain.
.TONIGHT...S winds 25 kt. Seas 5 ft.
.SUN...S winds 20 kt. Seas 5 ft.
.SUN NIGHT...S winds 20 kt. Seas 5 ft. Rain.
.MON...SW winds 15 kt. Seas 3 ft.
.MON NIGHT...S winds 10 kt. Seas 2 ft.
.TUE...SE winds 10 kt. Seas 2 ft.
.WED...NE winds 15 kt. Seas 4 ft.</Snippet>
   <ExtendedData>
    <Data name="ext_event">
     <value>Small Craft Advisory</value>
    </Data>
    <Data name="ext_severity">
     <value>Minor</value>
    </Data>
    <Data name="ext_urgency">
     <value>Expected</value>
    </Data>
    <Data name="ext_certainty">
     <value>Likely</value>
    </Data>
    <Data name="ext_effective">
     <value>2026-10-10T03:46:00-08:00</value>
    </Data>
    <Data name="ext_expires">
     <value>2026-10-10T18:00:00-08:00</value>
    </Data>
    <Data name="ext_areaDesc">
     <value>Dall Point to Kwikpak Pass out to 15 NM</value>
    </Data>
    <Data name="ext_description">
     <value />
    </Data>
    <Data name="ext_instruction">
     <value />
    </Data>
    <Data name="ext_id">
     <value>https://api.weather.gov/alerts/urn:oid:2.49.0.1.840.0.033cceb6ea17eed4131fac72de233080e83b8a63.002.1</value>
    </Data>
   </ExtendedData>
   <Point>
    <coordinates>-106.248482,34.840515,0</coordinates>
   </Point>
  </Placemark>
  <Placemark>
   <name>Small Craft Advisory issued October 10 at 3:46AM AKDT until October 11 at 5:00AM AKDT by NWS Fairbanks AK</name>
   <styleUrl>#sev_minor</styleUrl>
   <Style>
    <BalloonStyle />
   </Style>
   <Snippet>Northwestern Alaska Coastal Waters out 100 NM

Wind forecasts reflect the predominant speed and direction
expected. Sea forecasts represent the average of the highest one-
third of the combined wind-wave and swell height.

.TODAY...S winds 30 kt. Seas 9 ft. Rain.
.TONIGHT...S winds 25 kt. Seas 9 ft. Rain.
.SUN...S winds 20 kt. Seas 8 ft. Rain.
.SUN NIGHT...SW winds 20 kt. Seas 7 ft.
.MON...W winds 15 kt. Seas 5 ft.
.MON NIGHT...W winds 10 kt. Seas 3 ft.
.TUE...NE winds 10 kt. Seas 3 ft.
.WED...NE winds 20 kt. Seas 5 ft.</Snippet>
   <ExtendedData>
    <Data name="ext_event">
     <value>Small Craft Advisory</value>
    </Data>
    <Data name="ext_severity">
     <value>Minor</value>
    </Data>
    <Data name="ext_urgency">
     <value>Expected</value>
    </Data>
    <Data name="ext_certainty">
     <value>Likely</value>
    </Data>
    <Data name="ext_effective">
     <value>2026-10-10T03:46:00-08:00</value>
    </Data>
    <Data name="ext_expires">
     <value>2026-10-10T18:00:00-08:00</value>
    </Data>
    <Data name="ext_areaDesc">
     <value>Etolin Strait to Kwemeluk Pass from 15 to 90 NM</value>
    </Data>
    <Data name="ext_description">
     <value />
    </Data>
    <Data name="ext_instruction">
     <value />
    </Data>
    <Data name="ext_id">
     <value>https://api.weather.gov/alerts/urn:oid:2.49.0.1.840.0.033cceb6ea17eed4131fac72de233080e83b8a63.013.1</value>
    </Data>
   </ExtendedData>
   <Point>
    <coordinates>-106.248482,34.840515,0</coordinates>
   </Point>
  </Placemark>
  <Placemark>
   <name>Small Craft Advisory issued October 10 at 6:39AM CDT until October 10 at 7:00PM CDT by NWS Brownsville TX</name>
   <styleUrl>#sev_minor</styleUrl>
   <Style>
    <BalloonStyle />
   </Style>
   <Snippet>* WHAT...Seas 5 to 7 ft.

* WHERE...Gulf waters between the mouth of the Rio Grande and
Baffin Bay from 0 to 60 nm.

* WHEN...Until 7 PM CDT this evening.

* IMPACTS...Conditions will be hazardous to small craft.</Snippet>
   <ExtendedData>
    <Data name="ext_event">
     <value>Small Craft Advisory</value>
    </Data>
    <Data name="ext_severity">
     <value>Minor</value>
    </Data>
    <Data name="ext_urgency">
     <value>Expected</value>
    </Data>
    <Data name="ext_certainty">
     <value>Likely</value>
    </Data>
    <Data name="ext_effective">
     <value>2026-10-10T06:39:00-05:00</value>
    </Data>
    <Data name="ext_expires">
     <value>2026-10-10T19:00:00-05:00</value>
    </Data>
    <Data name="ext_areaDesc">
     <value>Coastal waters from Port Mansfield TX to the Rio Grande River out 20 NM; Coastal waters from Baffin Bay to Port Mansfield TX out 20 NM; Waters from Port Mansfield TX to the Rio Grande River from 20 to 60 NM; Waters from Baffin Bay to Port Mansfield TX from 20 to 60 NM</value>
    </Data>
    <Data name="ext_description">
     <value />
    </Data>
    <Data name="ext_instruction">
     <value />
    </Data>
    <Data name="ext_id">
     <value>https://api.weather.gov/alerts/urn:oid:2.49.0.1.840.0.a4605d01e342eb129a97fddd7d25b6a5235a073b.001.1</value>
    </Data>
   </ExtendedData>
   <Point>
    <coordinates>-106.248482,34.840515,0</coordinates>
   </Point>
  </Placemark>
  <Placemark>
   <name>Small Craft Advisory issued October 10 at 2:35AM AKDT until October 11 at 5:00PM AKDT by NWS Anchorage AK</name>
   <styleUrl>#sev_minor</styleUrl>
   <Style>
    <BalloonStyle />
   </Style>
   <Snippet>Coastal Waters Forecast for the Northern Gulf of Alaska Coast
up to 100 nm out including Kodiak Island and Cook Inlet.

Wind forecasts reflect the predominant speed and direction
expected. Sea forecasts represent an average of the highest
one-third of the combined wind wave and swell height.

.TODAY...S wind 25 kt. Seas 9 ft. Rain.
.TONIGHT...SE wind 30 kt becoming SW 25 kt after midnight. Seas
12 ft. Rain.
.SUN...SW wind 20 kt. Seas 10 ft.
.SUN NIGHT...SW wind 20 kt. Seas 8 ft.
.MON...SE wind 15 kt. Seas 7 ft.
.TUE...Variable wind 10 kt. Seas 6 ft.
.WED...E wind 35 kt. Seas 12 ft.</Snippet>
   <ExtendedData>
    <Data name="ext_event">
     <value>Small Craft Advisory</value>
    </Data>
    <Data name="ext_severity">
     <value>Minor</value>
    </Data>
    <Data name="ext_urgency">
     <value>Expected</value>
    </Data>
    <Data name="ext_certainty">
     <value>Likely</value>
    </Data>
    <Data name="ext_effective">
     <value>2026-10-10T02:35:00-08:00</value>
    </Data>
    <Data name="ext_expires">
     <value>2026-10-10T15:45:00-08:00</value>
    </Data>
    <Data name="ext_areaDesc">
     <value>Cape Cleare to Gore Point from 15 to 75 NM</value>
    </Data>
    <Data name="ext_description">
     <value />
    </Data>
    <Data name="ext_instruction">
     <value />
    </Data>
    <Data name="ext_id">
     <value>https://api.weather.gov/alerts/urn:oid:2.49.0.1.840.0.ee740c6ff7b788f0dc75fd6a67fba6b4045f7516.006.1</value>
    </Data>
   </ExtendedData>
   <Point>
    <coordinates>-106.248482,34.840515,0</coordinates>
   </Point>
  </Placemark>
  <Placemark>
   <name>Small Craft Advisory issued October 10 at 2:35AM AKDT until October 11 at 5:00PM AKDT by NWS Anchorage AK</name>
   <styleUrl>#sev_minor</styleUrl>
   <Style>
    <BalloonStyle />
   </Style>
   <Snippet>Coastal Waters Forecast for the Northern Gulf of Alaska Coast
up to 100 nm out including Kodiak Island and Cook Inlet.

Wind forecasts reflect the predominant speed and direction
expected. Sea forecasts represent an average of the highest
one-third of the combined wind wave and swell height.

.TODAY...S wind 30 kt. Seas 10 ft. Rain.
.TONIGHT...SW wind 25 kt. Seas 8 ft.
.SUN...SW wind 25 kt. Seas 8 ft.
.SUN NIGHT...SW wind 20 kt. Seas 6 ft.
.MON...W wind 15 kt. Seas 5 ft.
.TUE...Variable wind 10 kt. Seas 5 ft.
.WED...E wind 35 kt. Seas 17 ft.</Snippet>
   <ExtendedData>
    <Data name="ext_event">
     <value>Small Craft Advisory</value>
    </Data>
    <Data name="ext_severity">
     <value>Minor</value>
    </Data>
    <Data name="ext_urgency">
     <value>Expected</value>
    </Data>
    <Data name="ext_certainty">
     <value>Likely</value>
    </Data>
    <Data name="ext_effective">
     <value>2026-10-10T02:35:00-08:00</value>
    </Data>
    <Data name="ext_expires">
     <value>2026-10-10T15:45:00-08:00</value>
    </Data>
    <Data name="ext_areaDesc">
     <value>Marmot Island to Sitkinak out to 15 NM</value>
    </Data>
    <Data name="ext_description">
     <value />
    </Data>
    <Data name="ext_instruction">
     <value />
    </Data>
    <Data name="ext_id">
     <value>https://api.weather.gov/alerts/urn:oid:2.49.0.1.840.0.ee740c6ff7b788f0dc75fd6a67fba6b4045f7516.018.1</value>
    </Data>
   </ExtendedData>
   <Point>
    <coordinates>-106.248482,34.840515,0</coordinates>
   </Point>
  </Placemark>
  <Placemark>
   <name>Small Craft Advisory issued October 10 at 2:35AM AKDT until October 11 at 5:00PM AKDT by NWS Anchorage AK</name>
   <styleUrl>#sev_minor</styleUrl>
   <Style>
    <BalloonStyle />
   </Style>
   <Snippet>Coastal Waters Forecast for the Northern Gulf of Alaska Coast
up to 100 nm out including Kodiak Island and Cook Inlet.

Wind forecasts reflect the predominant speed and direction
expected. Sea forecasts represent an average of the highest
one-third of the combined wind wave and swell height.

.TODAY...S wind 30 kt. Seas 13 ft. Rain.
.TONIGHT...SW wind 25 kt. Seas 10 ft.
.SUN...SW wind 25 kt. Seas 10 ft.
.SUN NIGHT...SW wind 20 kt. Seas 8 ft.
.MON...W wind 20 kt. Seas 8 ft.
.TUE...SW wind 15 kt. Seas 7 ft.
.WED...E wind 30 kt. Seas 18 ft.</Snippet>
   <ExtendedData>
    <Data name="ext_event">
     <value>Small Craft Advisory</value>
    </Data>
    <Data name="ext_severity">
     <value>Minor</value>
    </Data>
    <Data name="ext_urgency">
     <value>Expected</value>
    </Data>
    <Data name="ext_certainty">
     <value>Likely</value>
    </Data>
    <Data name="ext_effective">
     <value>2026-10-10T02:35:00-08:00</value>
    </Data>
    <Data name="ext_expires">
     <value>2026-10-10T15:45:00-08:00</value>
    </Data>
    <Data name="ext_areaDesc">
     <value>Marmot Island To Sitkinak from 15 to 85 NM</value>
    </Data>
    <Data name="ext_description">
     <value />
    </Data>
    <Data name="ext_instruction">
     <value />
    </Data>
    <Data name="ext_id">
     <value>https://api.weather.gov/alerts/urn:oid:2.49.0.1.840.0.ee740c6ff7b788f0dc75fd6a67fba6b4045f7516.019.1</value>
    </Data>
   </ExtendedData>
   <Point>
    <coordinates>-106.248482,34.840515,0</coordinates>
   </Point>
  </Placemark>
  <Placemark>
   <name>Small Craft Advisory issued October 10 at 2:35AM AKDT until October 11 at 5:00PM AKDT by NWS Anchorage AK</name>
   <styleUrl>#sev_minor</styleUrl>
   <Style>
    <BalloonStyle />
   </Style>
   <Snippet>Coastal Waters Forecast for the Northern Gulf of Alaska Coast
up to 100 nm out including Kodiak Island and Cook Inlet.

Wind forecasts reflect the predominant speed and direction
expected. Sea forecasts represent an average of the highest
one-third of the combined wind wave and swell height.

.TODAY...SE wind 25 kt. Seas 8 ft. Rain.
.TONIGHT...E wind 30 kt becoming SW 20 kt after midnight. Seas
10 ft. Rain.
.SUN...SW wind 20 kt. Seas 9 ft.
.SUN NIGHT...SW wind 15 kt. Seas 7 ft.
.MON THROUGH TUE...Variable wind 10 kt. Seas 6 ft.
.WED...NE wind 40 kt. Seas 11 ft.</Snippet>
   <ExtendedData>
    <Data name="ext_event">
     <value>Small Craft Advisory</value>
    </Data>
    <Data name="ext_severity">
     <value>Minor</value>
    </Data>
    <Data name="ext_urgency">
     <value>Expected</value>
    </Data>
    <Data name="ext_certainty">
     <value>Likely</value>
    </Data>
    <Data name="ext_effective">
     <value>2026-10-10T02:35:00-08:00</value>
    </Data>
    <Data name="ext_expires">
     <value>2026-10-10T15:45:00-08:00</value>
    </Data>
    <Data name="ext_areaDesc">
     <value>Cape Cleare to Gore Point out to 15 NM</value>
    </Data>
    <Data name="ext_description">
     <value />
    </Data>
    <Data name="ext_instruction">
     <value />
    </Data>
    <Data name="ext_id">
     <value>https://api.weather.gov/alerts/urn:oid:2.49.0.1.840.0.ee740c6ff7b788f0dc75fd6a67fba6b4045f7516.005.1</value>
    </Data>
   </ExtendedData>
   <Point>
    <coordinates>-106.248482,34.840515,0</coordinates>
   </Point>
  </Placemark>
  <Placemark>
   <name>Gale Warning issued October 10 at 2:35AM AKDT until October 11 at 5:00AM AKDT by NWS Anchorage AK</name>
   <styleUrl>#sev_moderate</styleUrl>
   <Style>
    <BalloonStyle />
   </Style>
   <Snippet>Coastal Waters Forecast for the Northern Gulf of Alaska Coast
up to 100 nm out including Kodiak Island and Cook Inlet.

Wind forecasts reflect the predominant speed and direction
expected. Sea forecasts represent an average of the highest
one-third of the combined wind wave and swell height.

.TODAY...SE wind 25 kt. Seas 8 ft.
.TONIGHT...SE wind 30 kt becoming S 40 kt after midnight. Seas
12 ft. Rain.
.SUN...SW wind 20 kt. Seas 10 ft.
.SUN NIGHT...SW wind 15 kt. Seas 8 ft.
.MON...S wind 20 kt. Seas 8 ft.
.TUE...Variable wind 10 kt. Seas 7 ft.
.WED...SE wind 40 kt. Seas 9 ft.</Snippet>
   <ExtendedData>
    <Data name="ext_event">
     <value>Gale Warning</value>
    </Data>
    <Data name="ext_severity">
     <value>Moderate</value>
    </Data>
    <Data name="ext_urgency">
     <value>Expected</value>
    </Data>
    <Data name="ext_certainty">
     <value>Likely</value>
    </Data>
    <Data name="ext_effective">
     <value>2026-10-10T02:35:00-08:00</value>
    </Data>
    <Data name="ext_expires">
     <value>2026-10-10T15:45:00-08:00</value>
    </Data>
    <Data name="ext_areaDesc">
     <value>Cape Suckling to Cape Cleare from 15 to 75 NM</value>
    </Data>
    <Data name="ext_description">
     <value />
    </Data>
    <Data name="ext_instruction">
     <value />
    </Data>
    <Data name="ext_id">
     <value>https://api.weather.gov/alerts/urn:oid:2.49.0.1.840.0.ee740c6ff7b788f0dc75fd6a67fba6b4045f7516.004.1</value>
    </Data>
   </ExtendedData>
   <Point>
    <coordinates>-106.248482,34.840515,0</coordinates>
   </Point>
  </Placemark>
  <Placemark>
   <name>Gale Warning issued October 10 at 2:35AM AKDT until October 11 at 5:00AM AKDT by NWS Anchorage AK</name>
   <styleUrl>#sev_moderate</styleUrl>
   <Style>
    <BalloonStyle />
   </Style>
   <Snippet>Coastal Waters Forecast for the Northern Gulf of Alaska Coast
up to 100 nm out including Kodiak Island and Cook Inlet.

Wind forecasts reflect the predominant speed and direction
expected. Sea forecasts represent an average of the highest
one-third of the combined wind wave and swell height.

.TODAY...SE wind 25 kt. Seas 7 ft. Rain.
.TONIGHT...SE wind 30 kt increasing to 40 kt after midnight. Seas
12 ft. Rain.
.SUN...SW wind 20 kt. Seas 8 ft.
.SUN NIGHT...SW wind 15 kt. Seas 7 ft.
.MON...SE wind 15 kt. Seas 7 ft.
.TUE...Variable wind 10 kt. Seas 6 ft.
.WED...E wind 40 kt. Seas 7 ft.</Snippet>
   <ExtendedData>
    <Data name="ext_event">
     <value>Gale Warning</value>
    </Data>
    <Data name="ext_severity">
     <value>Moderate</value>
    </Data>
    <Data name="ext_urgency">
     <value>Expected</value>
    </Data>
    <Data name="ext_certainty">
     <value>Likely</value>
    </Data>
    <Data name="ext_effective">
     <value>2026-10-10T02:35:00-08:00</value>
    </Data>
    <Data name="ext_expires">
     <value>2026-10-10T15:45:00-08:00</value>
    </Data>
    <Data name="ext_areaDesc">
     <value>Gravel Point to Cape Cleare out to 15 NM</value>
    </Data>
    <Data name="ext_description">
     <value />
    </Data>
    <Data name="ext_instruction">
     <value />
    </Data>
    <Data name="ext_id">
     <value>https://api.weather.gov/alerts/urn:oid:2.49.0.1.840.0.ee740c6ff7b788f0dc75fd6a67fba6b4045f7516.003.1</value>
    </Data>
   </ExtendedData>
   <Point>
    <coordinates>-106.248482,34.840515,0</coordinates>
   </Point>
  </Placemark>
  <Placemark>
   <name>Gale Warning issued October 10 at 2:35AM AKDT until October 11 at 5:00AM AKDT by NWS Anchorage AK</name>
   <styleUrl>#sev_moderate</styleUrl>
   <Style>
    <BalloonStyle />
   </Style>
   <Snippet>Coastal Waters Forecast for the Northern Gulf of Alaska Coast
up to 100 nm out including Kodiak Island and Cook Inlet.

Wind forecasts reflect the predominant speed and direction
expected. Sea forecasts represent an average of the highest
one-third of the combined wind wave and swell height.

.TODAY...SE wind 25 kt. Seas 6 ft. Rain.
.TONIGHT...SE wind 30 kt increasing to 40 kt after midnight. Seas
8 ft building to 13 ft after midnight. Rain.
.SUN...S wind 25 kt in the morning becoming variable 10 kt. Seas
9 ft. Rain showers.
.SUN NIGHT...Variable wind 10 kt. Seas 7 ft.
.MON THROUGH TUE...E wind 15 kt. Seas 7 ft.
.WED...E wind 40 kt. Seas 5 ft.</Snippet>
   <ExtendedData>
    <Data name="ext_event">
     <value>Gale Warning</value>
    </Data>
    <Data name="ext_severity">
     <value>Moderate</value>
    </Data>
    <Data name="ext_urgency">
     <value>Expected</value>
    </Data>
    <Data name="ext_certainty">
     <value>Likely</value>
    </Data>
    <Data name="ext_effective">
     <value>2026-10-10T02:35:00-08:00</value>
    </Data>
    <Data name="ext_expires">
     <value>2026-10-10T15:45:00-08:00</value>
    </Data>
    <Data name="ext_areaDesc">
     <value>Cape Suckling to Gravel Point out to 15 NM</value>
    </Data>
    <Data name="ext_description">
     <value />
    </Data>
    <Data name="ext_instruction">
     <value />
    </Data>
    <Data name="ext_id">
     <value>https://api.weather.gov/alerts/urn:oid:2.49.0.1.840.0.ee740c6ff7b788f0dc75fd6a67fba6b4045f7516.002.1</value>
    </Data>
   </ExtendedData>
   <Point>
    <coordinates>-106.248482,34.840515,0</coordinates>
   </Point>
  </Placemark>
  <Placemark>
   <name>Small Craft Advisory issued October 10 at 2:35AM AKDT until October 11 at 5:00PM AKDT by NWS Anchorage AK</name>
   <styleUrl>#sev_minor</styleUrl>
   <Style>
    <BalloonStyle />
   </Style>
   <Snippet>Coastal Waters Forecast for the Northern Gulf of Alaska Coast
up to 100 nm out including Kodiak Island and Cook Inlet.

Wind forecasts reflect the predominant speed and direction
expected. Sea forecasts represent an average of the highest
one-third of the combined wind wave and swell height.

.TODAY...SE wind 30 kt. Seas 11 ft. Rain.
.TONIGHT...S wind 30 kt. Seas 11 ft. Rain.
.SUN...SW wind 20 kt. Seas 9 ft.
.SUN NIGHT...SW wind 20 kt. Seas 8 ft.
.MON...SW wind 20 kt. Seas 7 ft.
.TUE...Variable wind 10 kt. Seas 6 ft.
.WED...E wind 35 kt. Seas 14 ft.</Snippet>
   <ExtendedData>
    <Data name="ext_event">
     <value>Small Craft Advisory</value>
    </Data>
    <Data name="ext_severity">
     <value>Minor</value>
    </Data>
    <Data name="ext_urgency">
     <value>Expected</value>
    </Data>
    <Data name="ext_certainty">
     <value>Likely</value>
    </Data>
    <Data name="ext_effective">
     <value>2026-10-10T02:35:00-08:00</value>
    </Data>
    <Data name="ext_expires">
     <value>2026-10-10T15:45:00-08:00</value>
    </Data>
    <Data name="ext_areaDesc">
     <value>Gore Point to Marmot Island from 15 to 80 NM</value>
    </Data>
    <Data name="ext_description">
     <value />
    </Data>
    <Data name="ext_instruction">
     <value />
    </Data>
    <Data name="ext_id">
     <value>https://api.weather.gov/alerts/urn:oid:2.49.0.1.840.0.ee740c6ff7b788f0dc75fd6a67fba6b4045f7516.017.1</value>
    </Data>
   </ExtendedData>
   <Point>
    <coordinates>-106.248482,34.840515,0</coordinates>
   </Point>
  </Placemark>
  <Placemark>
   <name>Small Craft Advisory issued October 10 at 3:22AM PDT until October 11 at 11:00PM PDT by NWS Portland OR</name>
   <styleUrl>#sev_minor</styleUrl>
   <Style>
    <BalloonStyle />
   </Style>
   <Snippet>* WHAT...For the first Small Craft Advisory, seas 7 to 9 ft at
10 seconds and northwest winds 5 to 10 kt. For the second
Small Craft Advisory, seas 6 to 9 ft at 9 seconds and north
winds 10 to 20 kt expected.

* WHERE...Coastal waters from Cape Falcon to Cape Foulweather OR
out 10 NM.

* WHEN...Small Craft Advisory, until 2 PM PDT this afternoon.
Small Craft Advisory, from 2 PM to 11 PM PDT Sunday.

* IMPACTS...Conditions will be hazardous to small craft.</Snippet>
   <ExtendedData>
    <Data name="ext_event">
     <value>Small Craft Advisory</value>
    </Data>
    <Data name="ext_severity">
     <value>Minor</value>
    </Data>
    <Data name="ext_urgency">
     <value>Expected</value>
    </Data>
    <Data name="ext_certainty">
     <value>Likely</value>
    </Data>
    <Data name="ext_effective">
     <value>2026-10-10T03:22:00-07:00</value>
    </Data>
    <Data name="ext_expires">
     <value>2026-10-10T19:30:00-07:00</value>
    </Data>
    <Data name="ext_areaDesc">
     <value>Coastal waters from Cape Falcon to Cape Foulweather OR out 10 nm</value>
    </Data>
    <Data name="ext_description">
     <value />
    </Data>
    <Data name="ext_instruction">
     <value />
    </Data>
    <Data name="ext_id">
     <value>https://api.weather.gov/alerts/urn:oid:2.49.0.1.840.0.2ff18b4e20d6b6e2f4c28e67e56bfae60f98d2f9.004.2</value>
    </Data>
   </ExtendedData>
   <Point>
    <coordinates>-122.070938,44.572021,0</coordinates>
   </Point>
  </Placemark>
  <Placemark>
   <name>Small Craft Advisory issued October 10 at 3:22AM PDT until October 10 at 2:00PM PDT by NWS Portland OR</name>
   <styleUrl>#sev_minor</styleUrl>
   <Style>
    <BalloonStyle />
   </Style>
   <Snippet>* WHAT...For the first Small Craft Advisory, seas 8 to 11 ft at
10 seconds and northwest winds 5 to 15 kt. For the second
Small Craft Advisory, seas 8 to 10 ft at 9 seconds and north
winds 10 to 20 kt expected.

* WHERE...Waters from Cape Falcon to Cape Foulweather OR from 10
to 60 NM.

* WHEN...Small Craft Advisory, until 2 PM PDT this afternoon.
Small Craft Advisory, from 2 AM to 11 PM PDT Sunday.

* IMPACTS...Conditions will be hazardous to small craft.</Snippet>
   <ExtendedData>
    <Data name="ext_event">
     <value>Small Craft Advisory</value>
    </Data>
    <Data name="ext_severity">
     <value>Minor</value>
    </Data>
    <Data name="ext_urgency">
     <value>Expected</value>
    </Data>
    <Data name="ext_certainty">
     <value>Likely</value>
    </Data>
    <Data name="ext_effective">
     <value>2026-10-10T03:22:00-07:00</value>
    </Data>
    <Data name="ext_expires">
     <value>2026-10-10T19:30:00-07:00</value>
    </Data>
    <Data name="ext_areaDesc">
     <value>Waters from Cape Falcon to Cape Foulweather OR from 10 to 60 nm</value>
    </Data>
    <Data name="ext_description">
     <value />
    </Data>
    <Data name="ext_instruction">
     <value />
    </Data>
    <Data name="ext_id">
     <value>https://api.weather.gov/alerts/urn:oid:2.49.0.1.840.0.2ff18b4e20d6b6e2f4c28e67e56bfae60f98d2f9.002.1</value>
    </Data>
   </ExtendedData>
   <Point>
    <coordinates>-122.070938,44.572021,0</coordinates>
   </Point>
  </Placemark>
  <Placemark>
   <name>Small Craft Advisory issued October 10 at 3:22AM PDT until October 11 at 11:00PM PDT by NWS Portland OR</name>
   <styleUrl>#sev_minor</styleUrl>
   <Style>
    <BalloonStyle />
   </Style>
   <Snippet>* WHAT...For the first Small Craft Advisory, seas 7 to 10 ft at
10 seconds and north winds 5 to 15 kt. For the second Small
Craft Advisory, seas 8 to 10 ft at 9 seconds and north winds
10 to 20 kt with gusts up to 25 kt expected.

* WHERE...Waters from Cape Foulweather to Florence OR from 10 to
60 NM.

* WHEN...Small Craft Advisory, until 2 PM PDT this afternoon.
Small Craft Advisory, from 2 AM to 11 PM PDT Sunday.

* IMPACTS...Conditions will be hazardous to small craft.</Snippet>
   <ExtendedData>
    <Data name="ext_event">
     <value>Small Craft Advisory</value>
    </Data>
    <Data name="ext_severity">
     <value>Minor</value>
    </Data>
    <Data name="ext_urgency">
     <value>Expected</value>
    </Data>
    <Data name="ext_certainty">
     <value>Likely</value>
    </Data>
    <Data name="ext_effective">
     <value>2026-10-10T03:22:00-07:00</value>
    </Data>
    <Data name="ext_expires">
     <value>2026-10-10T19:30:00-07:00</value>
    </Data>
    <Data name="ext_areaDesc">
     <value>Waters from Cape Foulweather to Florence OR from 10 to 60 nm</value>
    </Data>
    <Data name="ext_description">
     <value />
    </Data>
    <Data name="ext_instruction">
     <value />
    </Data>
    <Data name="ext_id">
     <value>https://api.weather.gov/alerts/urn:oid:2.49.0.1.840.0.2ff18b4e20d6b6e2f4c28e67e56bfae60f98d2f9.003.2</value>
    </Data>
   </ExtendedData>
   <Point>
    <coordinates>-122.070938,44.572021,0</coordinates>
   </Point>
  </Placemark>
  <Placemark>
   <name>Small Craft Advisory issued October 10 at 3:22AM PDT until October 11 at 11:00PM PDT by NWS Portland OR</name>
   <styleUrl>#sev_minor</styleUrl>
   <Style>
    <BalloonStyle />
   </Style>
   <Snippet>* WHAT...For the first Small Craft Advisory, seas 8 to 11 ft at
10 seconds and northwest winds 5 to 15 kt. For the second
Small Craft Advisory, seas 8 to 10 ft at 9 seconds and north
winds 10 to 20 kt expected.

* WHERE...Waters from Cape Falcon to Cape Foulweather OR from 10
to 60 NM.

* WHEN...Small Craft Advisory, until 2 PM PDT this afternoon.
Small Craft Advisory, from 2 AM to 11 PM PDT Sunday.

* IMPACTS...Conditions will be hazardous to small craft.</Snippet>
   <ExtendedData>
    <Data name="ext_event">
     <value>Small Craft Advisory</value>
    </Data>
    <Data name="ext_severity">
     <value>Minor</value>
    </Data>
    <Data name="ext_urgency">
     <value>Expected</value>
    </Data>
    <Data name="ext_certainty">
     <value>Likely</value>
    </Data>
    <Data name="ext_effective">
     <value>2026-10-10T03:22:00-07:00</value>
    </Data>
    <Data name="ext_expires">
     <value>2026-10-10T19:30:00-07:00</value>
    </Data>
    <Data name="ext_areaDesc">
     <value>Waters from Cape Falcon to Cape Foulweather OR from 10 to 60 nm</value>
    </Data>
    <Data name="ext_description">
     <value />
    </Data>
    <Data name="ext_instruction">
     <value />
    </Data>
    <Data name="ext_id">
     <value>https://api.weather.gov/alerts/urn:oid:2.49.0.1.840.0.2ff18b4e20d6b6e2f4c28e67e56bfae60f98d2f9.002.2</value>
    </Data>
   </ExtendedData>
   <Point>
    <coordinates>-122.070938,44.572021,0</coordinates>
   </Point>
  </Placemark>
  <Placemark>
   <name>Small Craft Advisory issued October 10 at 3:22AM PDT until October 10 at 2:00PM PDT by NWS Portland OR</name>
   <styleUrl>#sev_minor</styleUrl>
   <Style>
    <BalloonStyle />
   </Style>
   <Snippet>* WHAT...Seas 6 to 11 ft at 10 seconds and northwest winds 10 to
20 kt.

* WHERE...Coastal waters from Cape Shoalwater WA to Cape Falcon
OR out 10 NM.

* WHEN...Until 2 PM PDT this afternoon.

* IMPACTS...Conditions will be hazardous to small craft.</Snippet>
   <ExtendedData>
    <Data name="ext_event">
     <value>Small Craft Advisory</value>
    </Data>
    <Data name="ext_severity">
     <value>Minor</value>
    </Data>
    <Data name="ext_urgency">
     <value>Expected</value>
    </Data>
    <Data name="ext_certainty">
     <value>Likely</value>
    </Data>
    <Data name="ext_effective">
     <value>2026-10-10T03:22:00-07:00</value>
    </Data>
    <Data name="ext_expires">
     <value>2026-10-10T14:00:00-07:00</value>
    </Data>
    <Data name="ext_areaDesc">
     <value>Coastal waters from Cape Shoalwater WA to Cape Falcon OR out 10 nm</value>
    </Data>
    <Data name="ext_description">
     <value />
    </Data>
    <Data name="ext_instruction">
     <value />
    </Data>
    <Data name="ext_id">
     <value>https://api.weather.gov/alerts/urn:oid:2.49.0.1.840.0.2ff18b4e20d6b6e2f4c28e67e56bfae60f98d2f9.005.1</value>
    </Data>
   </ExtendedData>
   <Point>
    <coordinates>-122.070938,44.572021,0</coordinates>
   </Point>
  </Placemark>
  <Placemark>
   <name>Small Craft Advisory issued October 10 at 3:22AM PDT until October 11 at 11:00PM PDT by NWS Portland OR</name>
   <styleUrl>#sev_minor</styleUrl>
   <Style>
    <BalloonStyle />
   </Style>
   <Snippet>* WHAT...Seas 7 to 9 ft at 9 seconds and north winds 10 to 20 kt
with gusts up to 25 kt expected.

* WHERE...Coastal waters from Cape Foulweather to Florence OR
out 10 NM.

* WHEN...From 2 PM to 11 PM PDT Sunday.

* IMPACTS...Conditions will be hazardous to small craft.</Snippet>
   <ExtendedData>
    <Data name="ext_event">
     <value>Small Craft Advisory</value>
    </Data>
    <Data name="ext_severity">
     <value>Minor</value>
    </Data>
    <Data name="ext_urgency">
     <value>Expected</value>
    </Data>
    <Data name="ext_certainty">
     <value>Likely</value>
    </Data>
    <Data name="ext_effective">
     <value>2026-10-10T03:22:00-07:00</value>
    </Data>
    <Data name="ext_expires">
     <value>2026-10-10T19:30:00-07:00</value>
    </Data>
    <Data name="ext_areaDesc">
     <value>Coastal waters from Cape Foulweather to Florence OR out 10 nm</value>
    </Data>
    <Data name="ext_description">
     <value />
    </Data>
    <Data name="ext_instruction">
     <value />
    </Data>
    <Data name="ext_id">
     <value>https://api.weather.gov/alerts/urn:oid:2.49.0.1.840.0.2ff18b4e20d6b6e2f4c28e67e56bfae60f98d2f9.007.1</value>
    </Data>
   </ExtendedData>
   <Point>
    <coordinates>-122.070938,44.572021,0</coordinates>
   </Point>
  </Placemark>
  <Placemark>
   <name>Small Craft Advisory issued October 10 at 3:22AM PDT until October 10 at 2:00PM PDT by NWS Portland OR</name>
   <styleUrl>#sev_minor</styleUrl>
   <Style>
    <BalloonStyle />
   </Style>
   <Snippet>* WHAT...For the first Small Craft Advisory, seas 7 to 9 ft at
10 seconds and northwest winds 5 to 10 kt. For the second
Small Craft Advisory, seas 6 to 9 ft at 9 seconds and north
winds 10 to 20 kt expected.

* WHERE...Coastal waters from Cape Falcon to Cape Foulweather OR
out 10 NM.

* WHEN...Small Craft Advisory, until 2 PM PDT this afternoon.
Small Craft Advisory, from 2 PM to 11 PM PDT Sunday.

* IMPACTS...Conditions will be hazardous to small craft.</Snippet>
   <ExtendedData>
    <Data name="ext_event">
     <value>Small Craft Advisory</value>
    </Data>
    <Data name="ext_severity">
     <value>Minor</value>
    </Data>
    <Data name="ext_urgency">
     <value>Expected</value>
    </Data>
    <Data name="ext_certainty">
     <value>Likely</value>
    </Data>
    <Data name="ext_effective">
     <value>2026-10-10T03:22:00-07:00</value>
    </Data>
    <Data name="ext_expires">
     <value>2026-10-10T19:30:00-07:00</value>
    </Data>
    <Data name="ext_areaDesc">
     <value>Coastal waters from Cape Falcon to Cape Foulweather OR out 10 nm</value>
    </Data>
    <Data name="ext_description">
     <value />
    </Data>
    <Data name="ext_instruction">
     <value />
    </Data>
    <Data name="ext_id">
     <value>https://api.weather.gov/alerts/urn:oid:2.49.0.1.840.0.2ff18b4e20d6b6e2f4c28e67e56bfae60f98d2f9.004.1</value>
    </Data>
   </ExtendedData>
   <Point>
    <coordinates>-122.070938,44.572021,0</coordinates>
   </Point>
  </Placemark>
  <Placemark>
   <name>Small Craft Advisory issued October 10 at 3:22AM PDT until October 10 at 2:00PM PDT by NWS Portland OR</name>
   <styleUrl>#sev_minor</styleUrl>
   <Style>
    <BalloonStyle />
   </Style>
   <Snippet>* WHAT...Seas 8 to 12 ft at 10 seconds and northwest winds 10 to
20 kt with gusts up to 25 kt.

* WHERE...Waters from Cape Shoalwater WA to Cape Falcon OR from
10 to 60 NM.

* WHEN...Until 2 PM PDT this afternoon.

* IMPACTS...Conditions will be hazardous to small craft.</Snippet>
   <ExtendedData>
    <Data name="ext_event">
     <value>Small Craft Advisory</value>
    </Data>
    <Data name="ext_severity">
     <value>Minor</value>
    </Data>
    <Data name="ext_urgency">
     <value>Expected</value>
    </Data>
    <Data name="ext_certainty">
     <value>Likely</value>
    </Data>
    <Data name="ext_effective">
     <value>2026-10-10T03:22:00-07:00</value>
    </Data>
    <Data name="ext_expires">
     <value>2026-10-10T14:00:00-07:00</value>
    </Data>
    <Data name="ext_areaDesc">
     <value>Waters from Cape Shoalwater WA to Cape Falcon OR from 10 to 60 nm</value>
    </Data>
    <Data name="ext_description">
     <value />
    </Data>
    <Data name="ext_instruction">
     <value />
    </Data>
    <Data name="ext_id">
     <value>https://api.weather.gov/alerts/urn:oid:2.49.0.1.840.0.2ff18b4e20d6b6e2f4c28e67e56bfae60f98d2f9.001.2</value>
    </Data>
   </ExtendedData>
   <Point>
    <coordinates>-122.070938,44.572021,0</coordinates>
   </Point>
  </Placemark>
  <Placemark>
   <name>Small Craft Advisory issued October 10 at 3:22AM PDT until October 10 at 2:00PM PDT by NWS Portland OR</name>
   <styleUrl>#sev_minor</styleUrl>
   <Style>
    <BalloonStyle />
   </Style>
   <Snippet>* WHAT...For the first Small Craft Advisory, seas 7 to 10 ft at
10 seconds and north winds 5 to 15 kt. For the second Small
Craft Advisory, seas 8 to 10 ft at 9 seconds and north winds
10 to 20 kt with gusts up to 25 kt expected.

* WHERE...Waters from Cape Foulweather to Florence OR from 10 to
60 NM.

* WHEN...Small Craft Advisory, until 2 PM PDT this afternoon.
Small Craft Advisory, from 2 AM to 11 PM PDT Sunday.

* IMPACTS...Conditions will be hazardous to small craft.</Snippet>
   <ExtendedData>
    <Data name="ext_event">
     <value>Small Craft Advisory</value>
    </Data>
    <Data name="ext_severity">
     <value>Minor</value>
    </Data>
    <Data name="ext_urgency">
     <value>Expected</value>
    </Data>
    <Data name="ext_certainty">
     <value>Likely</value>
    </Data>
    <Data name="ext_effective">
     <value>2026-10-10T03:22:00-07:00</value>
    </Data>
    <Data name="ext_expires">
     <value>2026-10-10T19:30:00-07:00</value>
    </Data>
    <Data name="ext_areaDesc">
     <value>Waters from Cape Foulweather to Florence OR from 10 to 60 nm</value>
    </Data>
    <Data name="ext_description">
     <value />
    </Data>
    <Data name="ext_instruction">
     <value />
    </Data>
    <Data name="ext_id">
     <value>https://api.weather.gov/alerts/urn:oid:2.49.0.1.840.0.2ff18b4e20d6b6e2f4c28e67e56bfae60f98d2f9.003.1</value>
    </Data>
   </ExtendedData>
   <Point>
    <coordinates>-122.070938,44.572021,0</coordinates>
   </Point>
  </Placemark>
  <Placemark>
   <name>Small Craft Advisory issued October 10 at 2:23AM PDT until October 11 at 11:00PM PDT by NWS Medford OR</name>
   <styleUrl>#sev_minor</styleUrl>
   <Style>
    <BalloonStyle />
   </Style>
   <Snippet>* WHAT...North winds 20 to 30 kt with a few gusts up to 40 kt and
steep to very steep hazardous seas of 8 to 12 feet at 8 to 10
seconds expected.

* WHERE...All areas, with the strongest winds and steepest seas
from around Port Orford southward.

* WHEN...Until 11 PM PDT Sunday.

* IMPACTS...Strong, gusty winds and steep to very steep
hazardous seas could capsize or damage vessels. Bar crossings
will become especially treacherous.

* View the hazard area in detail at https://go.usa.gov/x6hks</Snippet>
   <ExtendedData>
    <Data name="ext_event">
     <value>Small Craft Advisory</value>
    </Data>
    <Data name="ext_severity">
     <value>Minor</value>
    </Data>
    <Data name="ext_urgency">
     <value>Expected</value>
    </Data>
    <Data name="ext_certainty">
     <value>Likely</value>
    </Data>
    <Data name="ext_effective">
     <value>2026-10-10T02:23:00-07:00</value>
    </Data>
    <Data name="ext_expires">
     <value>2026-10-10T15:30:00-07:00</value>
    </Data>
    <Data name="ext_areaDesc">
     <value>Coastal waters from Cape Blanco OR to Pt. St. George CA out 10 nm</value>
    </Data>
    <Data name="ext_description">
     <value />
    </Data>
    <Data name="ext_instruction">
     <value />
    </Data>
    <Data name="ext_id">
     <value>https://api.weather.gov/alerts/urn:oid:2.49.0.1.840.0.7ab7be3ba5aceb6d2e462545352f41afac088e91.002.2</value>
    </Data>
   </ExtendedData>
   <Point>
    <coordinates>-119.681564,36.116203,0</coordinates>
   </Point>
  </Placemark>
  <Placemark>
   <name>Small Craft Advisory issued October 10 at 2:23AM PDT until October 11 at 11:00PM PDT by NWS Medford OR</name>
   <styleUrl>#sev_minor</styleUrl>
   <Style>
    <BalloonStyle />
   </Style>
   <Snippet>* WHAT...North winds 15 to 25 kt with gusts up to 30 kt and seas
7 to 10 ft at 8 to 10 seconds.

* WHERE...All areas, with highest winds and steepest seas south
of Cape Arago.

* WHEN...Until 11 PM PDT Sunday.

* IMPACTS...Gusty winds and/or steep seas could capsize or
damage smaller vessels.

* View the hazard area in detail at https://go.usa.gov/x6hks</Snippet>
   <ExtendedData>
    <Data name="ext_event">
     <value>Small Craft Advisory</value>
    </Data>
    <Data name="ext_severity">
     <value>Minor</value>
    </Data>
    <Data name="ext_urgency">
     <value>Expected</value>
    </Data>
    <Data name="ext_certainty">
     <value>Likely</value>
    </Data>
    <Data name="ext_effective">
     <value>2026-10-10T02:23:00-07:00</value>
    </Data>
    <Data name="ext_expires">
     <value>2026-10-10T15:30:00-07:00</value>
    </Data>
    <Data name="ext_areaDesc">
     <value>Waters from Florence to Cape Blanco OR from 10 to 60 nm</value>
    </Data>
    <Data name="ext_description">
     <value />
    </Data>
    <Data name="ext_instruction">
     <value />
    </Data>
    <Data name="ext_id">
     <value>https://api.weather.gov/alerts/urn:oid:2.49.0.1.840.0.7ab7be3ba5aceb6d2e462545352f41afac088e91.004.1</value>
    </Data>
   </ExtendedData>
   <Point>
    <coordinates>-122.070938,44.572021,0</coordinates>
   </Point>
  </Placemark>
  <Placemark>
   <name>Hazardous Seas Warning issued October 10 at 2:23AM PDT until October 11 at 11:00PM PDT by NWS Medford OR</name>
   <styleUrl>#sev_moderate</styleUrl>
   <Style>
    <BalloonStyle />
   </Style>
   <Snippet>* WHAT...North winds 20 to 30 kt with a few gusts up to 40 kt and
steep to very steep hazardous seas of 8 to 12 feet at 8 to 10
seconds expected.

* WHERE...All areas, with the strongest winds and steepest seas
from around Port Orford southward.

* WHEN...Until 11 PM PDT Sunday.

* IMPACTS...Strong, gusty winds and steep to very steep
hazardous seas could capsize or damage vessels. Bar crossings
will become especially treacherous.

* View the hazard area in detail at https://go.usa.gov/x6hks</Snippet>
   <ExtendedData>
    <Data name="ext_event">
     <value>Hazardous Seas Warning</value>
    </Data>
    <Data name="ext_severity">
     <value>Moderate</value>
    </Data>
    <Data name="ext_urgency">
     <value>Expected</value>
    </Data>
    <Data name="ext_certainty">
     <value>Likely</value>
    </Data>
    <Data name="ext_effective">
     <value>2026-10-10T02:23:00-07:00</value>
    </Data>
    <Data name="ext_expires">
     <value>2026-10-10T15:30:00-07:00</value>
    </Data>
    <Data name="ext_areaDesc">
     <value>Coastal waters from Cape Blanco OR to Pt. St. George CA out 10 nm</value>
    </Data>
    <Data name="ext_description">
     <value />
    </Data>
    <Data name="ext_instruction">
     <value />
    </Data>
    <Data name="ext_id">
     <value>https://api.weather.gov/alerts/urn:oid:2.49.0.1.840.0.7ab7be3ba5aceb6d2e462545352f41afac088e91.002.1</value>
    </Data>
   </ExtendedData>
   <Point>
    <coordinates>-119.681564,36.116203,0</coordinates>
   </Point>
  </Placemark>
  <Placemark>
   <name>Hazardous Seas Warning issued October 10 at 2:23AM PDT until October 11 at 11:00PM PDT by NWS Medford OR</name>
   <styleUrl>#sev_moderate</styleUrl>
   <Style>
    <BalloonStyle />
   </Style>
   <Snippet>* WHAT...North winds 20 to 30 kt with a few gusts up to 40 kt and
steep to very steep hazardous seas of 8 to 12 feet at 8 to 10
seconds expected.

* WHERE...All areas.

* WHEN...Until 11 PM PDT Sunday.

* IMPACTS...Strong, gusty winds and steep to very steep
hazardous seas could capsize or damage vessels. Bar crossings
will become especially treacherous.

* View the hazard area in detail at https://go.usa.gov/x6hks</Snippet>
   <ExtendedData>
    <Data name="ext_event">
     <value>Hazardous Seas Warning</value>
    </Data>
    <Data name="ext_severity">
     <value>Moderate</value>
    </Data>
    <Data name="ext_urgency">
     <value>Expected</value>
    </Data>
    <Data name="ext_certainty">
     <value>Likely</value>
    </Data>
    <Data name="ext_effective">
     <value>2026-10-10T02:23:00-07:00</value>
    </Data>
    <Data name="ext_expires">
     <value>2026-10-10T15:30:00-07:00</value>
    </Data>
    <Data name="ext_areaDesc">
     <value>Waters from Cape Blanco OR to Pt. St. George CA from 10 to 60 nm</value>
    </Data>
    <Data name="ext_description">
     <value />
    </Data>
    <Data name="ext_instruction">
     <value />
    </Data>
    <Data name="ext_id">
     <value>https://api.weather.gov/alerts/urn:oid:2.49.0.1.840.0.7ab7be3ba5aceb6d2e462545352f41afac088e91.001.2</value>
    </Data>
   </ExtendedData>
   <Point>
    <coordinates>-119.681564,36.116203,0</coordinates>
   </Point>
  </Placemark>
  <Placemark>
   <name>Small Craft Advisory issued October 10 at 2:23AM PDT until October 11 at 11:00PM PDT by NWS Medford OR</name>
   <styleUrl>#sev_minor</styleUrl>
   <Style>
    <BalloonStyle />
   </Style>
   <Snippet>* WHAT...North winds 15 to 25 kt with gusts up to 30 kt and seas
7 to 10 ft at 8 to 10 seconds.

* WHERE...All areas, with highest winds and steepest seas south
of Cape Arago.

* WHEN...Until 11 PM PDT Sunday.

* IMPACTS...Gusty winds and/or steep seas could capsize or
damage smaller vessels.

* View the hazard area in detail at https://go.usa.gov/x6hks</Snippet>
   <ExtendedData>
    <Data name="ext_event">
     <value>Small Craft Advisory</value>
    </Data>
    <Data name="ext_severity">
     <value>Minor</value>
    </Data>
    <Data name="ext_urgency">
     <value>Expected</value>
    </Data>
    <Data name="ext_certainty">
     <value>Likely</value>
    </Data>
    <Data name="ext_effective">
     <value>2026-10-10T02:23:00-07:00</value>
    </Data>
    <Data name="ext_expires">
     <value>2026-10-10T15:30:00-07:00</value>
    </Data>
    <Data name="ext_areaDesc">
     <value>Coastal waters from Florence to Cape Blanco OR out 10 nm</value>
    </Data>
    <Data name="ext_description">
     <value />
    </Data>
    <Data name="ext_instruction">
     <value />
    </Data>
    <Data name="ext_id">
     <value>https://api.weather.gov/alerts/urn:oid:2.49.0.1.840.0.7ab7be3ba5aceb6d2e462545352f41afac088e91.003.1</value>
    </Data>
   </ExtendedData>
   <Point>
    <coordinates>-122.070938,44.572021,0</coordinates>
   </Point>
  </Placemark>
  <Placemark>
   <name>Small Craft Advisory issued October 10 at 2:57AM EDT until October 11 at 5:00AM EDT by NWS Jacksonville FL</name>
   <styleUrl>#sev_minor</styleUrl>
   <Style>
    <BalloonStyle />
   </Style>
   <Snippet>* WHAT...South winds 20 to 25 kt and seas 5 to 7 ft.

* WHERE...All Northeast Florida coastal waters from Fernandina
Beach FL to Flagler Beach FL out to 60 NM.

* WHEN...Until 5 AM EDT Sunday.

* IMPACTS...Conditions will be hazardous to small craft.</Snippet>
   <ExtendedData>
    <Data name="ext_event">
     <value>Small Craft Advisory</value>
    </Data>
    <Data name="ext_severity">
     <value>Minor</value>
    </Data>
    <Data name="ext_urgency">
     <value>Expected</value>
    </Data>
    <Data name="ext_certainty">
     <value>Likely</value>
    </Data>
    <Data name="ext_effective">
     <value>2026-10-10T02:57:00-04:00</value>
    </Data>
    <Data name="ext_expires">
     <value>2026-10-10T17:00:00-04:00</value>
    </Data>
    <Data name="ext_areaDesc">
     <value>Coastal waters from Fernandina Beach to St. Augustine FL out 20 NM; Coastal waters from St. Augustine to Flagler Beach FL out 20 NM; Waters from Fernandina Beach to St. Augustine FL from 20 to 60 NM; Waters from St. Augustine to Flagler Beach FL from 20 to 60 NM</value>
    </Data>
    <Data name="ext_description">
     <value />
    </Data>
    <Data name="ext_instruction">
     <value />
    </Data>
    <Data name="ext_id">
     <value>https://api.weather.gov/alerts/urn:oid:2.49.0.1.840.0.a51f8a9031432435443eea4dd23ec92ca28fbaa2.001.1</value>
    </Data>
   </ExtendedData>
   <Point>
    <coordinates>-81.686783,27.766279,0</coordinates>
   </Point>
  </Placemark>
  <Placemark>
   <name>Small Craft Advisory issued October 10 at 2:57AM EDT until October 11 at 5:00AM EDT by NWS Jacksonville FL</name>
   <styleUrl>#sev_minor</styleUrl>
   <Style>
    <BalloonStyle />
   </Style>
   <Snippet>* WHAT...South winds 20 to 25 kt and seas 5 to 7 ft.

* WHERE...All Southeast Georgia coastal waters from Altamaha
Sound GA to Fernandina Beach FL out to 60 NM.

* WHEN...Until 5 AM EDT Sunday.

* IMPACTS...Conditions will be hazardous to small craft.</Snippet>
   <ExtendedData>
    <Data name="ext_event">
     <value>Small Craft Advisory</value>
    </Data>
    <Data name="ext_severity">
     <value>Minor</value>
    </Data>
    <Data name="ext_urgency">
     <value>Expected</value>
    </Data>
    <Data name="ext_certainty">
     <value>Likely</value>
    </Data>
    <Data name="ext_effective">
     <value>2026-10-10T02:57:00-04:00</value>
    </Data>
    <Data name="ext_expires">
     <value>2026-10-10T17:00:00-04:00</value>
    </Data>
    <Data name="ext_areaDesc">
     <value>Coastal waters from Altamaha Sound to Fernandina Beach FL out 20 NM; Waters from Altamaha Sound GA to Fernandina Beach FL from 20 to 60 NM</value>
    </Data>
    <Data name="ext_description">
     <value />
    </Data>
    <Data name="ext_instruction">
     <value />
    </Data>
    <Data name="ext_id">
     <value>https://api.weather.gov/alerts/urn:oid:2.49.0.1.840.0.a51f8a9031432435443eea4dd23ec92ca28fbaa2.002.1</value>
    </Data>
   </ExtendedData>
   <Point>
    <coordinates>-81.686783,27.766279,0</coordinates>
   </Point>
  </Placemark>
  <Placemark>
   <name>Wind Advisory issued October 9 at 11:52PM PDT until October 12 at 5:00AM PDT by NWS Las Vegas NV</name>
   <styleUrl>#sev_moderate</styleUrl>
   <Style>
    <BalloonStyle />
   </Style>
   <Snippet>* WHAT...South winds 20 to 30 mph with gusts between 45 and 55 mph
expected.

* WHERE...Portions of northwest Arizona, southeast California, and
southern Nevada.

* WHEN...From 2 AM PDT /2 AM MST/ Sunday to 5 AM PDT /5 AM MST/
Monday.

* IMPACTS...Gusty winds will blow around unsecured objects. Tree
limbs could be blown down and a few power outages may result.</Snippet>
   <ExtendedData>
    <Data name="ext_event">
     <value>Wind Advisory</value>
    </Data>
    <Data name="ext_severity">
     <value>Moderate</value>
    </Data>
    <Data name="ext_urgency">
     <value>Expected</value>
    </Data>
    <Data name="ext_certainty">
     <value>Likely</value>
    </Data>
    <Data name="ext_effective">
     <value>2026-10-09T23:52:00-07:00</value>
    </Data>
    <Data name="ext_expires">
     <value>2026-10-10T12:00:00-07:00</value>
    </Data>
    <Data name="ext_areaDesc">
     <value>Northwest Plateau; Lake Havasu and Fort Mohave; Lake Mead - AZ side; Lake Mohave - AZ side; Hualapai Mountains; Northwest Deserts; Western Mojave Desert; Eastern Mojave Desert, Including the Mojave National Preserve; Morongo Basin; Cadiz Basin; San Bernardino County-Upper Colorado River Valley; Northeast Clark County; Sheep Range; Spring Mountains-Red Rock Canyon; Las Vegas Valley; Southern Clark County; Lake Mead - NV side; Lake Mohave - NV side</value>
    </Data>
    <Data name="ext_description">
     <value />
    </Data>
    <Data name="ext_instruction">
     <value />
    </Data>
    <Data name="ext_id">
     <value>https://api.weather.gov/alerts/urn:oid:2.49.0.1.840.0.c31fba86273bfb2ece45c0950c95352dc025bac9.001.1</value>
    </Data>
   </ExtendedData>
   <Point>
    <coordinates>-111.431221,33.729759,0</coordinates>
   </Point>
  </Placemark>
  <Placemark>
   <name>Gale Warning issued October 10 at 2:45AM EDT until October 11 at 2:00PM EDT by NWS Newport/Morehead City NC</name>
   <styleUrl>#sev_moderate</styleUrl>
   <Style>
    <BalloonStyle />
   </Style>
   <Snippet>* WHAT...Southeast winds 25 to 30 kt with gusts up to 35 kt and
seas 7 to 11 ft expected.

* WHERE...The offshore waters from Oregon Inlet to Ocracoke
Inlet.

* WHEN...From 6 PM this evening to 2 PM EDT Sunday.

* IMPACTS...Strong winds will cause hazardous seas which could
capsize or damage vessels and reduce visibility.</Snippet>
   <ExtendedData>
    <Data name="ext_event">
     <value>Gale Warning</value>
    </Data>
    <Data name="ext_severity">
     <value>Moderate</value>
    </Data>
    <Data name="ext_urgency">
     <value>Expected</value>
    </Data>
    <Data name="ext_certainty">
     <value>Likely</value>
    </Data>
    <Data name="ext_effective">
     <value>2026-10-10T02:45:00-04:00</value>
    </Data>
    <Data name="ext_expires">
     <value>2026-10-10T14:45:00-04:00</value>
    </Data>
    <Data name="ext_areaDesc">
     <value>Waters from Oregon Inlet to Cape Hatteras NC from 20 to 60 NM; Waters from Cape Hatteras to Ocracoke Inlet NC from 20 to 60 NM</value>
    </Data>
    <Data name="ext_description">
     <value />
    </Data>
    <Data name="ext_instruction">
     <value />
    </Data>
    <Data name="ext_id">
     <value>https://api.weather.gov/alerts/urn:oid:2.49.0.1.840.0.a02845ef4942ba2f3fb4befe50de14fc817f2030.004.1</value>
    </Data>
   </ExtendedData>
   <Point>
    <coordinates>-106.248482,34.840515,0</coordinates>
   </Point>
  </Placemark>
  <Placemark>
   <name>Gale Warning issued October 10 at 2:45AM EDT until October 11 at 12:00PM EDT by NWS Newport/Morehead City NC</name>
   <styleUrl>#sev_moderate</styleUrl>
   <Style>
    <BalloonStyle />
   </Style>
   <Snippet>* WHAT...Southeast winds 20 to 30 kt with gusts up to 35 kt and
seas 7 to 10 ft expected.

* WHERE...The coastal and offshore waters from Duck to Oregon
Inlet.

* WHEN...From midnight tonight to noon EDT Sunday.

* IMPACTS...Strong winds will cause hazardous seas which could
capsize or damage vessels and reduce visibility.</Snippet>
   <ExtendedData>
    <Data name="ext_event">
     <value>Gale Warning</value>
    </Data>
    <Data name="ext_severity">
     <value>Moderate</value>
    </Data>
    <Data name="ext_urgency">
     <value>Expected</value>
    </Data>
    <Data name="ext_certainty">
     <value>Likely</value>
    </Data>
    <Data name="ext_effective">
     <value>2026-10-10T02:45:00-04:00</value>
    </Data>
    <Data name="ext_expires">
     <value>2026-10-10T14:45:00-04:00</value>
    </Data>
    <Data name="ext_areaDesc">
     <value>S of Currituck Beach Light NC to Oregon Inlet NC out to 20 NM; Waters from Currituck Beach Light to Oregon Inlet NC from 20 to 60 NM</value>
    </Data>
    <Data name="ext_description">
     <value />
    </Data>
    <Data name="ext_instruction">
     <value />
    </Data>
    <Data name="ext_id">
     <value>https://api.weather.gov/alerts/urn:oid:2.49.0.1.840.0.a02845ef4942ba2f3fb4befe50de14fc817f2030.002.1</value>
    </Data>
   </ExtendedData>
   <Point>
    <coordinates>-106.248482,34.840515,0</coordinates>
   </Point>
  </Placemark>
  <Placemark>
   <name>Gale Warning issued October 10 at 2:45AM EDT until October 11 at 12:00AM EDT by NWS Newport/Morehead City NC</name>
   <styleUrl>#sev_moderate</styleUrl>
   <Style>
    <BalloonStyle />
   </Style>
   <Snippet>* WHAT...East winds 25 to 30 kt with gusts up to 35 kt and seas
7 to 10 ft expected.

* WHERE...The coastal waters from Ocracoke Inlet to Surf City,
and the offshore waters from Ocracoke Inlet to Surf City.

* WHEN...From 2 PM this afternoon to midnight EDT tonight.

* IMPACTS...Strong winds will cause hazardous seas which could
capsize or damage vessels and reduce visibility.</Snippet>
   <ExtendedData>
    <Data name="ext_event">
     <value>Gale Warning</value>
    </Data>
    <Data name="ext_severity">
     <value>Moderate</value>
    </Data>
    <Data name="ext_urgency">
     <value>Expected</value>
    </Data>
    <Data name="ext_certainty">
     <value>Likely</value>
    </Data>
    <Data name="ext_effective">
     <value>2026-10-10T02:45:00-04:00</value>
    </Data>
    <Data name="ext_expires">
     <value>2026-10-10T14:45:00-04:00</value>
    </Data>
    <Data name="ext_areaDesc">
     <value>S of Ocracoke Inlet NC to Cape Lookout NC out to 20 NM; S of Cape Lookout NC to Surf City NC out to 20 NM; Waters from Ocracoke Inlet to Cape Lookout NC from 20 to 60 NM; Waters from Cape Lookout  to Surf City NC from 20 to 60 NM</value>
    </Data>
    <Data name="ext_description">
     <value />
    </Data>
    <Data name="ext_instruction">
     <value />
    </Data>
    <Data name="ext_id">
     <value>https://api.weather.gov/alerts/urn:oid:2.49.0.1.840.0.a02845ef4942ba2f3fb4befe50de14fc817f2030.001.1</value>
    </Data>
   </ExtendedData>
   <Point>
    <coordinates>-106.248482,34.840515,0</coordinates>
   </Point>
  </Placemark>
  <Placemark>
   <name>Gale Warning issued October 10 at 2:45AM EDT until October 11 at 2:00AM EDT by NWS Newport/Morehead City NC</name>
   <styleUrl>#sev_moderate</styleUrl>
   <Style>
    <BalloonStyle />
   </Style>
   <Snippet>* WHAT...East winds 20 to 30 kt with gusts up to 35 kt and seas
7 to 10 ft expected.

* WHERE...The coastal waters from Oregon Inlet to Ocracoke Inlet.

* WHEN...From 6 PM this evening to 2 AM EDT Sunday.

* IMPACTS...Strong winds will cause hazardous seas which could
capsize or damage vessels and reduce visibility.</Snippet>
   <ExtendedData>
    <Data name="ext_event">
     <value>Gale Warning</value>
    </Data>
    <Data name="ext_severity">
     <value>Moderate</value>
    </Data>
    <Data name="ext_urgency">
     <value>Expected</value>
    </Data>
    <Data name="ext_certainty">
     <value>Likely</value>
    </Data>
    <Data name="ext_effective">
     <value>2026-10-10T02:45:00-04:00</value>
    </Data>
    <Data name="ext_expires">
     <value>2026-10-10T14:45:00-04:00</value>
    </Data>
    <Data name="ext_areaDesc">
     <value>S of Oregon Inlet NC to Cape Hatteras NC out to 20 NM; S of Cape Hatteras NC to Ocracoke Inlet NC out to 20 NM</value>
    </Data>
    <Data name="ext_description">
     <value />
    </Data>
    <Data name="ext_instruction">
     <value />
    </Data>
    <Data name="ext_id">
     <value>https://api.weather.gov/alerts/urn:oid:2.49.0.1.840.0.a02845ef4942ba2f3fb4befe50de14fc817f2030.003.1</value>
    </Data>
   </ExtendedData>
   <Point>
    <coordinates>-106.248482,34.840515,0</coordinates>
   </Point>
  </Placemark>
  <Placemark>
   <name>Gale Watch issued October 10 at 2:26AM EDT until October 12 at 12:00AM EDT by NWS Mount Holly NJ</name>
   <styleUrl>#sev_moderate</styleUrl>
   <Style>
    <BalloonStyle />
   </Style>
   <Snippet>* WHAT...Southeast winds 15 to 25 kt with gusts up to 35 kt and
seas 6 to 11 ft possible.

* WHERE...Waters from Manasquan Inlet NJ to Little Egg Inlet NJ
from 20 to 60 NM, Waters from Little Egg Inlet NJ to Great Egg
Inlet NJ from 20 to 60 NM, Waters from Great Egg Inlet NJ to
Cape May NJ from 20 to 60 NM and Waters from Cape May NJ to
Fenwick Island DE from 20 to 60 NM.

* WHEN...From Sunday morning through Sunday evening.

* IMPACTS...Strong winds can cause hazardous seas which could
capsize or damage vessels and reduce visibility.</Snippet>
   <ExtendedData>
    <Data name="ext_event">
     <value>Gale Watch</value>
    </Data>
    <Data name="ext_severity">
     <value>Moderate</value>
    </Data>
    <Data name="ext_urgency">
     <value>Future</value>
    </Data>
    <Data name="ext_certainty">
     <value>Possible</value>
    </Data>
    <Data name="ext_effective">
     <value>2026-10-10T02:26:00-04:00</value>
    </Data>
    <Data name="ext_expires">
     <value>2026-10-10T18:00:00-04:00</value>
    </Data>
    <Data name="ext_areaDesc">
     <value>Waters from Manasquan Inlet NJ to Little Egg Inlet NJ from 20 to 60 NM; Waters from Little Egg Inlet NJ to Great Egg Inlet NJ from 20 to 60 NM; Waters from Great Egg Inlet NJ to Cape May NJ from 20 to 60 NM; Waters from Cape May NJ to Fenwick Island DE from 20 to 60 NM</value>
    </Data>
    <Data name="ext_description">
     <value />
    </Data>
    <Data name="ext_instruction">
     <value />
    </Data>
    <Data name="ext_id">
     <value>https://api.weather.gov/alerts/urn:oid:2.49.0.1.840.0.75d341f0a5f64b7ac9fc330d82e2b622cc3048bf.002.1</value>
    </Data>
   </ExtendedData>
   <Point>
    <coordinates>-75.507141,39.318523,0</coordinates>
   </Point>
  </Placemark>
  <Placemark>
   <name>Gale Watch issued October 10 at 2:26AM EDT until October 11 at 10:00PM EDT by NWS Mount Holly NJ</name>
   <styleUrl>#sev_moderate</styleUrl>
   <Style>
    <BalloonStyle />
   </Style>
   <Snippet>* WHAT...Southeast winds 15 to 25 kt with gusts up to 35 kt and
rough waters possible.0

* WHERE...Delaware Bay waters north of East Point NJ to
Slaughter Beach DE and Delaware Bay waters south of East Point
NJ to Slaughter Beach DE.

* WHEN...From Sunday morning through Sunday evening.

* IMPACTS...Strong winds can cause hazardous seas which could
capsize or damage vessels and reduce visibility.</Snippet>
   <ExtendedData>
    <Data name="ext_event">
     <value>Gale Watch</value>
    </Data>
    <Data name="ext_severity">
     <value>Moderate</value>
    </Data>
    <Data name="ext_urgency">
     <value>Future</value>
    </Data>
    <Data name="ext_certainty">
     <value>Possible</value>
    </Data>
    <Data name="ext_effective">
     <value>2026-10-10T02:26:00-04:00</value>
    </Data>
    <Data name="ext_expires">
     <value>2026-10-10T18:00:00-04:00</value>
    </Data>
    <Data name="ext_areaDesc">
     <value>Delaware Bay waters north of East Point NJ to Slaughter Beach DE; Delaware Bay waters south of East Point NJ to Slaughter Beach DE</value>
    </Data>
    <Data name="ext_description">
     <value />
    </Data>
    <Data name="ext_instruction">
     <value />
    </Data>
    <Data name="ext_id">
     <value>https://api.weather.gov/alerts/urn:oid:2.49.0.1.840.0.75d341f0a5f64b7ac9fc330d82e2b622cc3048bf.004.1</value>
    </Data>
   </ExtendedData>
   <Point>
    <coordinates>-75.507141,39.318523,0</coordinates>
   </Point>
  </Placemark>
  <Placemark>
   <name>Gale Watch issued October 10 at 2:26AM EDT until October 11 at 10:00PM EDT by NWS Mount Holly NJ</name>
   <styleUrl>#sev_moderate</styleUrl>
   <Style>
    <BalloonStyle />
   </Style>
   <Snippet>* WHAT...Southeast winds 15 to 25 kt with gusts up to 35 kt and
seas 6 to 9 ft possible.

* WHERE...Coastal waters from Manasquan Inlet to Little Egg
Inlet NJ out 20 NM, Coastal waters from Little Egg Inlet to
Great Egg Inlet NJ out 20 NM, Coastal waters from Great Egg
Inlet to Cape May NJ out 20 NM, Coastal waters from Cape May
NJ to Cape Henlopen DE out 20 NM and Coastal waters from Cape
Henlopen to Fenwick Island DE out 20 NM.

* WHEN...From Sunday morning through Sunday evening.

* IMPACTS...Strong winds can cause hazardous seas which could
capsize or damage vessels and reduce visibility.</Snippet>
   <ExtendedData>
    <Data name="ext_event">
     <value>Gale Watch</value>
    </Data>
    <Data name="ext_severity">
     <value>Moderate</value>
    </Data>
    <Data name="ext_urgency">
     <value>Future</value>
    </Data>
    <Data name="ext_certainty">
     <value>Possible</value>
    </Data>
    <Data name="ext_effective">
     <value>2026-10-10T02:26:00-04:00</value>
    </Data>
    <Data name="ext_expires">
     <value>2026-10-10T18:00:00-04:00</value>
    </Data>
    <Data name="ext_areaDesc">
     <value>Coastal waters from Manasquan Inlet to Little Egg Inlet NJ out 20 NM; Coastal waters from Little Egg Inlet to Great Egg Inlet NJ out 20 NM; Coastal waters from Great Egg Inlet to Cape May NJ out 20 NM; Coastal waters from Cape May NJ to Cape Henlopen DE out 20 NM; Coastal waters from Cape Henlopen to Fenwick Island DE out 20 NM</value>
    </Data>
    <Data name="ext_description">
     <value />
    </Data>
    <Data name="ext_instruction">
     <value />
    </Data>
    <Data name="ext_id">
     <value>https://api.weather.gov/alerts/urn:oid:2.49.0.1.840.0.75d341f0a5f64b7ac9fc330d82e2b622cc3048bf.003.1</value>
    </Data>
   </ExtendedData>
   <Point>
    <coordinates>-75.507141,39.318523,0</coordinates>
   </Point>
  </Placemark>
  <Placemark>
   <name>Small Craft Advisory issued October 10 at 2:26AM EDT until October 12 at 6:00AM EDT by NWS Mount Holly NJ</name>
   <styleUrl>#sev_minor</styleUrl>
   <Style>
    <BalloonStyle />
   </Style>
   <Snippet>* WHAT...Southeast winds 15 to 25 kt with gusts up to 30 kt and
seas 6 to 9 ft expected.

* WHERE...Coastal waters from Sandy Hook to Manasquan Inlet NJ
out 20 NM.

* WHEN...From noon Sunday to 6 AM EDT Monday.

* IMPACTS...Conditions will be hazardous to small craft.</Snippet>
   <ExtendedData>
    <Data name="ext_event">
     <value>Small Craft Advisory</value>
    </Data>
    <Data name="ext_severity">
     <value>Minor</value>
    </Data>
    <Data name="ext_urgency">
     <value>Expected</value>
    </Data>
    <Data name="ext_certainty">
     <value>Likely</value>
    </Data>
    <Data name="ext_effective">
     <value>2026-10-10T02:26:00-04:00</value>
    </Data>
    <Data name="ext_expires">
     <value>2026-10-10T18:00:00-04:00</value>
    </Data>
    <Data name="ext_areaDesc">
     <value>Coastal waters from Sandy Hook to Manasquan Inlet NJ out 20 NM</value>
    </Data>
    <Data name="ext_description">
     <value />
    </Data>
    <Data name="ext_instruction">
     <value />
    </Data>
    <Data name="ext_id">
     <value>https://api.weather.gov/alerts/urn:oid:2.49.0.1.840.0.75d341f0a5f64b7ac9fc330d82e2b622cc3048bf.001.1</value>
    </Data>
   </ExtendedData>
   <Point>
    <coordinates>-74.521011,40.298904,0</coordinates>
   </Point>
  </Placemark>
  <Placemark>
   <name>Gale Warning issued October 10 at 2:24AM EDT until October 11 at 6:00AM EDT by NWS Wilmington NC</name>
   <styleUrl>#sev_moderate</styleUrl>
   <Style>
    <BalloonStyle />
   </Style>
   <Snippet>* WHAT...Southeast winds 15 to 25 kt with gusts up to 35 kt and
seas 5 to 8 ft expected.

* WHERE...Portions of Atlantic coastal waters.

* WHEN...From 8 AM this morning to 6 AM EDT Sunday.

* IMPACTS...Strong winds will cause hazardous seas which could
capsize or damage vessels and reduce visibility.</Snippet>
   <ExtendedData>
    <Data name="ext_event">
     <value>Gale Warning</value>
    </Data>
    <Data name="ext_severity">
     <value>Moderate</value>
    </Data>
    <Data name="ext_urgency">
     <value>Expected</value>
    </Data>
    <Data name="ext_certainty">
     <value>Likely</value>
    </Data>
    <Data name="ext_effective">
     <value>2026-10-10T02:24:00-04:00</value>
    </Data>
    <Data name="ext_expires">
     <value>2026-10-10T16:00:00-04:00</value>
    </Data>
    <Data name="ext_areaDesc">
     <value>Coastal waters from Surf City to Cape Fear NC out 20 nm; Coastal waters from Cape Fear NC to Little River Inlet SC out 20 NM; Coastal waters from Little River Inlet to Murrells Inlet SC out 20 NM; Coastal waters from Murrells Inlet to South Santee River SC out 20 NM; Waters from Surf City NC to Little River Inlet SC from 20 to 60 NM; Waters from Little River Inlet SC to South Santee River SC from 20 to 60 NM</value>
    </Data>
    <Data name="ext_description">
     <value />
    </Data>
    <Data name="ext_instruction">
     <value />
    </Data>
    <Data name="ext_id">
     <value>https://api.weather.gov/alerts/urn:oid:2.49.0.1.840.0.d13d31aebe2eaaa32e58dec584fbfc14dbd3e6d3.001.1</value>
    </Data>
   </ExtendedData>
   <Point>
    <coordinates>-106.248482,34.840515,0</coordinates>
   </Point>
  </Placemark>
  <Placemark>
   <name>Small Craft Advisory issued October 10 at 2:16AM EDT until October 12 at 6:00AM EDT by NWS Upton NY</name>
   <styleUrl>#sev_minor</styleUrl>
   <Style>
    <BalloonStyle />
   </Style>
   <Snippet>* WHAT...Southeast winds 15 to 25 kt with gusts up to 30 kt and
seas 6 to 9 feet expected.

* WHERE...Sandy Hook NJ to Montauk Point NY out 20 nm.

* WHEN...From noon Sunday to 6 AM EDT Monday.

* IMPACTS...Conditions will be hazardous to small craft.</Snippet>
   <ExtendedData>
    <Data name="ext_event">
     <value>Small Craft Advisory</value>
    </Data>
    <Data name="ext_severity">
     <value>Minor</value>
    </Data>
    <Data name="ext_urgency">
     <value>Expected</value>
    </Data>
    <Data name="ext_certainty">
     <value>Likely</value>
    </Data>
    <Data name="ext_effective">
     <value>2026-10-10T02:16:00-04:00</value>
    </Data>
    <Data name="ext_expires">
     <value>2026-10-10T17:00:00-04:00</value>
    </Data>
    <Data name="ext_areaDesc">
     <value>Moriches Inlet NY to Montauk Point NY out 20 NM; Fire Island Inlet NY to Moriches Inlet NY out 20 NM; Sandy Hook NJ to Fire Island Inlet NY out 20 NM</value>
    </Data>
    <Data name="ext_description">
     <value />
    </Data>
    <Data name="ext_instruction">
     <value />
    </Data>
    <Data name="ext_id">
     <value>https://api.weather.gov/alerts/urn:oid:2.49.0.1.840.0.cb9ace710d1c59f3f3c40bddd4d321b19f9eb7d3.001.1</value>
    </Data>
   </ExtendedData>
   <Point>
    <coordinates>-74.521011,40.298904,0</coordinates>
   </Point>
  </Placemark>
  <Placemark>
   <name>Small Craft Advisory issued October 10 at 12:52AM EDT until October 10 at 4:00PM EDT by NWS Miami FL</name>
   <styleUrl>#sev_minor</styleUrl>
   <Style>
    <BalloonStyle />
   </Style>
   <Snippet>* WHAT...South winds 15 to 20 kt with gusts up to 25 kt and seas
4 to 7 ft.

* WHERE...Coastal waters from Chokoloskee to Bonita Beach FL out
20 NM, Coastal waters from East Cape Sable to Chokoloskee FL
out 20 NM and Waters from Chokoloskee to Bonita Beach FL from
20 to 60 NM.

* WHEN...Until 4 PM EDT Saturday.

* IMPACTS...Conditions will be hazardous to small craft.</Snippet>
   <ExtendedData>
    <Data name="ext_event">
     <value>Small Craft Advisory</value>
    </Data>
    <Data name="ext_severity">
     <value>Minor</value>
    </Data>
    <Data name="ext_urgency">
     <value>Expected</value>
    </Data>
    <Data name="ext_certainty">
     <value>Likely</value>
    </Data>
    <Data name="ext_effective">
     <value>2026-10-10T00:52:00-04:00</value>
    </Data>
    <Data name="ext_expires">
     <value>2026-10-10T16:00:00-04:00</value>
    </Data>
    <Data name="ext_areaDesc">
     <value>Coastal waters from Chokoloskee to Bonita Beach FL out 20 NM; Coastal waters from East Cape Sable to Chokoloskee FL out 20 NM; Waters from Chokoloskee to Bonita Beach FL from 20 to 60 NM</value>
    </Data>
    <Data name="ext_description">
     <value />
    </Data>
    <Data name="ext_instruction">
     <value />
    </Data>
    <Data name="ext_id">
     <value>https://api.weather.gov/alerts/urn:oid:2.49.0.1.840.0.30b89505ec252a3c57718ac17cb3f687a5e576db.001.1</value>
    </Data>
   </ExtendedData>
   <Point>
    <coordinates>-81.686783,27.766279,0</coordinates>
   </Point>
  </Placemark>
  <Placemark>
   <name>Flood Advisory issued October 9 at 11:30PM EDT until October 13 at 2:00AM EDT by NWS Greenville-Spartanburg SC</name>
   <styleUrl>#sev_minor</styleUrl>
   <Style>
    <BalloonStyle />
   </Style>
   <Snippet>...The National Weather Service in Greenville-Spartanburg has issued
a Flood Advisory for the following rivers in North Carolina and South
Carolina...

(English) Broad River at Shelby Hwy (SC 18), 4 W Blacksburg
affecting Cleveland and Cherokee Counties.

(English) Broad River above Sandy Run Ck, 3 SSW Boiling Springs
affecting Cleveland County.

.Heavy rainfall from the remnants of Hurricane Isaias will result in
excessive runoff and significant rises on streams within the Broad
River watershed.  Rainfall will develop overnight tonight, intensify
during the day on Saturday, and maintain intensity through early
Sunday morning before tapering off by late Sunday morning.
Storm-total rainfall of 6-8 inches is expected, with isolated 10
inches possible, in the headwaters of the Broad River near Bat Cave,
Chimney Rock, and Lake Lure with significantly lesser amounts
downstream, including near Boiling Springs and Blacksburg, where
storm-total rainfall of 2-3 inches is forecasted.  While there
continues to be some uncertainty regarding the exact location,
timing, and amounts of the heaviest rainfall, there is enough
confidence in the current forecast that out-of-bank conditions are
likely for the Broad River downstream of the heaviest rainfall.
Therefore, River Flood Advisories have been issued, with crests above
Action Stage expected no later than Monday morning.  Rises above
Action Stage will result in nuisance, relatively shallow flooding of
low-lying areas adjacent to the Broad River, including farmland,
woodlands, low-lying secondary roads, greenways, parks, and other
flood-prone locations.

More significant rises along the Broad River are possible, and those
with interests along the Broad River are encouraged to stay weather
aware and up-to-date on the latest stream levels and forecasts at
https://water.noaa.gov/wfo/GSP.  Current reasonable worst-case
scenarios are posted in the ADDITIONAL DETAILS sections below.
Forecast crests above Minor Flood Stage may result in the River Flood
Advisories being upgraded to River Flood Warnings.

* WHAT...Flooding caused by excessive rainfall is expected.

* WHERE...(English) Broad River at above Sandy Run Ck, 3 SSW Boiling
Springs.

* WHEN...From this evening to late Monday night.

* IMPACTS...At 10.0 feet, Action Stage.  The Broad River is beginning
to flood residential yards located off of Abe's Mountain Rd. At
12.0 feet, Minor Flood Stage. Broad River floodwaters may be
approaching the base of residential home foundations between Abe's
Mountain Rd. and the river.

* ADDITIONAL DETAILS...
- At 10:15 PM EDT Friday the stage was 1.7 feet and steady.
- Forecast...The river is expected to rise to a crest of 11.7 feet
Monday morning.  A crest above the Minor Flood Stage of 12 feet
is possible.  A reasonable worst-case crest near the Moderate
Flood Stage of 14 feet cannot be ruled out.
- Action/Advisory Stage is 10.0 feet.
- Minor Flood Stage is 12.0 feet.</Snippet>
   <ExtendedData>
    <Data name="ext_event">
     <value>Flood Advisory</value>
    </Data>
    <Data name="ext_severity">
     <value>Minor</value>
    </Data>
    <Data name="ext_urgency">
     <value>Expected</value>
    </Data>
    <Data name="ext_certainty">
     <value>Observed</value>
    </Data>
    <Data name="ext_effective">
     <value>2026-10-09T23:30:00-04:00</value>
    </Data>
    <Data name="ext_expires">
     <value>2026-10-12T23:30:00-04:00</value>
    </Data>
    <Data name="ext_areaDesc">
     <value>Cleveland, NC</value>
    </Data>
    <Data name="ext_description">
     <value />
    </Data>
    <Data name="ext_instruction">
     <value />
    </Data>
    <Data name="ext_id">
     <value>https://api.weather.gov/alerts/urn:oid:2.49.0.1.840.0.67cfd716598406b3ddc2ed8fed7b50ef341ce43d.002.1</value>
    </Data>
   </ExtendedData>
   <Point>
    <coordinates>-79.806419,35.630066,0</coordinates>
   </Point>
  </Placemark>
  <Placemark>
   <name>Small Craft Advisory issued October 9 at 3:49PM AKDT until October 10 at 5:00PM AKDT by NWS Fairbanks AK</name>
   <styleUrl>#sev_minor</styleUrl>
   <Style>
    <BalloonStyle />
   </Style>
   <Snippet>Northwestern Alaska Coastal Waters out 100 NM

Wind forecasts reflect the predominant speed and direction
expected. Sea forecasts represent the average of the highest one-
third of the combined wind-wave and swell height.

.TONIGHT...S winds 25 kt. Seas 5 ft.
.SAT...S winds 25 kt. Seas 5 ft.
.SAT NIGHT...S winds 20 kt. Seas 4 ft.
.SUN...S winds 20 kt. Seas 4 ft.
.SUN NIGHT...S winds 20 kt. Seas 4 ft.
.MON...S winds 20 kt. Seas 4 ft.
.MON NIGHT...S winds 15 kt. Seas 3 ft.
.TUE...SE winds 10 kt. Seas 2 ft.
.WED...NE winds 20 kt. Seas 4 ft.</Snippet>
   <ExtendedData>
    <Data name="ext_event">
     <value>Small Craft Advisory</value>
    </Data>
    <Data name="ext_severity">
     <value>Minor</value>
    </Data>
    <Data name="ext_urgency">
     <value>Expected</value>
    </Data>
    <Data name="ext_certainty">
     <value>Likely</value>
    </Data>
    <Data name="ext_effective">
     <value>2026-10-09T15:49:00-08:00</value>
    </Data>
    <Data name="ext_expires">
     <value>2026-10-10T06:00:00-08:00</value>
    </Data>
    <Data name="ext_areaDesc">
     <value>Kwikpak Pass to Cape Stephens out to 15 NM</value>
    </Data>
    <Data name="ext_description">
     <value />
    </Data>
    <Data name="ext_instruction">
     <value />
    </Data>
    <Data name="ext_id">
     <value>https://api.weather.gov/alerts/urn:oid:2.49.0.1.840.0.e41f8f6250bfebef739ff262313845351e1554ff.003.1</value>
    </Data>
   </ExtendedData>
   <Point>
    <coordinates>-106.248482,34.840515,0</coordinates>
   </Point>
  </Placemark>
  <Placemark>
   <name>Small Craft Advisory issued October 9 at 3:49PM AKDT until October 10 at 5:00PM AKDT by NWS Fairbanks AK</name>
   <styleUrl>#sev_minor</styleUrl>
   <Style>
    <BalloonStyle />
   </Style>
   <Snippet>Northwestern Alaska Coastal Waters out 100 NM

Wind forecasts reflect the predominant speed and direction
expected. Sea forecasts represent the average of the highest one-
third of the combined wind-wave and swell height.

.TONIGHT...SE winds 30 kt. Seas 6 ft.
.SAT...S winds 25 kt. Seas 6 ft. Rain.
.SAT NIGHT...SE winds 20 kt. Seas 5 ft. Rain.
.SUN...SE winds 20 kt. Seas 5 ft.
.SUN NIGHT...N winds 15 kt. Seas 5 ft.
.MON...N winds 20 kt. Seas 5 ft.
.MON NIGHT...N winds 25 kt. Seas 6 ft.
.TUE...N winds 30 kt. Seas 6 ft.
.WED...N winds 25 kt. Seas 5 ft.</Snippet>
   <ExtendedData>
    <Data name="ext_event">
     <value>Small Craft Advisory</value>
    </Data>
    <Data name="ext_severity">
     <value>Minor</value>
    </Data>
    <Data name="ext_urgency">
     <value>Expected</value>
    </Data>
    <Data name="ext_certainty">
     <value>Likely</value>
    </Data>
    <Data name="ext_effective">
     <value>2026-10-09T15:49:00-08:00</value>
    </Data>
    <Data name="ext_expires">
     <value>2026-10-10T06:00:00-08:00</value>
    </Data>
    <Data name="ext_areaDesc">
     <value>Sledge Island to Wales greater than 15 NM</value>
    </Data>
    <Data name="ext_description">
     <value />
    </Data>
    <Data name="ext_instruction">
     <value />
    </Data>
    <Data name="ext_id">
     <value>https://api.weather.gov/alerts/urn:oid:2.49.0.1.840.0.e41f8f6250bfebef739ff262313845351e1554ff.017.1</value>
    </Data>
   </ExtendedData>
   <Point>
    <coordinates>-106.248482,34.840515,0</coordinates>
   </Point>
  </Placemark>
  <Placemark>
   <name>Small Craft Advisory issued October 9 at 3:49PM AKDT until October 10 at 5:00PM AKDT by NWS Fairbanks AK</name>
   <styleUrl>#sev_minor</styleUrl>
   <Style>
    <BalloonStyle />
   </Style>
   <Snippet>Northwestern Alaska Coastal Waters out 100 NM

Wind forecasts reflect the predominant speed and direction
expected. Sea forecasts represent the average of the highest one-
third of the combined wind-wave and swell height.

.TONIGHT...SE winds 25 kt. Seas 10 ft. Rain.
.SAT...S winds 25 kt. Seas 8 ft. Rain.
.SAT NIGHT...SE winds 15 kt. Seas 7 ft. Rain.
.SUN...E winds 15 kt. Seas 5 ft.
.SUN NIGHT...N winds 15 kt. Seas 5 ft.
.MON...N winds 25 kt. Seas 7 ft.
.MON NIGHT...N winds 30 kt. Seas 8 ft.
.TUE...N winds 30 kt. Seas 7 ft.
.WED...N winds 25 kt. Seas 5 ft.</Snippet>
   <ExtendedData>
    <Data name="ext_event">
     <value>Small Craft Advisory</value>
    </Data>
    <Data name="ext_severity">
     <value>Minor</value>
    </Data>
    <Data name="ext_urgency">
     <value>Expected</value>
    </Data>
    <Data name="ext_certainty">
     <value>Likely</value>
    </Data>
    <Data name="ext_effective">
     <value>2026-10-09T15:49:00-08:00</value>
    </Data>
    <Data name="ext_expires">
     <value>2026-10-10T06:00:00-08:00</value>
    </Data>
    <Data name="ext_areaDesc">
     <value>North Side of Saint Lawrence Island out to 15 NM</value>
    </Data>
    <Data name="ext_description">
     <value />
    </Data>
    <Data name="ext_instruction">
     <value />
    </Data>
    <Data name="ext_id">
     <value>https://api.weather.gov/alerts/urn:oid:2.49.0.1.840.0.e41f8f6250bfebef739ff262313845351e1554ff.012.1</value>
    </Data>
   </ExtendedData>
   <Point>
    <coordinates>-106.248482,34.840515,0</coordinates>
   </Point>
  </Placemark>
  <Placemark>
   <name>Gale Warning issued October 9 at 3:49PM AKDT until October 10 at 5:00PM AKDT by NWS Fairbanks AK</name>
   <styleUrl>#sev_moderate</styleUrl>
   <Style>
    <BalloonStyle />
   </Style>
   <Snippet>Northwestern Alaska Coastal Waters out 100 NM

Wind forecasts reflect the predominant speed and direction
expected. Sea forecasts represent the average of the highest one-
third of the combined wind-wave and swell height.

.TONIGHT...S winds 35 kt. Seas 5 ft building to 7 ft. Rain.
.SAT...S winds 35 kt. Seas 6 ft. Rain.
.SAT NIGHT...SE winds 20 kt. Seas 5 ft. Rain.
.SUN...SE winds 20 kt. Seas 5 ft. Rain.
.SUN NIGHT...E winds 15 kt. Seas 5 ft. Rain.
.MON...E winds 15 kt. Seas 5 ft.
.MON NIGHT...E winds 15 kt. Seas 4 ft.
.TUE...NE winds 25 kt. Seas 5 ft.
.WED...NE winds 25 kt. Seas 5 ft.</Snippet>
   <ExtendedData>
    <Data name="ext_event">
     <value>Gale Warning</value>
    </Data>
    <Data name="ext_severity">
     <value>Moderate</value>
    </Data>
    <Data name="ext_urgency">
     <value>Expected</value>
    </Data>
    <Data name="ext_certainty">
     <value>Likely</value>
    </Data>
    <Data name="ext_effective">
     <value>2026-10-09T15:49:00-08:00</value>
    </Data>
    <Data name="ext_expires">
     <value>2026-10-10T06:00:00-08:00</value>
    </Data>
    <Data name="ext_areaDesc">
     <value>Sledge Island to Wales out to 15 NM</value>
    </Data>
    <Data name="ext_description">
     <value />
    </Data>
    <Data name="ext_instruction">
     <value />
    </Data>
    <Data name="ext_id">
     <value>https://api.weather.gov/alerts/urn:oid:2.49.0.1.840.0.e41f8f6250bfebef739ff262313845351e1554ff.006.1</value>
    </Data>
   </ExtendedData>
   <Point>
    <coordinates>-106.248482,34.840515,0</coordinates>
   </Point>
  </Placemark>
  <Placemark>
   <name>Small Craft Advisory issued October 9 at 3:49PM AKDT until October 10 at 5:00PM AKDT by NWS Fairbanks AK</name>
   <styleUrl>#sev_minor</styleUrl>
   <Style>
    <BalloonStyle />
   </Style>
   <Snippet>Northwestern Alaska Coastal Waters out 100 NM

Wind forecasts reflect the predominant speed and direction
expected. Sea forecasts represent the average of the highest one-
third of the combined wind-wave and swell height.

.TONIGHT...S winds 25 kt. Seas 12 ft. Rain.
.SAT...S winds 25 kt. Seas 11 ft. Rain.
.SAT NIGHT...SE winds 15 kt. Seas 8 ft. Rain.
.SUN...S winds 15 kt. Seas 7 ft.
.SUN NIGHT...N winds 10 kt. Seas 5 ft.
.MON...N winds 20 kt. Seas 6 ft.
.MON NIGHT...N winds 25 kt. Seas 6 ft.
.TUE...N winds 25 kt. Seas 7 ft.
.WED...N winds 25 kt. Seas 5 ft.</Snippet>
   <ExtendedData>
    <Data name="ext_event">
     <value>Small Craft Advisory</value>
    </Data>
    <Data name="ext_severity">
     <value>Minor</value>
    </Data>
    <Data name="ext_urgency">
     <value>Expected</value>
    </Data>
    <Data name="ext_certainty">
     <value>Likely</value>
    </Data>
    <Data name="ext_effective">
     <value>2026-10-09T15:49:00-08:00</value>
    </Data>
    <Data name="ext_expires">
     <value>2026-10-10T06:00:00-08:00</value>
    </Data>
    <Data name="ext_areaDesc">
     <value>South Side of Saint Lawrence Island out to 15 NM</value>
    </Data>
    <Data name="ext_description">
     <value />
    </Data>
    <Data name="ext_instruction">
     <value />
    </Data>
    <Data name="ext_id">
     <value>https://api.weather.gov/alerts/urn:oid:2.49.0.1.840.0.e41f8f6250bfebef739ff262313845351e1554ff.011.1</value>
    </Data>
   </ExtendedData>
   <Point>
    <coordinates>-106.248482,34.840515,0</coordinates>
   </Point>
  </Placemark>
  <Placemark>
   <name>Small Craft Advisory issued October 9 at 3:49PM AKDT until October 10 at 5:00PM AKDT by NWS Fairbanks AK</name>
   <styleUrl>#sev_minor</styleUrl>
   <Style>
    <BalloonStyle />
   </Style>
   <Snippet>Northwestern Alaska Coastal Waters out 100 NM

Wind forecasts reflect the predominant speed and direction
expected. Sea forecasts represent the average of the highest one-
third of the combined wind-wave and swell height.

.TONIGHT...S winds 30 kt. Seas 6 ft.
.SAT...S winds 30 kt. Seas 6 ft. Rain.
.SAT NIGHT...S winds 25 kt. Seas 5 ft. Rain.
.SUN...S winds 20 kt. Seas 5 ft. Rain.
.SUN NIGHT...S winds 20 kt. Seas 5 ft.
.MON...S winds 15 kt. Seas 4 ft.
.MON NIGHT...S winds 10 kt. Seas 3 ft.
.TUE...SE winds 10 kt. Seas 2 ft.
.WED...NE winds 20 kt. Seas 4 ft.</Snippet>
   <ExtendedData>
    <Data name="ext_event">
     <value>Small Craft Advisory</value>
    </Data>
    <Data name="ext_severity">
     <value>Minor</value>
    </Data>
    <Data name="ext_urgency">
     <value>Expected</value>
    </Data>
    <Data name="ext_certainty">
     <value>Likely</value>
    </Data>
    <Data name="ext_effective">
     <value>2026-10-09T15:49:00-08:00</value>
    </Data>
    <Data name="ext_expires">
     <value>2026-10-10T06:00:00-08:00</value>
    </Data>
    <Data name="ext_areaDesc">
     <value>Dall Point to Kwikpak Pass out to 15 NM</value>
    </Data>
    <Data name="ext_description">
     <value />
    </Data>
    <Data name="ext_instruction">
     <value />
    </Data>
    <Data name="ext_id">
     <value>https://api.weather.gov/alerts/urn:oid:2.49.0.1.840.0.e41f8f6250bfebef739ff262313845351e1554ff.002.1</value>
    </Data>
   </ExtendedData>
   <Point>
    <coordinates>-106.248482,34.840515,0</coordinates>
   </Point>
  </Placemark>
  <Placemark>
   <name>Small Craft Advisory issued October 9 at 3:49PM AKDT until October 10 at 5:00PM AKDT by NWS Fairbanks AK</name>
   <styleUrl>#sev_minor</styleUrl>
   <Style>
    <BalloonStyle />
   </Style>
   <Snippet>Northwestern Alaska Coastal Waters out 100 NM

Wind forecasts reflect the predominant speed and direction
expected. Sea forecasts represent the average of the highest one-
third of the combined wind-wave and swell height.

.TONIGHT...S winds 25 kt. Seas 13 ft. Rain.
.SAT...S winds 25 kt. Seas 11 ft. Rain.
.SAT NIGHT...S winds 20 kt. Seas 9 ft. Rain.
.SUN...NW winds 15 kt. Seas 7 ft.
.SUN NIGHT...N winds 15 kt. Seas 7 ft.
.MON...N winds 20 kt. Seas 8 ft.
.MON NIGHT...N winds 20 kt. Seas 8 ft. Snow.
.TUE...N winds 25 kt. Seas 8 ft.
.WED...N winds 25 kt. Seas 5 ft.</Snippet>
   <ExtendedData>
    <Data name="ext_event">
     <value>Small Craft Advisory</value>
    </Data>
    <Data name="ext_severity">
     <value>Minor</value>
    </Data>
    <Data name="ext_urgency">
     <value>Expected</value>
    </Data>
    <Data name="ext_certainty">
     <value>Likely</value>
    </Data>
    <Data name="ext_effective">
     <value>2026-10-09T15:49:00-08:00</value>
    </Data>
    <Data name="ext_expires">
     <value>2026-10-10T06:00:00-08:00</value>
    </Data>
    <Data name="ext_areaDesc">
     <value>Southwest of Saint Lawrence Island from 15 to 100 NM</value>
    </Data>
    <Data name="ext_description">
     <value />
    </Data>
    <Data name="ext_instruction">
     <value />
    </Data>
    <Data name="ext_id">
     <value>https://api.weather.gov/alerts/urn:oid:2.49.0.1.840.0.e41f8f6250bfebef739ff262313845351e1554ff.014.1</value>
    </Data>
   </ExtendedData>
   <Point>
    <coordinates>-106.248482,34.840515,0</coordinates>
   </Point>
  </Placemark>
  <Placemark>
   <name>Small Craft Advisory issued October 9 at 3:49PM AKDT until October 10 at 5:00PM AKDT by NWS Fairbanks AK</name>
   <styleUrl>#sev_minor</styleUrl>
   <Style>
    <BalloonStyle />
   </Style>
   <Snippet>Northwestern Alaska Coastal Waters out 100 NM

Wind forecasts reflect the predominant speed and direction
expected. Sea forecasts represent the average of the highest one-
third of the combined wind-wave and swell height.

.TONIGHT...S winds 30 kt. Seas 6 ft.
.SAT...S winds 30 kt. Seas 6 ft. Rain.
.SAT NIGHT...S winds 25 kt. Seas 6 ft. Rain.
.SUN...S winds 25 kt. Seas 6 ft. Rain.
.SUN NIGHT...SW winds 20 kt. Seas 6 ft. Rain.
.MON...SW winds 15 kt. Seas 4 ft.
.MON NIGHT...SW winds 10 kt. Seas 3 ft.
.TUE...S winds 10 kt. Seas 2 ft.
.WED...NE winds 20 kt. Seas 4 ft.</Snippet>
   <ExtendedData>
    <Data name="ext_event">
     <value>Small Craft Advisory</value>
    </Data>
    <Data name="ext_severity">
     <value>Minor</value>
    </Data>
    <Data name="ext_urgency">
     <value>Expected</value>
    </Data>
    <Data name="ext_certainty">
     <value>Likely</value>
    </Data>
    <Data name="ext_effective">
     <value>2026-10-09T15:49:00-08:00</value>
    </Data>
    <Data name="ext_expires">
     <value>2026-10-10T06:00:00-08:00</value>
    </Data>
    <Data name="ext_areaDesc">
     <value>Etolin Strait to Dall Point out to 15 NM</value>
    </Data>
    <Data name="ext_description">
     <value />
    </Data>
    <Data name="ext_instruction">
     <value />
    </Data>
    <Data name="ext_id">
     <value>https://api.weather.gov/alerts/urn:oid:2.49.0.1.840.0.e41f8f6250bfebef739ff262313845351e1554ff.001.1</value>
    </Data>
   </ExtendedData>
   <Point>
    <coordinates>-106.248482,34.840515,0</coordinates>
   </Point>
  </Placemark>
  <Placemark>
   <name>Small Craft Advisory issued October 9 at 3:49PM AKDT until October 10 at 5:00PM AKDT by NWS Fairbanks AK</name>
   <styleUrl>#sev_minor</styleUrl>
   <Style>
    <BalloonStyle />
   </Style>
   <Snippet>Northwestern Alaska Coastal Waters out 100 NM

Wind forecasts reflect the predominant speed and direction
expected. Sea forecasts represent the average of the highest one-
third of the combined wind-wave and swell height.

.TONIGHT...S winds 30 kt. Seas 6 ft. Rain.
.SAT...S winds 30 kt. Seas 6 ft. Rain.
.SAT NIGHT...S winds 20 kt. Seas 5 ft. Rain.
.SUN...S winds 20 kt. Seas 5 ft. Rain.
.SUN NIGHT...S winds 20 kt. Seas 5 ft. Rain.
.MON...S winds 15 kt. Seas 5 ft. Rain.
.MON NIGHT...S winds 15 kt. Seas 4 ft.
.TUE...SE winds 10 kt. Seas 3 ft.
.WED...NE winds 15 kt. Seas 3 ft.</Snippet>
   <ExtendedData>
    <Data name="ext_event">
     <value>Small Craft Advisory</value>
    </Data>
    <Data name="ext_severity">
     <value>Minor</value>
    </Data>
    <Data name="ext_urgency">
     <value>Expected</value>
    </Data>
    <Data name="ext_certainty">
     <value>Likely</value>
    </Data>
    <Data name="ext_effective">
     <value>2026-10-09T15:49:00-08:00</value>
    </Data>
    <Data name="ext_expires">
     <value>2026-10-10T06:00:00-08:00</value>
    </Data>
    <Data name="ext_areaDesc">
     <value>Moses Point to Sledge Island out to 15 NM</value>
    </Data>
    <Data name="ext_description">
     <value />
    </Data>
    <Data name="ext_instruction">
     <value />
    </Data>
    <Data name="ext_id">
     <value>https://api.weather.gov/alerts/urn:oid:2.49.0.1.840.0.e41f8f6250bfebef739ff262313845351e1554ff.005.1</value>
    </Data>
   </ExtendedData>
   <Point>
    <coordinates>-106.248482,34.840515,0</coordinates>
   </Point>
  </Placemark>
  <Placemark>
   <name>Small Craft Advisory issued October 9 at 3:49PM AKDT until October 10 at 5:00PM AKDT by NWS Fairbanks AK</name>
   <styleUrl>#sev_minor</styleUrl>
   <Style>
    <BalloonStyle />
   </Style>
   <Snippet>Northwestern Alaska Coastal Waters out 100 NM

Wind forecasts reflect the predominant speed and direction
expected. Sea forecasts represent the average of the highest one-
third of the combined wind-wave and swell height.

.TONIGHT...S winds 30 kt. Seas 8 ft. Rain.
.SAT...S winds 30 kt. Seas 9 ft. Rain.
.SAT NIGHT...S winds 25 kt. Seas 8 ft. Rain.
.SUN...S winds 20 kt. Seas 7 ft. Rain.
.SUN NIGHT...SW winds 20 kt. Seas 7 ft.
.MON...SW winds 15 kt. Seas 5 ft.
.MON NIGHT...SW winds 10 kt. Seas 4 ft.
.TUE...NE winds 10 kt. Seas 3 ft.
.WED...NE winds 25 kt. Seas 5 ft.</Snippet>
   <ExtendedData>
    <Data name="ext_event">
     <value>Small Craft Advisory</value>
    </Data>
    <Data name="ext_severity">
     <value>Minor</value>
    </Data>
    <Data name="ext_urgency">
     <value>Expected</value>
    </Data>
    <Data name="ext_certainty">
     <value>Likely</value>
    </Data>
    <Data name="ext_effective">
     <value>2026-10-09T15:49:00-08:00</value>
    </Data>
    <Data name="ext_expires">
     <value>2026-10-10T06:00:00-08:00</value>
    </Data>
    <Data name="ext_areaDesc">
     <value>Etolin Strait to Kwemeluk Pass from 15 to 90 NM</value>
    </Data>
    <Data name="ext_description">
     <value />
    </Data>
    <Data name="ext_instruction">
     <value />
    </Data>
    <Data name="ext_id">
     <value>https://api.weather.gov/alerts/urn:oid:2.49.0.1.840.0.e41f8f6250bfebef739ff262313845351e1554ff.013.1</value>
    </Data>
   </ExtendedData>
   <Point>
    <coordinates>-106.248482,34.840515,0</coordinates>
   </Point>
  </Placemark>
  <Placemark>
   <name>Small Craft Advisory issued October 9 at 3:49PM AKDT until October 10 at 5:00PM AKDT by NWS Fairbanks AK</name>
   <styleUrl>#sev_minor</styleUrl>
   <Style>
    <BalloonStyle />
   </Style>
   <Snippet>Northwestern Alaska Coastal Waters out 100 NM

Wind forecasts reflect the predominant speed and direction
expected. Sea forecasts represent the average of the highest one-
third of the combined wind-wave and swell height.

.TONIGHT...S winds 30 kt. Seas 6 ft.
.SAT...S winds 30 kt. Seas 7 ft. Rain.
.SAT NIGHT...S winds 20 kt. Seas 6 ft. Rain.
.SUN...S winds 20 kt. Seas 6 ft.
.SUN NIGHT...S winds 15 kt. Seas 6 ft.
.MON...SW winds 15 kt. Seas 5 ft.
.MON NIGHT...S winds 10 kt. Seas 4 ft.
.TUE...SE winds 10 kt. Seas 3 ft.
.WED...NE winds 20 kt. Seas 4 ft.</Snippet>
   <ExtendedData>
    <Data name="ext_event">
     <value>Small Craft Advisory</value>
    </Data>
    <Data name="ext_severity">
     <value>Minor</value>
    </Data>
    <Data name="ext_urgency">
     <value>Expected</value>
    </Data>
    <Data name="ext_certainty">
     <value>Likely</value>
    </Data>
    <Data name="ext_effective">
     <value>2026-10-09T15:49:00-08:00</value>
    </Data>
    <Data name="ext_expires">
     <value>2026-10-10T06:00:00-08:00</value>
    </Data>
    <Data name="ext_areaDesc">
     <value>Kwemeluk Pass to Kwikpak Pass from 15 to 90 NM</value>
    </Data>
    <Data name="ext_description">
     <value />
    </Data>
    <Data name="ext_instruction">
     <value />
    </Data>
    <Data name="ext_id">
     <value>https://api.weather.gov/alerts/urn:oid:2.49.0.1.840.0.e41f8f6250bfebef739ff262313845351e1554ff.016.1</value>
    </Data>
   </ExtendedData>
   <Point>
    <coordinates>-106.248482,34.840515,0</coordinates>
   </Point>
  </Placemark>
  <Placemark>
   <name>Small Craft Advisory issued October 9 at 3:42PM AKDT until October 11 at 5:00AM AKDT by NWS Anchorage AK</name>
   <styleUrl>#sev_minor</styleUrl>
   <Style>
    <BalloonStyle />
   </Style>
   <Snippet>Coastal Waters Forecast for the Northern Gulf of Alaska Coast
up to 100 nm out including Kodiak Island and Cook Inlet.

Wind forecasts reflect the predominant speed and direction
expected. Sea forecasts represent an average of the highest
one-third of the combined wind wave and swell height.

.TONIGHT...S wind 20 kt. Seas 6 ft. Rain.
.SAT...SE wind 25 kt. Seas 8 ft. Rain.
.SAT NIGHT...E wind 30 kt becoming SW 20 kt after midnight. Seas
10 ft. Rain.
.SUN...SW wind 20 kt. Seas 9 ft.
.SUN NIGHT...SW wind 15 kt. Seas 7 ft.
.MON...Variable wind 10 kt. Seas 6 ft.
.TUE...NW wind 15 kt. Seas 4 ft.
.WED...E wind 40 kt. Seas 17 ft.</Snippet>
   <ExtendedData>
    <Data name="ext_event">
     <value>Small Craft Advisory</value>
    </Data>
    <Data name="ext_severity">
     <value>Minor</value>
    </Data>
    <Data name="ext_urgency">
     <value>Expected</value>
    </Data>
    <Data name="ext_certainty">
     <value>Likely</value>
    </Data>
    <Data name="ext_effective">
     <value>2026-10-09T15:42:00-08:00</value>
    </Data>
    <Data name="ext_expires">
     <value>2026-10-10T04:15:00-08:00</value>
    </Data>
    <Data name="ext_areaDesc">
     <value>Cape Cleare to Gore Point out to 15 NM</value>
    </Data>
    <Data name="ext_description">
     <value />
    </Data>
    <Data name="ext_instruction">
     <value />
    </Data>
    <Data name="ext_id">
     <value>https://api.weather.gov/alerts/urn:oid:2.49.0.1.840.0.3221d9d38946f9d5e601977e3cdb7d15bd54482b.005.1</value>
    </Data>
   </ExtendedData>
   <Point>
    <coordinates>-106.248482,34.840515,0</coordinates>
   </Point>
  </Placemark>
  <Placemark>
   <name>Small Craft Advisory issued October 9 at 3:42PM AKDT until October 11 at 5:00AM AKDT by NWS Anchorage AK</name>
   <styleUrl>#sev_minor</styleUrl>
   <Style>
    <BalloonStyle />
   </Style>
   <Snippet>Coastal Waters Forecast for the Northern Gulf of Alaska Coast
up to 100 nm out including Kodiak Island and Cook Inlet.

Wind forecasts reflect the predominant speed and direction
expected. Sea forecasts represent an average of the highest
one-third of the combined wind wave and swell height.

.TONIGHT...S wind 25 kt. Seas 8 ft.
.SAT...SE wind 30 kt. Seas 11 ft. Rain.
.SAT NIGHT...S wind 30 kt. Seas 11 ft.
.SUN AND SUN NIGHT...SW wind 20 kt. Seas 8 ft.
.MON THROUGH TUE...SW wind 20 kt. Seas 6 ft.
.WED...E wind 30 kt. Seas 22 ft.</Snippet>
   <ExtendedData>
    <Data name="ext_event">
     <value>Small Craft Advisory</value>
    </Data>
    <Data name="ext_severity">
     <value>Minor</value>
    </Data>
    <Data name="ext_urgency">
     <value>Expected</value>
    </Data>
    <Data name="ext_certainty">
     <value>Likely</value>
    </Data>
    <Data name="ext_effective">
     <value>2026-10-09T15:42:00-08:00</value>
    </Data>
    <Data name="ext_expires">
     <value>2026-10-10T04:15:00-08:00</value>
    </Data>
    <Data name="ext_areaDesc">
     <value>Gore Point to Marmot Island from 15 to 80 NM</value>
    </Data>
    <Data name="ext_description">
     <value />
    </Data>
    <Data name="ext_instruction">
     <value />
    </Data>
    <Data name="ext_id">
     <value>https://api.weather.gov/alerts/urn:oid:2.49.0.1.840.0.3221d9d38946f9d5e601977e3cdb7d15bd54482b.017.1</value>
    </Data>
   </ExtendedData>
   <Point>
    <coordinates>-106.248482,34.840515,0</coordinates>
   </Point>
  </Placemark>
  <Placemark>
   <name>Gale Warning issued October 9 at 3:42PM AKDT until October 11 at 5:00AM AKDT by NWS Anchorage AK</name>
   <styleUrl>#sev_moderate</styleUrl>
   <Style>
    <BalloonStyle />
   </Style>
   <Snippet>Coastal Waters Forecast for the Northern Gulf of Alaska Coast
up to 100 nm out including Kodiak Island and Cook Inlet.

Wind forecasts reflect the predominant speed and direction
expected. Sea forecasts represent an average of the highest
one-third of the combined wind wave and swell height.

.TONIGHT...S wind 15 kt. Seas 4 ft. Rain.
.SAT...SE wind 25 kt. Seas 8 ft. Rain.
.SAT NIGHT...SE wind 30 kt increasing to 40 kt after midnight.
Seas 11 ft. Rain.
.SUN...SW wind 20 kt. Seas 9 ft.
.SUN NIGHT...SW wind 15 kt. Seas 7 ft.
.MON...SE wind 15 kt. Seas 7 ft.
.TUE...Variable wind 10 kt. Seas 5 ft.
.WED...E wind 45 kt. Seas 13 ft.</Snippet>
   <ExtendedData>
    <Data name="ext_event">
     <value>Gale Warning</value>
    </Data>
    <Data name="ext_severity">
     <value>Moderate</value>
    </Data>
    <Data name="ext_urgency">
     <value>Expected</value>
    </Data>
    <Data name="ext_certainty">
     <value>Likely</value>
    </Data>
    <Data name="ext_effective">
     <value>2026-10-09T15:42:00-08:00</value>
    </Data>
    <Data name="ext_expires">
     <value>2026-10-10T04:15:00-08:00</value>
    </Data>
    <Data name="ext_areaDesc">
     <value>Gravel Point to Cape Cleare out to 15 NM</value>
    </Data>
    <Data name="ext_description">
     <value />
    </Data>
    <Data name="ext_instruction">
     <value />
    </Data>
    <Data name="ext_id">
     <value>https://api.weather.gov/alerts/urn:oid:2.49.0.1.840.0.3221d9d38946f9d5e601977e3cdb7d15bd54482b.003.1</value>
    </Data>
   </ExtendedData>
   <Point>
    <coordinates>-106.248482,34.840515,0</coordinates>
   </Point>
  </Placemark>
  <Placemark>
   <name>Small Craft Advisory issued October 9 at 3:42PM AKDT until October 11 at 5:00AM AKDT by NWS Anchorage AK</name>
   <styleUrl>#sev_minor</styleUrl>
   <Style>
    <BalloonStyle />
   </Style>
   <Snippet>Coastal Waters Forecast for the Northern Gulf of Alaska Coast
up to 100 nm out including Kodiak Island and Cook Inlet.

Wind forecasts reflect the predominant speed and direction
expected. Sea forecasts represent an average of the highest
one-third of the combined wind wave and swell height.

.TONIGHT...S wind 30 kt. Seas 12 ft.
.SAT...S wind 30 kt. Seas 13 ft. Rain.
.SAT NIGHT...SW wind 25 kt. Seas 10 ft.
.SUN...SW wind 25 kt. Seas 9 ft.
.SUN NIGHT...SW wind 20 kt. Seas 9 ft.
.MON...W wind 20 kt. Seas 8 ft.
.TUE...SW wind 30 kt. Seas 10 ft.
.WED...SE wind 30 kt. Seas 22 ft.</Snippet>
   <ExtendedData>
    <Data name="ext_event">
     <value>Small Craft Advisory</value>
    </Data>
    <Data name="ext_severity">
     <value>Minor</value>
    </Data>
    <Data name="ext_urgency">
     <value>Expected</value>
    </Data>
    <Data name="ext_certainty">
     <value>Likely</value>
    </Data>
    <Data name="ext_effective">
     <value>2026-10-09T15:42:00-08:00</value>
    </Data>
    <Data name="ext_expires">
     <value>2026-10-10T04:15:00-08:00</value>
    </Data>
    <Data name="ext_areaDesc">
     <value>Marmot Island To Sitkinak from 15 to 85 NM</value>
    </Data>
    <Data name="ext_description">
     <value />
    </Data>
    <Data name="ext_instruction">
     <value />
    </Data>
    <Data name="ext_id">
     <value>https://api.weather.gov/alerts/urn:oid:2.49.0.1.840.0.3221d9d38946f9d5e601977e3cdb7d15bd54482b.019.1</value>
    </Data>
   </ExtendedData>
   <Point>
    <coordinates>-106.248482,34.840515,0</coordinates>
   </Point>
  </Placemark>
  <Placemark>
   <name>Gale Warning issued October 9 at 3:42PM AKDT until October 11 at 5:00AM AKDT by NWS Anchorage AK</name>
   <styleUrl>#sev_moderate</styleUrl>
   <Style>
    <BalloonStyle />
   </Style>
   <Snippet>Coastal Waters Forecast for the Northern Gulf of Alaska Coast
up to 100 nm out including Kodiak Island and Cook Inlet.

Wind forecasts reflect the predominant speed and direction
expected. Sea forecasts represent an average of the highest
one-third of the combined wind wave and swell height.

.TONIGHT...Variable wind 10 kt becoming SE 15 kt after midnight.
Seas 4 ft. Rain.
.SAT...SE wind 25 kt. Seas 6 ft. Rain.
.SAT NIGHT...SE wind 30 kt increasing to 40 kt after midnight.
Seas 12 ft. Rain.
.SUN...S wind 25 kt. Seas 10 ft.
.SUN NIGHT...S wind 15 kt. Seas 7 ft.
.MON...SE wind 20 kt. Seas 7 ft.
.TUE...SE wind 15 kt. Seas 5 ft.
.WED...E wind 45 kt. Seas 10 ft.</Snippet>
   <ExtendedData>
    <Data name="ext_event">
     <value>Gale Warning</value>
    </Data>
    <Data name="ext_severity">
     <value>Moderate</value>
    </Data>
    <Data name="ext_urgency">
     <value>Expected</value>
    </Data>
    <Data name="ext_certainty">
     <value>Likely</value>
    </Data>
    <Data name="ext_effective">
     <value>2026-10-09T15:42:00-08:00</value>
    </Data>
    <Data name="ext_expires">
     <value>2026-10-10T04:15:00-08:00</value>
    </Data>
    <Data name="ext_areaDesc">
     <value>Cape Suckling to Gravel Point out to 15 NM</value>
    </Data>
    <Data name="ext_description">
     <value />
    </Data>
    <Data name="ext_instruction">
     <value />
    </Data>
    <Data name="ext_id">
     <value>https://api.weather.gov/alerts/urn:oid:2.49.0.1.840.0.3221d9d38946f9d5e601977e3cdb7d15bd54482b.002.1</value>
    </Data>
   </ExtendedData>
   <Point>
    <coordinates>-106.248482,34.840515,0</coordinates>
   </Point>
  </Placemark>
  <Placemark>
   <name>Small Craft Advisory issued October 9 at 3:42PM AKDT until October 11 at 5:00AM AKDT by NWS Anchorage AK</name>
   <styleUrl>#sev_minor</styleUrl>
   <Style>
    <BalloonStyle />
   </Style>
   <Snippet>Coastal Waters Forecast for the Northern Gulf of Alaska Coast
up to 100 nm out including Kodiak Island and Cook Inlet.

Wind forecasts reflect the predominant speed and direction
expected. Sea forecasts represent an average of the highest
one-third of the combined wind wave and swell height.

.TONIGHT...S wind 20 kt. Seas 6 ft.
.SAT...S wind 25 kt. Seas 9 ft. Rain.
.SAT NIGHT...SE wind 30 kt becoming SW 25 kt after midnight. Seas
11 ft. Rain.
.SUN...SW wind 20 kt. Seas 9 ft.
.SUN NIGHT...SW wind 15 kt. Seas 8 ft.
.MON...S wind 15 kt. Seas 7 ft.
.TUE...W wind 15 kt. Seas 5 ft.
.WED...E wind 35 kt. Seas 19 ft.</Snippet>
   <ExtendedData>
    <Data name="ext_event">
     <value>Small Craft Advisory</value>
    </Data>
    <Data name="ext_severity">
     <value>Minor</value>
    </Data>
    <Data name="ext_urgency">
     <value>Expected</value>
    </Data>
    <Data name="ext_certainty">
     <value>Likely</value>
    </Data>
    <Data name="ext_effective">
     <value>2026-10-09T15:42:00-08:00</value>
    </Data>
    <Data name="ext_expires">
     <value>2026-10-10T04:15:00-08:00</value>
    </Data>
    <Data name="ext_areaDesc">
     <value>Cape Cleare to Gore Point from 15 to 75 NM</value>
    </Data>
    <Data name="ext_description">
     <value />
    </Data>
    <Data name="ext_instruction">
     <value />
    </Data>
    <Data name="ext_id">
     <value>https://api.weather.gov/alerts/urn:oid:2.49.0.1.840.0.3221d9d38946f9d5e601977e3cdb7d15bd54482b.006.1</value>
    </Data>
   </ExtendedData>
   <Point>
    <coordinates>-106.248482,34.840515,0</coordinates>
   </Point>
  </Placemark>
  <Placemark>
   <name>Small Craft Advisory issued October 9 at 3:42PM AKDT until October 11 at 5:00AM AKDT by NWS Anchorage AK</name>
   <styleUrl>#sev_minor</styleUrl>
   <Style>
    <BalloonStyle />
   </Style>
   <Snippet>Coastal Waters Forecast for the Northern Gulf of Alaska Coast
up to 100 nm out including Kodiak Island and Cook Inlet.

Wind forecasts reflect the predominant speed and direction
expected. Sea forecasts represent an average of the highest
one-third of the combined wind wave and swell height.

.TONIGHT...S wind 25 kt. Seas 9 ft.
.SAT...S wind 30 kt. Seas 10 ft. Rain.
.SAT NIGHT...SW wind 25 kt. Seas 8 ft.
.SUN...SW wind 25 kt. Seas 7 ft.
.SUN NIGHT...SW wind 20 kt. Seas 7 ft.
.MON...W wind 15 kt. Seas 6 ft.
.TUE...SW wind 30 kt. Seas 8 ft.
.WED...E wind 30 kt. Seas 21 ft.</Snippet>
   <ExtendedData>
    <Data name="ext_event">
     <value>Small Craft Advisory</value>
    </Data>
    <Data name="ext_severity">
     <value>Minor</value>
    </Data>
    <Data name="ext_urgency">
     <value>Expected</value>
    </Data>
    <Data name="ext_certainty">
     <value>Likely</value>
    </Data>
    <Data name="ext_effective">
     <value>2026-10-09T15:42:00-08:00</value>
    </Data>
    <Data name="ext_expires">
     <value>2026-10-10T04:15:00-08:00</value>
    </Data>
    <Data name="ext_areaDesc">
     <value>Marmot Island to Sitkinak out to 15 NM</value>
    </Data>
    <Data name="ext_description">
     <value />
    </Data>
    <Data name="ext_instruction">
     <value />
    </Data>
    <Data name="ext_id">
     <value>https://api.weather.gov/alerts/urn:oid:2.49.0.1.840.0.3221d9d38946f9d5e601977e3cdb7d15bd54482b.018.1</value>
    </Data>
   </ExtendedData>
   <Point>
    <coordinates>-106.248482,34.840515,0</coordinates>
   </Point>
  </Placemark>
  <Placemark>
   <name>Gale Warning issued October 9 at 3:42PM AKDT until October 11 at 5:00AM AKDT by NWS Anchorage AK</name>
   <styleUrl>#sev_moderate</styleUrl>
   <Style>
    <BalloonStyle />
   </Style>
   <Snippet>Coastal Waters Forecast for the Northern Gulf of Alaska Coast
up to 100 nm out including Kodiak Island and Cook Inlet.

Wind forecasts reflect the predominant speed and direction
expected. Sea forecasts represent an average of the highest
one-third of the combined wind wave and swell height.

.TONIGHT...S wind 20 kt. Seas 5 ft.
.SAT...SE wind 25 kt. Seas 8 ft.
.SAT NIGHT...SE wind 30 kt becoming S 40 kt after midnight. Seas
11 ft. Rain.
.SUN...SW wind 20 kt. Seas 10 ft.
.SUN NIGHT...SW wind 15 kt. Seas 8 ft.
.MON...S wind 20 kt. Seas 8 ft.
.TUE...SW wind 15 kt. Seas 5 ft.
.WED...SE wind 40 kt. Seas 16 ft.</Snippet>
   <ExtendedData>
    <Data name="ext_event">
     <value>Gale Warning</value>
    </Data>
    <Data name="ext_severity">
     <value>Moderate</value>
    </Data>
    <Data name="ext_urgency">
     <value>Expected</value>
    </Data>
    <Data name="ext_certainty">
     <value>Likely</value>
    </Data>
    <Data name="ext_effective">
     <value>2026-10-09T15:42:00-08:00</value>
    </Data>
    <Data name="ext_expires">
     <value>2026-10-10T04:15:00-08:00</value>
    </Data>
    <Data name="ext_areaDesc">
     <value>Cape Suckling to Cape Cleare from 15 to 75 NM</value>
    </Data>
    <Data name="ext_description">
     <value />
    </Data>
    <Data name="ext_instruction">
     <value />
    </Data>
    <Data name="ext_id">
     <value>https://api.weather.gov/alerts/urn:oid:2.49.0.1.840.0.3221d9d38946f9d5e601977e3cdb7d15bd54482b.004.1</value>
    </Data>
   </ExtendedData>
   <Point>
    <coordinates>-106.248482,34.840515,0</coordinates>
   </Point>
  </Placemark>
  <Placemark>
   <name>Small Craft Advisory issued October 9 at 3:41PM AKDT until October 11 at 5:00AM AKDT by NWS Anchorage AK</name>
   <styleUrl>#sev_minor</styleUrl>
   <Style>
    <BalloonStyle />
   </Style>
   <Snippet>Coastal Waters Forecast for Southwest Alaska+Bristol Bay+The
Alaska Peninsula Waters and the Aleutian Islands up to 100 nm out.

Wind forecasts reflect the predominant speed and direction
expected. Sea forecasts represent an average of the highest
one-third of the combined wind wave and swell height.

.TONIGHT...SW wind 25 kt. Seas 11 ft.
.SAT...SW wind 30 kt. Seas 10 ft.
.SAT NIGHT...SW wind 25 kt. Seas 10 ft.
.SUN AND SUN NIGHT...W wind 25 kt. Seas 8 ft.
.MON...SW wind 25 kt. Seas 7 ft.
.TUE...NE wind 40 kt. Seas 8 ft.
.WED...NW wind 40 kt. Seas 11 ft.</Snippet>
   <ExtendedData>
    <Data name="ext_event">
     <value>Small Craft Advisory</value>
    </Data>
    <Data name="ext_severity">
     <value>Minor</value>
    </Data>
    <Data name="ext_urgency">
     <value>Expected</value>
    </Data>
    <Data name="ext_certainty">
     <value>Likely</value>
    </Data>
    <Data name="ext_effective">
     <value>2026-10-09T15:41:00-08:00</value>
    </Data>
    <Data name="ext_expires">
     <value>2026-10-10T04:45:00-08:00</value>
    </Data>
    <Data name="ext_areaDesc">
     <value>Unalga Pass to Nikolski Pacific Side out to 15 NM</value>
    </Data>
    <Data name="ext_description">
     <value />
    </Data>
    <Data name="ext_instruction">
     <value />
    </Data>
    <Data name="ext_id">
     <value>https://api.weather.gov/alerts/urn:oid:2.49.0.1.840.0.8933158d48f1e9e33d0ad85b78d765fcd603202d.016.1</value>
    </Data>
   </ExtendedData>
   <Point>
    <coordinates>-106.248482,34.840515,0</coordinates>
   </Point>
  </Placemark>
  <Placemark>
   <name>Small Craft Advisory issued October 9 at 3:41PM AKDT until October 11 at 5:00AM AKDT by NWS Anchorage AK</name>
   <styleUrl>#sev_minor</styleUrl>
   <Style>
    <BalloonStyle />
   </Style>
   <Snippet>Coastal Waters Forecast for Southwest Alaska+Bristol Bay+The
Alaska Peninsula Waters and the Aleutian Islands up to 100 nm out.

Wind forecasts reflect the predominant speed and direction
expected. Sea forecasts represent an average of the highest
one-third of the combined wind wave and swell height.

.TONIGHT...S wind 25 kt. Seas 9 ft.
.SAT...S wind 25 kt. Seas 9 ft.
.SAT NIGHT...SW wind 25 kt. Seas 9 ft.
.SUN...SW wind 25 kt. Seas 9 ft.
.SUN NIGHT...SW wind 20 kt. Seas 7 ft.
.MON...SW wind 25 kt. Seas 7 ft.
.TUE...E wind 30 kt. Seas 7 ft.
.WED...NE wind 40 kt. Seas 13 ft.</Snippet>
   <ExtendedData>
    <Data name="ext_event">
     <value>Small Craft Advisory</value>
    </Data>
    <Data name="ext_severity">
     <value>Minor</value>
    </Data>
    <Data name="ext_urgency">
     <value>Expected</value>
    </Data>
    <Data name="ext_certainty">
     <value>Likely</value>
    </Data>
    <Data name="ext_effective">
     <value>2026-10-09T15:41:00-08:00</value>
    </Data>
    <Data name="ext_expires">
     <value>2026-10-10T04:45:00-08:00</value>
    </Data>
    <Data name="ext_areaDesc">
     <value>Nelson Lagoon to Cape Sarichef out to 15 NM</value>
    </Data>
    <Data name="ext_description">
     <value />
    </Data>
    <Data name="ext_instruction">
     <value />
    </Data>
    <Data name="ext_id">
     <value>https://api.weather.gov/alerts/urn:oid:2.49.0.1.840.0.8933158d48f1e9e33d0ad85b78d765fcd603202d.010.1</value>
    </Data>
   </ExtendedData>
   <Point>
    <coordinates>-106.248482,34.840515,0</coordinates>
   </Point>
  </Placemark>
  <Placemark>
   <name>Small Craft Advisory issued October 9 at 3:41PM AKDT until October 11 at 5:00AM AKDT by NWS Anchorage AK</name>
   <styleUrl>#sev_minor</styleUrl>
   <Style>
    <BalloonStyle />
   </Style>
   <Snippet>Coastal Waters Forecast for Southwest Alaska+Bristol Bay+The
Alaska Peninsula Waters and the Aleutian Islands up to 100 nm out.

Wind forecasts reflect the predominant speed and direction
expected. Sea forecasts represent an average of the highest
one-third of the combined wind wave and swell height.

.TONIGHT...SW wind 30 kt. Seas 14 ft.
.SAT...SW wind 30 kt. Seas 13 ft.
.SAT NIGHT...SW wind 25 kt. Seas 12 ft.
.SUN AND SUN NIGHT...W wind 25 kt. Seas 10 ft.
.MON...W wind 25 kt. Seas 9 ft.
.TUE...N wind 35 kt. Seas 10 ft.
.WED...NW wind 40 kt. Seas 23 ft.</Snippet>
   <ExtendedData>
    <Data name="ext_event">
     <value>Small Craft Advisory</value>
    </Data>
    <Data name="ext_severity">
     <value>Minor</value>
    </Data>
    <Data name="ext_urgency">
     <value>Expected</value>
    </Data>
    <Data name="ext_certainty">
     <value>Likely</value>
    </Data>
    <Data name="ext_effective">
     <value>2026-10-09T15:41:00-08:00</value>
    </Data>
    <Data name="ext_expires">
     <value>2026-10-10T04:45:00-08:00</value>
    </Data>
    <Data name="ext_areaDesc">
     <value>Nikolski to Seguam Pacfic Side out to 15 NM</value>
    </Data>
    <Data name="ext_description">
     <value />
    </Data>
    <Data name="ext_instruction">
     <value />
    </Data>
    <Data name="ext_id">
     <value>https://api.weather.gov/alerts/urn:oid:2.49.0.1.840.0.8933158d48f1e9e33d0ad85b78d765fcd603202d.020.1</value>
    </Data>
   </ExtendedData>
   <Point>
    <coordinates>-106.248482,34.840515,0</coordinates>
   </Point>
  </Placemark>
  <Placemark>
   <name>Small Craft Advisory issued October 9 at 3:41PM AKDT until October 11 at 5:00AM AKDT by NWS Anchorage AK</name>
   <styleUrl>#sev_minor</styleUrl>
   <Style>
    <BalloonStyle />
   </Style>
   <Snippet>Coastal Waters Forecast for Southwest Alaska+Bristol Bay+The
Alaska Peninsula Waters and the Aleutian Islands up to 100 nm out.

Wind forecasts reflect the predominant speed and direction
expected. Sea forecasts represent an average of the highest
one-third of the combined wind wave and swell height.

.TONIGHT...S wind 25 kt. Seas 7 ft.
.SAT...S wind 30 kt. Seas 7 ft. Rain showers.
.SAT NIGHT...S wind 30 kt. Seas 7 ft. Rain showers.
.SUN AND SUN NIGHT...SW wind 25 kt. Seas 6 ft.
.MON...SW wind 15 kt. Seas 5 ft.
.TUE...SE wind 20 kt. Seas 5 ft.
.WED...NE wind 35 kt. Seas 7 ft.</Snippet>
   <ExtendedData>
    <Data name="ext_event">
     <value>Small Craft Advisory</value>
    </Data>
    <Data name="ext_severity">
     <value>Minor</value>
    </Data>
    <Data name="ext_urgency">
     <value>Expected</value>
    </Data>
    <Data name="ext_certainty">
     <value>Likely</value>
    </Data>
    <Data name="ext_effective">
     <value>2026-10-09T15:41:00-08:00</value>
    </Data>
    <Data name="ext_expires">
     <value>2026-10-10T04:45:00-08:00</value>
    </Data>
    <Data name="ext_areaDesc">
     <value>Kuskokwim Delta and Etolin Strait out to 15 NM</value>
    </Data>
    <Data name="ext_description">
     <value />
    </Data>
    <Data name="ext_instruction">
     <value />
    </Data>
    <Data name="ext_id">
     <value>https://api.weather.gov/alerts/urn:oid:2.49.0.1.840.0.8933158d48f1e9e33d0ad85b78d765fcd603202d.034.1</value>
    </Data>
   </ExtendedData>
   <Point>
    <coordinates>-106.248482,34.840515,0</coordinates>
   </Point>
  </Placemark>
  <Placemark>
   <name>Small Craft Advisory issued October 9 at 3:41PM AKDT until October 11 at 5:00AM AKDT by NWS Anchorage AK</name>
   <styleUrl>#sev_minor</styleUrl>
   <Style>
    <BalloonStyle />
   </Style>
   <Snippet>Coastal Waters Forecast for Southwest Alaska+Bristol Bay+The
Alaska Peninsula Waters and the Aleutian Islands up to 100 nm out.

Wind forecasts reflect the predominant speed and direction
expected. Sea forecasts represent an average of the highest
one-third of the combined wind wave and swell height.

.TONIGHT...SW wind 30 kt. Seas 14 ft.
.SAT...S wind 30 kt. Seas 14 ft.
.SAT NIGHT...SW wind 30 kt. Seas 12 ft.
.SUN AND SUN NIGHT...SW wind 25 kt. Seas 11 ft.
.MON...W wind 25 kt. Seas 8 ft.
.TUE...E wind 25 kt. Seas 10 ft.
.WED...N wind 35 kt. Seas 16 ft.</Snippet>
   <ExtendedData>
    <Data name="ext_event">
     <value>Small Craft Advisory</value>
    </Data>
    <Data name="ext_severity">
     <value>Minor</value>
    </Data>
    <Data name="ext_urgency">
     <value>Expected</value>
    </Data>
    <Data name="ext_certainty">
     <value>Likely</value>
    </Data>
    <Data name="ext_effective">
     <value>2026-10-09T15:41:00-08:00</value>
    </Data>
    <Data name="ext_expires">
     <value>2026-10-10T04:45:00-08:00</value>
    </Data>
    <Data name="ext_areaDesc">
     <value>Nelson Lagoon to Unalga Pass from 15 to 70 NM</value>
    </Data>
    <Data name="ext_description">
     <value />
    </Data>
    <Data name="ext_instruction">
     <value />
    </Data>
    <Data name="ext_id">
     <value>https://api.weather.gov/alerts/urn:oid:2.49.0.1.840.0.8933158d48f1e9e33d0ad85b78d765fcd603202d.011.1</value>
    </Data>
   </ExtendedData>
   <Point>
    <coordinates>-106.248482,34.840515,0</coordinates>
   </Point>
  </Placemark>
  <Placemark>
   <name>Small Craft Advisory issued October 9 at 3:41PM AKDT until October 11 at 5:00AM AKDT by NWS Anchorage AK</name>
   <styleUrl>#sev_minor</styleUrl>
   <Style>
    <BalloonStyle />
   </Style>
   <Snippet>Coastal Waters Forecast for Southwest Alaska+Bristol Bay+The
Alaska Peninsula Waters and the Aleutian Islands up to 100 nm out.

Wind forecasts reflect the predominant speed and direction
expected. Sea forecasts represent an average of the highest
one-third of the combined wind wave and swell height.

.TONIGHT...S wind 30 kt. Seas 11 ft.
.SAT...S wind 30 kt. Seas 12 ft.
.SAT NIGHT...S wind 25 kt. Seas 11 ft.
.SUN AND SUN NIGHT...SW wind 25 kt. Seas 9 ft.
.MON...SW wind 15 kt. Seas 7 ft.
.TUE...SE wind 25 kt. Seas 9 ft.
.WED...NE wind 35 kt. Seas 13 ft.</Snippet>
   <ExtendedData>
    <Data name="ext_event">
     <value>Small Craft Advisory</value>
    </Data>
    <Data name="ext_severity">
     <value>Minor</value>
    </Data>
    <Data name="ext_urgency">
     <value>Expected</value>
    </Data>
    <Data name="ext_certainty">
     <value>Likely</value>
    </Data>
    <Data name="ext_effective">
     <value>2026-10-09T15:41:00-08:00</value>
    </Data>
    <Data name="ext_expires">
     <value>2026-10-10T04:45:00-08:00</value>
    </Data>
    <Data name="ext_areaDesc">
     <value>Kuskokwim Delta from 15 to 80 NM</value>
    </Data>
    <Data name="ext_description">
     <value />
    </Data>
    <Data name="ext_instruction">
     <value />
    </Data>
    <Data name="ext_id">
     <value>https://api.weather.gov/alerts/urn:oid:2.49.0.1.840.0.8933158d48f1e9e33d0ad85b78d765fcd603202d.035.1</value>
    </Data>
   </ExtendedData>
   <Point>
    <coordinates>-106.248482,34.840515,0</coordinates>
   </Point>
  </Placemark>
  <Placemark>
   <name>Small Craft Advisory issued October 9 at 3:41PM AKDT until October 11 at 5:00AM AKDT by NWS Anchorage AK</name>
   <styleUrl>#sev_minor</styleUrl>
   <Style>
    <BalloonStyle />
   </Style>
   <Snippet>Coastal Waters Forecast for Southwest Alaska+Bristol Bay+The
Alaska Peninsula Waters and the Aleutian Islands up to 100 nm out.

Wind forecasts reflect the predominant speed and direction
expected. Sea forecasts represent an average of the highest
one-third of the combined wind wave and swell height.

.TONIGHT...S wind 30 kt diminishing to 15 kt after midnight. Seas
6 ft. Rain.
.SAT...S wind 15 kt diminishing to 10 kt in the afternoon. Seas
4 ft.
.SAT NIGHT...S wind 15 kt becoming SW 25 kt after midnight. Seas
5 ft.
.SUN...SW wind 25 kt. Seas 6 ft.
.SUN NIGHT...SW wind 20 kt. Seas 5 ft.
.MON...SW wind 15 kt. Seas 4 ft.
.TUE...SE wind 25 kt. Seas 6 ft.
.WED...E wind 30 kt. Seas 8 ft.</Snippet>
   <ExtendedData>
    <Data name="ext_event">
     <value>Small Craft Advisory</value>
    </Data>
    <Data name="ext_severity">
     <value>Minor</value>
    </Data>
    <Data name="ext_urgency">
     <value>Expected</value>
    </Data>
    <Data name="ext_certainty">
     <value>Likely</value>
    </Data>
    <Data name="ext_effective">
     <value>2026-10-09T15:41:00-08:00</value>
    </Data>
    <Data name="ext_expires">
     <value>2026-10-10T04:45:00-08:00</value>
    </Data>
    <Data name="ext_areaDesc">
     <value>Bristol Bay from Port Heiden to Cape Chichagof out to 15 NM</value>
    </Data>
    <Data name="ext_description">
     <value />
    </Data>
    <Data name="ext_instruction">
     <value />
    </Data>
    <Data name="ext_id">
     <value>https://api.weather.gov/alerts/urn:oid:2.49.0.1.840.0.8933158d48f1e9e33d0ad85b78d765fcd603202d.032.2</value>
    </Data>
   </ExtendedData>
   <Point>
    <coordinates>-106.248482,34.840515,0</coordinates>
   </Point>
  </Placemark>
  <Placemark>
   <name>Small Craft Advisory issued October 9 at 3:41PM AKDT until October 11 at 5:00AM AKDT by NWS Anchorage AK</name>
   <styleUrl>#sev_minor</styleUrl>
   <Style>
    <BalloonStyle />
   </Style>
   <Snippet>Coastal Waters Forecast for Southwest Alaska+Bristol Bay+The
Alaska Peninsula Waters and the Aleutian Islands up to 100 nm out.

Wind forecasts reflect the predominant speed and direction
expected. Sea forecasts represent an average of the highest
one-third of the combined wind wave and swell height.

.TONIGHT...S wind 30 kt becoming SW 20 kt after midnight. Seas
11 ft. Rain.
.SAT...SW wind 20 kt. Seas 6 ft.
.SAT NIGHT...SW wind 25 kt. Seas 6 ft.
.SUN...SW wind 20 kt. Seas 6 ft.
.SUN NIGHT...SW wind 15 kt. Seas 5 ft.
.MON...SW wind 15 kt. Seas 4 ft.
.TUE...SE wind 30 kt. Seas 14 ft.
.WED...E wind 30 kt. Seas 22 ft.</Snippet>
   <ExtendedData>
    <Data name="ext_event">
     <value>Small Craft Advisory</value>
    </Data>
    <Data name="ext_severity">
     <value>Minor</value>
    </Data>
    <Data name="ext_urgency">
     <value>Expected</value>
    </Data>
    <Data name="ext_certainty">
     <value>Likely</value>
    </Data>
    <Data name="ext_effective">
     <value>2026-10-09T15:41:00-08:00</value>
    </Data>
    <Data name="ext_expires">
     <value>2026-10-10T04:45:00-08:00</value>
    </Data>
    <Data name="ext_areaDesc">
     <value>Castle Cape to Cape Tolstoi out to 15 NM</value>
    </Data>
    <Data name="ext_description">
     <value />
    </Data>
    <Data name="ext_instruction">
     <value />
    </Data>
    <Data name="ext_id">
     <value>https://api.weather.gov/alerts/urn:oid:2.49.0.1.840.0.8933158d48f1e9e33d0ad85b78d765fcd603202d.004.2</value>
    </Data>
   </ExtendedData>
   <Point>
    <coordinates>-106.248482,34.840515,0</coordinates>
   </Point>
  </Placemark>
  <Placemark>
   <name>Small Craft Advisory issued October 9 at 3:41PM AKDT until October 11 at 5:00AM AKDT by NWS Anchorage AK</name>
   <styleUrl>#sev_minor</styleUrl>
   <Style>
    <BalloonStyle />
   </Style>
   <Snippet>Coastal Waters Forecast for Southwest Alaska+Bristol Bay+The
Alaska Peninsula Waters and the Aleutian Islands up to 100 nm out.

Wind forecasts reflect the predominant speed and direction
expected. Sea forecasts represent an average of the highest
one-third of the combined wind wave and swell height.

.TONIGHT...SW wind 30 kt. Seas 13 ft.
.SAT...SW wind 30 kt. Seas 12 ft.
.SAT NIGHT...SW wind 25 kt. Seas 11 ft.
.SUN AND SUN NIGHT...W wind 25 kt. Seas 9 ft.
.MON...W wind 25 kt. Seas 9 ft.
.TUE...N wind 40 kt. Seas 12 ft.
.WED...NW wind 40 kt. Seas 26 ft.</Snippet>
   <ExtendedData>
    <Data name="ext_event">
     <value>Small Craft Advisory</value>
    </Data>
    <Data name="ext_severity">
     <value>Minor</value>
    </Data>
    <Data name="ext_urgency">
     <value>Expected</value>
    </Data>
    <Data name="ext_certainty">
     <value>Likely</value>
    </Data>
    <Data name="ext_effective">
     <value>2026-10-09T15:41:00-08:00</value>
    </Data>
    <Data name="ext_expires">
     <value>2026-10-10T04:45:00-08:00</value>
    </Data>
    <Data name="ext_areaDesc">
     <value>Nikolski to Seguam Bering Side out to 15 NM</value>
    </Data>
    <Data name="ext_description">
     <value />
    </Data>
    <Data name="ext_instruction">
     <value />
    </Data>
    <Data name="ext_id">
     <value>https://api.weather.gov/alerts/urn:oid:2.49.0.1.840.0.8933158d48f1e9e33d0ad85b78d765fcd603202d.018.1</value>
    </Data>
   </ExtendedData>
   <Point>
    <coordinates>-106.248482,34.840515,0</coordinates>
   </Point>
  </Placemark>
  <Placemark>
   <name>Small Craft Advisory issued October 9 at 3:41PM AKDT until October 11 at 5:00AM AKDT by NWS Anchorage AK</name>
   <styleUrl>#sev_minor</styleUrl>
   <Style>
    <BalloonStyle />
   </Style>
   <Snippet>Coastal Waters Forecast for Southwest Alaska+Bristol Bay+The
Alaska Peninsula Waters and the Aleutian Islands up to 100 nm out.

Wind forecasts reflect the predominant speed and direction
expected. Sea forecasts represent an average of the highest
one-third of the combined wind wave and swell height.

.TONIGHT...SW wind 30 kt. Seas 15 ft.
.SAT...SW wind 30 kt. Seas 15 ft.
.SAT NIGHT...SW wind 25 kt. Seas 15 ft.
.SUN AND SUN NIGHT...W wind 25 kt. Seas 12 ft.
.MON...W wind 25 kt. Seas 11 ft.
.TUE...N wind 35 kt. Seas 11 ft.
.WED...NW wind 35 kt. Seas 23 ft.</Snippet>
   <ExtendedData>
    <Data name="ext_event">
     <value>Small Craft Advisory</value>
    </Data>
    <Data name="ext_severity">
     <value>Minor</value>
    </Data>
    <Data name="ext_urgency">
     <value>Expected</value>
    </Data>
    <Data name="ext_certainty">
     <value>Likely</value>
    </Data>
    <Data name="ext_effective">
     <value>2026-10-09T15:41:00-08:00</value>
    </Data>
    <Data name="ext_expires">
     <value>2026-10-10T04:45:00-08:00</value>
    </Data>
    <Data name="ext_areaDesc">
     <value>Nikolski to Seguam Pacific Side from 15 to 75 NM</value>
    </Data>
    <Data name="ext_description">
     <value />
    </Data>
    <Data name="ext_instruction">
     <value />
    </Data>
    <Data name="ext_id">
     <value>https://api.weather.gov/alerts/urn:oid:2.49.0.1.840.0.8933158d48f1e9e33d0ad85b78d765fcd603202d.021.1</value>
    </Data>
   </ExtendedData>
   <Point>
    <coordinates>-106.248482,34.840515,0</coordinates>
   </Point>
  </Placemark>
  <Placemark>
   <name>Small Craft Advisory issued October 9 at 3:41PM AKDT until October 11 at 5:00AM AKDT by NWS Anchorage AK</name>
   <styleUrl>#sev_minor</styleUrl>
   <Style>
    <BalloonStyle />
   </Style>
   <Snippet>Coastal Waters Forecast for Southwest Alaska+Bristol Bay+The
Alaska Peninsula Waters and the Aleutian Islands up to 100 nm out.

Wind forecasts reflect the predominant speed and direction
expected. Sea forecasts represent an average of the highest
one-third of the combined wind wave and swell height.

.TONIGHT...S wind 25 kt. Seas 8 ft.
.SAT...S wind 20 kt. Seas 10 ft.
.SAT NIGHT...SW wind 25 kt. Seas 10 ft. Rain showers.
.SUN...SW wind 25 kt. Seas 9 ft.
.SUN NIGHT...SW wind 20 kt. Seas 8 ft.
.MON...SW wind 20 kt. Seas 6 ft.
.TUE...SE wind 30 kt. Seas 8 ft.
.WED...NE wind 30 kt. Seas 12 ft.</Snippet>
   <ExtendedData>
    <Data name="ext_event">
     <value>Small Craft Advisory</value>
    </Data>
    <Data name="ext_severity">
     <value>Minor</value>
    </Data>
    <Data name="ext_urgency">
     <value>Expected</value>
    </Data>
    <Data name="ext_certainty">
     <value>Likely</value>
    </Data>
    <Data name="ext_effective">
     <value>2026-10-09T15:41:00-08:00</value>
    </Data>
    <Data name="ext_expires">
     <value>2026-10-10T04:45:00-08:00</value>
    </Data>
    <Data name="ext_areaDesc">
     <value>Port Heiden to Nelson Lagoon from 15 to 60 NM</value>
    </Data>
    <Data name="ext_description">
     <value />
    </Data>
    <Data name="ext_instruction">
     <value />
    </Data>
    <Data name="ext_id">
     <value>https://api.weather.gov/alerts/urn:oid:2.49.0.1.840.0.8933158d48f1e9e33d0ad85b78d765fcd603202d.009.1</value>
    </Data>
   </ExtendedData>
   <Point>
    <coordinates>-106.248482,34.840515,0</coordinates>
   </Point>
  </Placemark>
  <Placemark>
   <name>Small Craft Advisory issued October 9 at 3:41PM AKDT until October 11 at 5:00AM AKDT by NWS Anchorage AK</name>
   <styleUrl>#sev_minor</styleUrl>
   <Style>
    <BalloonStyle />
   </Style>
   <Snippet>Coastal Waters Forecast for Southwest Alaska+Bristol Bay+The
Alaska Peninsula Waters and the Aleutian Islands up to 100 nm out.

Wind forecasts reflect the predominant speed and direction
expected. Sea forecasts represent an average of the highest
one-third of the combined wind wave and swell height.

.TONIGHT...SW wind 30 kt. Seas 11 ft.
.SAT...SW wind 30 kt. Seas 11 ft.
.SAT NIGHT...SW wind 25 kt. Seas 10 ft.
.SUN AND SUN NIGHT...W wind 25 kt. Seas 8 ft.
.MON...SW wind 25 kt. Seas 7 ft.
.TUE...NE wind 45 kt. Seas 9 ft.
.WED...NW wind 50 kt. Seas 21 ft.</Snippet>
   <ExtendedData>
    <Data name="ext_event">
     <value>Small Craft Advisory</value>
    </Data>
    <Data name="ext_severity">
     <value>Minor</value>
    </Data>
    <Data name="ext_urgency">
     <value>Expected</value>
    </Data>
    <Data name="ext_certainty">
     <value>Likely</value>
    </Data>
    <Data name="ext_effective">
     <value>2026-10-09T15:41:00-08:00</value>
    </Data>
    <Data name="ext_expires">
     <value>2026-10-10T04:45:00-08:00</value>
    </Data>
    <Data name="ext_areaDesc">
     <value>Unalga Pass to Nikolski Bering Side out to 15 NM</value>
    </Data>
    <Data name="ext_description">
     <value />
    </Data>
    <Data name="ext_instruction">
     <value />
    </Data>
    <Data name="ext_id">
     <value>https://api.weather.gov/alerts/urn:oid:2.49.0.1.840.0.8933158d48f1e9e33d0ad85b78d765fcd603202d.013.1</value>
    </Data>
   </ExtendedData>
   <Point>
    <coordinates>-106.248482,34.840515,0</coordinates>
   </Point>
  </Placemark>
  <Placemark>
   <name>Small Craft Advisory issued October 9 at 3:41PM AKDT until October 11 at 5:00AM AKDT by NWS Anchorage AK</name>
   <styleUrl>#sev_minor</styleUrl>
   <Style>
    <BalloonStyle />
   </Style>
   <Snippet>Coastal Waters Forecast for Southwest Alaska+Bristol Bay+The
Alaska Peninsula Waters and the Aleutian Islands up to 100 nm out.

Wind forecasts reflect the predominant speed and direction
expected. Sea forecasts represent an average of the highest
one-third of the combined wind wave and swell height.

.TONIGHT...SW wind 30 kt. Seas 16 ft.
.SAT...SW wind 30 kt. Seas 14 ft.
.SAT NIGHT...SW wind 25 kt. Seas 13 ft.
.SUN AND SUN NIGHT...W wind 25 kt. Seas 11 ft.
.MON...W wind 25 kt. Seas 9 ft.
.TUE...N wind 30 kt. Seas 12 ft.
.WED...NW wind 30 kt. Seas 26 ft.</Snippet>
   <ExtendedData>
    <Data name="ext_event">
     <value>Small Craft Advisory</value>
    </Data>
    <Data name="ext_severity">
     <value>Minor</value>
    </Data>
    <Data name="ext_urgency">
     <value>Expected</value>
    </Data>
    <Data name="ext_certainty">
     <value>Likely</value>
    </Data>
    <Data name="ext_effective">
     <value>2026-10-09T15:41:00-08:00</value>
    </Data>
    <Data name="ext_expires">
     <value>2026-10-10T04:45:00-08:00</value>
    </Data>
    <Data name="ext_areaDesc">
     <value>Nikolski to Seguam Bering Side from 15 to 85 NM</value>
    </Data>
    <Data name="ext_description">
     <value />
    </Data>
    <Data name="ext_instruction">
     <value />
    </Data>
    <Data name="ext_id">
     <value>https://api.weather.gov/alerts/urn:oid:2.49.0.1.840.0.8933158d48f1e9e33d0ad85b78d765fcd603202d.019.1</value>
    </Data>
   </ExtendedData>
   <Point>
    <coordinates>-106.248482,34.840515,0</coordinates>
   </Point>
  </Placemark>
  <Placemark>
   <name>Small Craft Advisory issued October 9 at 3:41PM AKDT until October 11 at 5:00AM AKDT by NWS Anchorage AK</name>
   <styleUrl>#sev_minor</styleUrl>
   <Style>
    <BalloonStyle />
   </Style>
   <Snippet>Coastal Waters Forecast for Southwest Alaska+Bristol Bay+The
Alaska Peninsula Waters and the Aleutian Islands up to 100 nm out.

Wind forecasts reflect the predominant speed and direction
expected. Sea forecasts represent an average of the highest
one-third of the combined wind wave and swell height.

.TONIGHT...SW wind 30 kt. Seas 16 ft.
.SAT...SW wind 30 kt. Seas 15 ft.
.SAT NIGHT...SW wind 30 kt. Seas 13 ft.
.SUN AND SUN NIGHT...W wind 25 kt. Seas 10 ft.
.MON...W wind 25 kt. Seas 9 ft.
.TUE...N wind 30 kt. Seas 9 ft.
.WED...N wind 35 kt. Seas 20 ft.</Snippet>
   <ExtendedData>
    <Data name="ext_event">
     <value>Small Craft Advisory</value>
    </Data>
    <Data name="ext_severity">
     <value>Minor</value>
    </Data>
    <Data name="ext_urgency">
     <value>Expected</value>
    </Data>
    <Data name="ext_certainty">
     <value>Likely</value>
    </Data>
    <Data name="ext_effective">
     <value>2026-10-09T15:41:00-08:00</value>
    </Data>
    <Data name="ext_expires">
     <value>2026-10-10T04:45:00-08:00</value>
    </Data>
    <Data name="ext_areaDesc">
     <value>Unalga Pass to Nikolski Bering Side from 15 to 85 NM</value>
    </Data>
    <Data name="ext_description">
     <value />
    </Data>
    <Data name="ext_instruction">
     <value />
    </Data>
    <Data name="ext_id">
     <value>https://api.weather.gov/alerts/urn:oid:2.49.0.1.840.0.8933158d48f1e9e33d0ad85b78d765fcd603202d.014.1</value>
    </Data>
   </ExtendedData>
   <Point>
    <coordinates>-106.248482,34.840515,0</coordinates>
   </Point>
  </Placemark>
  <Placemark>
   <name>Small Craft Advisory issued October 9 at 3:41PM AKDT until October 11 at 5:00AM AKDT by NWS Anchorage AK</name>
   <styleUrl>#sev_minor</styleUrl>
   <Style>
    <BalloonStyle />
   </Style>
   <Snippet>Coastal Waters Forecast for Southwest Alaska+Bristol Bay+The
Alaska Peninsula Waters and the Aleutian Islands up to 100 nm out.

Wind forecasts reflect the predominant speed and direction
expected. Sea forecasts represent an average of the highest
one-third of the combined wind wave and swell height.

.TONIGHT...S wind 20 kt. Seas 6 ft.
.SAT...S wind 20 kt. Seas 7 ft.
.SAT NIGHT...SW wind 25 kt. Seas 7 ft.
.SUN AND SUN NIGHT...SW wind 20 kt. Seas 7 ft.
.MON...SW wind 20 kt. Seas 6 ft.
.TUE...SE wind 30 kt. Seas 6 ft.
.WED...E wind 30 kt. Seas 8 ft.</Snippet>
   <ExtendedData>
    <Data name="ext_event">
     <value>Small Craft Advisory</value>
    </Data>
    <Data name="ext_severity">
     <value>Minor</value>
    </Data>
    <Data name="ext_urgency">
     <value>Expected</value>
    </Data>
    <Data name="ext_certainty">
     <value>Likely</value>
    </Data>
    <Data name="ext_effective">
     <value>2026-10-09T15:41:00-08:00</value>
    </Data>
    <Data name="ext_expires">
     <value>2026-10-10T04:45:00-08:00</value>
    </Data>
    <Data name="ext_areaDesc">
     <value>Port Heiden to Nelson Lagoon out to 15 NM</value>
    </Data>
    <Data name="ext_description">
     <value />
    </Data>
    <Data name="ext_instruction">
     <value />
    </Data>
    <Data name="ext_id">
     <value>https://api.weather.gov/alerts/urn:oid:2.49.0.1.840.0.8933158d48f1e9e33d0ad85b78d765fcd603202d.008.1</value>
    </Data>
   </ExtendedData>
   <Point>
    <coordinates>-106.248482,34.840515,0</coordinates>
   </Point>
  </Placemark>
  <Placemark>
   <name>Small Craft Advisory issued October 9 at 3:41PM AKDT until October 11 at 5:00AM AKDT by NWS Anchorage AK</name>
   <styleUrl>#sev_minor</styleUrl>
   <Style>
    <BalloonStyle />
   </Style>
   <Snippet>Coastal Waters Forecast for Southwest Alaska+Bristol Bay+The
Alaska Peninsula Waters and the Aleutian Islands up to 100 nm out.

Wind forecasts reflect the predominant speed and direction
expected. Sea forecasts represent an average of the highest
one-third of the combined wind wave and swell height.

.TONIGHT...SW wind 30 kt. Seas 16 ft.
.SAT...SW wind 30 kt. Seas 14 ft.
.SAT NIGHT...W wind 25 kt. Seas 13 ft.
.SUN AND SUN NIGHT...W wind 25 kt. Seas 10 ft.
.MON...W wind 25 kt. Seas 8 ft.
.TUE THROUGH WED...NW wind 30 kt. Seas 10 ft.</Snippet>
   <ExtendedData>
    <Data name="ext_event">
     <value>Small Craft Advisory</value>
    </Data>
    <Data name="ext_severity">
     <value>Minor</value>
    </Data>
    <Data name="ext_urgency">
     <value>Expected</value>
    </Data>
    <Data name="ext_certainty">
     <value>Likely</value>
    </Data>
    <Data name="ext_effective">
     <value>2026-10-09T15:41:00-08:00</value>
    </Data>
    <Data name="ext_expires">
     <value>2026-10-10T04:45:00-08:00</value>
    </Data>
    <Data name="ext_areaDesc">
     <value>Seguam to Adak Pacific Side out to 15 NM</value>
    </Data>
    <Data name="ext_description">
     <value />
    </Data>
    <Data name="ext_instruction">
     <value />
    </Data>
    <Data name="ext_id">
     <value>https://api.weather.gov/alerts/urn:oid:2.49.0.1.840.0.8933158d48f1e9e33d0ad85b78d765fcd603202d.024.1</value>
    </Data>
   </ExtendedData>
   <Point>
    <coordinates>-106.248482,34.840515,0</coordinates>
   </Point>
  </Placemark>
  <Placemark>
   <name>Small Craft Advisory issued October 9 at 3:41PM AKDT until October 11 at 5:00AM AKDT by NWS Anchorage AK</name>
   <styleUrl>#sev_minor</styleUrl>
   <Style>
    <BalloonStyle />
   </Style>
   <Snippet>Coastal Waters Forecast for Southwest Alaska+Bristol Bay+The
Alaska Peninsula Waters and the Aleutian Islands up to 100 nm out.

Wind forecasts reflect the predominant speed and direction
expected. Sea forecasts represent an average of the highest
one-third of the combined wind wave and swell height.

.TONIGHT...S wind 30 kt. Seas 16 ft. Rain.
.SAT...SW wind 15 kt increasing to 25 kt in the afternoon. Seas
10 ft.
.SAT NIGHT...SW wind 25 kt. Seas 12 ft.
.SUN...SW wind 25 kt. Seas 12 ft.
.SUN NIGHT...SW wind 20 kt. Seas 10 ft.
.MON...W wind 20 kt. Seas 9 ft.
.TUE...SE wind 35 kt. Seas 17 ft.
.WED...E wind 35 kt. Seas 26 ft.</Snippet>
   <ExtendedData>
    <Data name="ext_event">
     <value>Small Craft Advisory</value>
    </Data>
    <Data name="ext_severity">
     <value>Minor</value>
    </Data>
    <Data name="ext_urgency">
     <value>Expected</value>
    </Data>
    <Data name="ext_certainty">
     <value>Likely</value>
    </Data>
    <Data name="ext_effective">
     <value>2026-10-09T15:41:00-08:00</value>
    </Data>
    <Data name="ext_expires">
     <value>2026-10-10T04:45:00-08:00</value>
    </Data>
    <Data name="ext_areaDesc">
     <value>Castle Cape to Cape Tolstoi from 15 to 100 NM</value>
    </Data>
    <Data name="ext_description">
     <value />
    </Data>
    <Data name="ext_instruction">
     <value />
    </Data>
    <Data name="ext_id">
     <value>https://api.weather.gov/alerts/urn:oid:2.49.0.1.840.0.8933158d48f1e9e33d0ad85b78d765fcd603202d.005.1</value>
    </Data>
   </ExtendedData>
   <Point>
    <coordinates>-106.248482,34.840515,0</coordinates>
   </Point>
  </Placemark>
  <Placemark>
   <name>Small Craft Advisory issued October 9 at 3:41PM AKDT until October 11 at 5:00AM AKDT by NWS Anchorage AK</name>
   <styleUrl>#sev_minor</styleUrl>
   <Style>
    <BalloonStyle />
   </Style>
   <Snippet>Coastal Waters Forecast for Southwest Alaska+Bristol Bay+The
Alaska Peninsula Waters and the Aleutian Islands up to 100 nm out.

Wind forecasts reflect the predominant speed and direction
expected. Sea forecasts represent an average of the highest
one-third of the combined wind wave and swell height.

.TONIGHT...S wind 25 kt. Seas 9 ft. Rain.
.SAT...S wind 20 kt. Seas 6 ft.
.SAT NIGHT...SW wind 25 kt. Seas 7 ft. Rain showers.
.SUN...SW wind 25 kt. Seas 7 ft.
.SUN NIGHT...SW wind 20 kt. Seas 7 ft.
.MON...SW wind 20 kt. Seas 5 ft.
.TUE...SE wind 30 kt. Seas 10 ft.
.WED...E wind 30 kt. Seas 12 ft.</Snippet>
   <ExtendedData>
    <Data name="ext_event">
     <value>Small Craft Advisory</value>
    </Data>
    <Data name="ext_severity">
     <value>Minor</value>
    </Data>
    <Data name="ext_urgency">
     <value>Expected</value>
    </Data>
    <Data name="ext_certainty">
     <value>Likely</value>
    </Data>
    <Data name="ext_effective">
     <value>2026-10-09T15:41:00-08:00</value>
    </Data>
    <Data name="ext_expires">
     <value>2026-10-10T04:45:00-08:00</value>
    </Data>
    <Data name="ext_areaDesc">
     <value>Bristol Bay greater than 15 NM</value>
    </Data>
    <Data name="ext_description">
     <value />
    </Data>
    <Data name="ext_instruction">
     <value />
    </Data>
    <Data name="ext_id">
     <value>https://api.weather.gov/alerts/urn:oid:2.49.0.1.840.0.8933158d48f1e9e33d0ad85b78d765fcd603202d.031.2</value>
    </Data>
   </ExtendedData>
   <Point>
    <coordinates>-106.248482,34.840515,0</coordinates>
   </Point>
  </Placemark>
  <Placemark>
   <name>Small Craft Advisory issued October 9 at 3:41PM AKDT until October 11 at 5:00AM AKDT by NWS Anchorage AK</name>
   <styleUrl>#sev_minor</styleUrl>
   <Style>
    <BalloonStyle />
   </Style>
   <Snippet>Coastal Waters Forecast for Southwest Alaska+Bristol Bay+The
Alaska Peninsula Waters and the Aleutian Islands up to 100 nm out.

Wind forecasts reflect the predominant speed and direction
expected. Sea forecasts represent an average of the highest
one-third of the combined wind wave and swell height.

.TONIGHT...SW wind 20 kt. Seas 10 ft.
.SAT...SW wind 25 kt. Seas 8 ft.
.SAT NIGHT...SW wind 25 kt. Seas 8 ft.
.SUN AND SUN NIGHT...SW wind 20 kt. Seas 7 ft.
.MON...SW wind 20 kt. Seas 6 ft.
.TUE...E wind 25 kt. Seas 8 ft.
.WED...NE wind 30 kt. Seas 13 ft.</Snippet>
   <ExtendedData>
    <Data name="ext_event">
     <value>Small Craft Advisory</value>
    </Data>
    <Data name="ext_severity">
     <value>Minor</value>
    </Data>
    <Data name="ext_urgency">
     <value>Expected</value>
    </Data>
    <Data name="ext_certainty">
     <value>Likely</value>
    </Data>
    <Data name="ext_effective">
     <value>2026-10-09T15:41:00-08:00</value>
    </Data>
    <Data name="ext_expires">
     <value>2026-10-10T04:45:00-08:00</value>
    </Data>
    <Data name="ext_areaDesc">
     <value>Cape Tolstoi to Cape Sarichef out to 15 NM</value>
    </Data>
    <Data name="ext_description">
     <value />
    </Data>
    <Data name="ext_instruction">
     <value />
    </Data>
    <Data name="ext_id">
     <value>https://api.weather.gov/alerts/urn:oid:2.49.0.1.840.0.8933158d48f1e9e33d0ad85b78d765fcd603202d.006.1</value>
    </Data>
   </ExtendedData>
   <Point>
    <coordinates>-106.248482,34.840515,0</coordinates>
   </Point>
  </Placemark>
  <Placemark>
   <name>Small Craft Advisory issued October 9 at 3:41PM AKDT until October 11 at 5:00AM AKDT by NWS Anchorage AK</name>
   <styleUrl>#sev_minor</styleUrl>
   <Style>
    <BalloonStyle />
   </Style>
   <Snippet>Coastal Waters Forecast for Southwest Alaska+Bristol Bay+The
Alaska Peninsula Waters and the Aleutian Islands up to 100 nm out.

Wind forecasts reflect the predominant speed and direction
expected. Sea forecasts represent an average of the highest
one-third of the combined wind wave and swell height.

.TONIGHT...SW wind 30 kt. Seas 18 ft. Rain showers.
.SAT...W wind 30 kt. Seas 17 ft. Rain showers.
.SAT NIGHT...W wind 30 kt. Seas 16 ft.
.SUN AND SUN NIGHT...W wind 25 kt. Seas 12 ft.
.MON...W wind 25 kt. Seas 10 ft.
.TUE THROUGH WED...NW wind 30 kt. Seas 13 ft.</Snippet>
   <ExtendedData>
    <Data name="ext_event">
     <value>Small Craft Advisory</value>
    </Data>
    <Data name="ext_severity">
     <value>Minor</value>
    </Data>
    <Data name="ext_urgency">
     <value>Expected</value>
    </Data>
    <Data name="ext_certainty">
     <value>Likely</value>
    </Data>
    <Data name="ext_effective">
     <value>2026-10-09T15:41:00-08:00</value>
    </Data>
    <Data name="ext_expires">
     <value>2026-10-10T04:45:00-08:00</value>
    </Data>
    <Data name="ext_areaDesc">
     <value>Seguam to Adak Pacific Side from 15 to 75 NM</value>
    </Data>
    <Data name="ext_description">
     <value />
    </Data>
    <Data name="ext_instruction">
     <value />
    </Data>
    <Data name="ext_id">
     <value>https://api.weather.gov/alerts/urn:oid:2.49.0.1.840.0.8933158d48f1e9e33d0ad85b78d765fcd603202d.025.1</value>
    </Data>
   </ExtendedData>
   <Point>
    <coordinates>-106.248482,34.840515,0</coordinates>
   </Point>
  </Placemark>
  <Placemark>
   <name>Small Craft Advisory issued October 9 at 3:41PM AKDT until October 11 at 5:00AM AKDT by NWS Anchorage AK</name>
   <styleUrl>#sev_minor</styleUrl>
   <Style>
    <BalloonStyle />
   </Style>
   <Snippet>Coastal Waters Forecast for Southwest Alaska+Bristol Bay+The
Alaska Peninsula Waters and the Aleutian Islands up to 100 nm out.

Wind forecasts reflect the predominant speed and direction
expected. Sea forecasts represent an average of the highest
one-third of the combined wind wave and swell height.

.TONIGHT...SW wind 25 kt. Seas 16 ft.
.SAT...SW wind 25 kt. Seas 12 ft.
.SAT NIGHT...SW wind 25 kt. Seas 13 ft.
.SUN AND SUN NIGHT...SW wind 25 kt. Seas 11 ft.
.MON...W wind 25 kt. Seas 9 ft.
.TUE...SE wind 30 kt. Seas 17 ft.
.WED...N wind 35 kt. Seas 22 ft.</Snippet>
   <ExtendedData>
    <Data name="ext_event">
     <value>Small Craft Advisory</value>
    </Data>
    <Data name="ext_severity">
     <value>Minor</value>
    </Data>
    <Data name="ext_urgency">
     <value>Expected</value>
    </Data>
    <Data name="ext_certainty">
     <value>Likely</value>
    </Data>
    <Data name="ext_effective">
     <value>2026-10-09T15:41:00-08:00</value>
    </Data>
    <Data name="ext_expires">
     <value>2026-10-10T04:45:00-08:00</value>
    </Data>
    <Data name="ext_areaDesc">
     <value>Cape Tolstoi to Unalga Pass from 15 to 100 NM</value>
    </Data>
    <Data name="ext_description">
     <value />
    </Data>
    <Data name="ext_instruction">
     <value />
    </Data>
    <Data name="ext_id">
     <value>https://api.weather.gov/alerts/urn:oid:2.49.0.1.840.0.8933158d48f1e9e33d0ad85b78d765fcd603202d.007.1</value>
    </Data>
   </ExtendedData>
   <Point>
    <coordinates>-106.248482,34.840515,0</coordinates>
   </Point>
  </Placemark>
  <Placemark>
   <name>Small Craft Advisory issued October 9 at 3:41PM AKDT until October 11 at 5:00AM AKDT by NWS Anchorage AK</name>
   <styleUrl>#sev_minor</styleUrl>
   <Style>
    <BalloonStyle />
   </Style>
   <Snippet>Coastal Waters Forecast for Southwest Alaska+Bristol Bay+The
Alaska Peninsula Waters and the Aleutian Islands up to 100 nm out.

Wind forecasts reflect the predominant speed and direction
expected. Sea forecasts represent an average of the highest
one-third of the combined wind wave and swell height.

.TONIGHT...SW wind 25 kt. Seas 13 ft.
.SAT...SW wind 30 kt. Seas 13 ft.
.SAT NIGHT...SW wind 25 kt. Seas 13 ft.
.SUN AND SUN NIGHT...W wind 25 kt. Seas 11 ft.
.MON...SW wind 25 kt. Seas 9 ft.
.TUE...NE wind 35 kt. Seas 11 ft.
.WED...NW wind 35 kt. Seas 16 ft.</Snippet>
   <ExtendedData>
    <Data name="ext_event">
     <value>Small Craft Advisory</value>
    </Data>
    <Data name="ext_severity">
     <value>Minor</value>
    </Data>
    <Data name="ext_urgency">
     <value>Expected</value>
    </Data>
    <Data name="ext_certainty">
     <value>Likely</value>
    </Data>
    <Data name="ext_effective">
     <value>2026-10-09T15:41:00-08:00</value>
    </Data>
    <Data name="ext_expires">
     <value>2026-10-10T04:45:00-08:00</value>
    </Data>
    <Data name="ext_areaDesc">
     <value>Unalga Pass to Nikolski Pacific Side from 15 to 85 NM</value>
    </Data>
    <Data name="ext_description">
     <value />
    </Data>
    <Data name="ext_instruction">
     <value />
    </Data>
    <Data name="ext_id">
     <value>https://api.weather.gov/alerts/urn:oid:2.49.0.1.840.0.8933158d48f1e9e33d0ad85b78d765fcd603202d.017.1</value>
    </Data>
   </ExtendedData>
   <Point>
    <coordinates>-106.248482,34.840515,0</coordinates>
   </Point>
  </Placemark>
  <Placemark>
   <name>Small Craft Advisory issued October 9 at 3:41PM AKDT until October 11 at 5:00AM AKDT by NWS Anchorage AK</name>
   <styleUrl>#sev_minor</styleUrl>
   <Style>
    <BalloonStyle />
   </Style>
   <Snippet>Coastal Waters Forecast for Southwest Alaska+Bristol Bay+The
Alaska Peninsula Waters and the Aleutian Islands up to 100 nm out.

Wind forecasts reflect the predominant speed and direction
expected. Sea forecasts represent an average of the highest
one-third of the combined wind wave and swell height.

.TONIGHT...SW wind 30 kt. Seas 12 ft.
.SAT...SW wind 30 kt. Seas 10 ft.
.SAT NIGHT...W wind 25 kt. Seas 10 ft.
.SUN...W wind 30 kt. Seas 8 ft.
.SUN NIGHT...W wind 25 kt. Seas 8 ft.
.MON...W wind 25 kt. Seas 8 ft.
.TUE...NW wind 35 kt. Seas 13 ft.
.WED...NW wind 35 kt. Seas 21 ft.</Snippet>
   <ExtendedData>
    <Data name="ext_event">
     <value>Small Craft Advisory</value>
    </Data>
    <Data name="ext_severity">
     <value>Minor</value>
    </Data>
    <Data name="ext_urgency">
     <value>Expected</value>
    </Data>
    <Data name="ext_certainty">
     <value>Likely</value>
    </Data>
    <Data name="ext_effective">
     <value>2026-10-09T15:41:00-08:00</value>
    </Data>
    <Data name="ext_expires">
     <value>2026-10-10T04:45:00-08:00</value>
    </Data>
    <Data name="ext_areaDesc">
     <value>Seguam to Adak Bering Side out to 15 NM</value>
    </Data>
    <Data name="ext_description">
     <value />
    </Data>
    <Data name="ext_instruction">
     <value />
    </Data>
    <Data name="ext_id">
     <value>https://api.weather.gov/alerts/urn:oid:2.49.0.1.840.0.8933158d48f1e9e33d0ad85b78d765fcd603202d.022.1</value>
    </Data>
   </ExtendedData>
   <Point>
    <coordinates>-106.248482,34.840515,0</coordinates>
   </Point>
  </Placemark>
  <Placemark>
   <name>Hydrologic Outlook issued October 9 at 10:53AM MDT by NWS Grand Junction CO</name>
   <styleUrl>#sev_unknown</styleUrl>
   <Style>
    <BalloonStyle />
   </Style>
   <Snippet>ESFGJT

A strong low pressure system off the Pacific Coast will begin to draw
in tropical moisture associated with Topical Storm Rachel this
weekend. This strong southerly fetch will draw anomalously high
moisture content across the Desert Southwest and into eastern Utah
and western Colorado. The chance for widespread precipitation
increases Saturday evening into Sunday. Total precipitation forecasts
range from 1 to 3 inches across high terrain, with highest amounts
favoring the Uintas, Tavaputs and the Southwest San Juan mountains.

Embedded thunderstorms are also possible Sunday afternoon, increasing
the threat for flash flooding across vulnerable terrain. While
confidence in location and rainfall rates remain low at this time,
the potential for rapidly rising rivers, streams, normally dry
arroyos and slot canyons are possible Sunday through Monday.

Please follow the evolving forecast, especially if your plans
including recreating or commuting across eastern Utah and western
Colorado Sunday onward. Also, keep in mind weather potential above
your location and upstream, particularly for those who reside below
sensitive terrain like recent burn scars.</Snippet>
   <ExtendedData>
    <Data name="ext_event">
     <value>Hydrologic Outlook</value>
    </Data>
    <Data name="ext_severity">
     <value>Unknown</value>
    </Data>
    <Data name="ext_urgency">
     <value>Future</value>
    </Data>
    <Data name="ext_certainty">
     <value>Possible</value>
    </Data>
    <Data name="ext_effective">
     <value>2026-10-09T10:53:00-06:00</value>
    </Data>
    <Data name="ext_expires">
     <value>2026-10-12T18:00:00-06:00</value>
    </Data>
    <Data name="ext_areaDesc">
     <value>Archuleta, CO; Delta, CO; Dolores, CO; Garfield, CO; Hinsdale, CO; La Plata, CO; Mesa, CO; Moffat, CO; Montezuma, CO; Montrose, CO; Ouray, CO; Rio Blanco, CO; San Juan, CO; San Miguel, CO; Daggett, UT; Grand, UT; San Juan, UT; Uintah, UT</value>
    </Data>
    <Data name="ext_description">
     <value />
    </Data>
    <Data name="ext_instruction">
     <value />
    </Data>
    <Data name="ext_id">
     <value>https://api.weather.gov/alerts/urn:oid:2.49.0.1.840.0.5953c0ab1d0bcab0b29fc3e9364e3d17cf28daf6.001.1</value>
    </Data>
   </ExtendedData>
   <Point>
    <coordinates>-105.311104,39.059811,0</coordinates>
   </Point>
  </Placemark>
  <Placemark>
   <name>Small Craft Advisory issued October 9 at 11:22AM EDT until October 10 at 8:00PM EDT by NWS Tampa Bay Ruskin FL</name>
   <styleUrl>#sev_minor</styleUrl>
   <Style>
    <BalloonStyle />
   </Style>
   <Snippet>* WHAT...East winds around 20 to 25 knots with gusts up to 30
knots.

* WHERE...Coastal waters from Englewood to Tarpon Springs out to
60 NM including the Tampa Bay waters.

* WHEN...From 8 AM this morning to 8 PM EDT Saturday.

* IMPACTS...Conditions will be hazardous to small craft.</Snippet>
   <ExtendedData>
    <Data name="ext_event">
     <value>Small Craft Advisory</value>
    </Data>
    <Data name="ext_severity">
     <value>Minor</value>
    </Data>
    <Data name="ext_urgency">
     <value>Expected</value>
    </Data>
    <Data name="ext_certainty">
     <value>Likely</value>
    </Data>
    <Data name="ext_effective">
     <value>2026-10-09T11:22:00-04:00</value>
    </Data>
    <Data name="ext_expires">
     <value>2026-10-09T19:30:00-04:00</value>
    </Data>
    <Data name="ext_areaDesc">
     <value>Tampa Bay waters; Coastal waters from Tarpon Springs to Suwannee River FL out 20 NM; Coastal waters from Englewood to Tarpon Springs FL out 20 NM; Waters from Tarpon Springs to Suwannee River FL out 20 to 60 NM; Waters from Englewood to Tarpon Springs FL out 20 to 60 NM</value>
    </Data>
    <Data name="ext_description">
     <value />
    </Data>
    <Data name="ext_instruction">
     <value />
    </Data>
    <Data name="ext_id">
     <value>https://api.weather.gov/alerts/urn:oid:2.49.0.1.840.0.3b980cd0189b74a521d94bfac9fae765d11d6dc6.001.1</value>
    </Data>
   </ExtendedData>
   <Point>
    <coordinates>-81.686783,27.766279,0</coordinates>
   </Point>
  </Placemark>
  <Placemark>
   <name>Small Craft Advisory issued October 9 at 11:22AM EDT until October 10 at 4:00PM EDT by NWS Tampa Bay Ruskin FL</name>
   <styleUrl>#sev_minor</styleUrl>
   <Style>
    <BalloonStyle />
   </Style>
   <Snippet>* WHAT...East winds around 20 knots with gusts up to 30 knots.

* WHERE...Coastal waters from Bonita Beach to Englewood out to
60 NM including Charlotte Harbor.

* WHEN...From 8 AM this morning to 4 PM EDT Saturday.

* IMPACTS...Conditions will be hazardous to small craft.</Snippet>
   <ExtendedData>
    <Data name="ext_event">
     <value>Small Craft Advisory</value>
    </Data>
    <Data name="ext_severity">
     <value>Minor</value>
    </Data>
    <Data name="ext_urgency">
     <value>Expected</value>
    </Data>
    <Data name="ext_certainty">
     <value>Likely</value>
    </Data>
    <Data name="ext_effective">
     <value>2026-10-09T11:22:00-04:00</value>
    </Data>
    <Data name="ext_expires">
     <value>2026-10-09T19:30:00-04:00</value>
    </Data>
    <Data name="ext_areaDesc">
     <value>Charlotte Harbor and Pine Island Sound; Coastal waters from Bonita Beach to Englewood FL out 20 NM; Waters from Bonita Beach to Englewood FL out 20 to 60 NM</value>
    </Data>
    <Data name="ext_description">
     <value />
    </Data>
    <Data name="ext_instruction">
     <value />
    </Data>
    <Data name="ext_id">
     <value>https://api.weather.gov/alerts/urn:oid:2.49.0.1.840.0.3b980cd0189b74a521d94bfac9fae765d11d6dc6.002.1</value>
    </Data>
   </ExtendedData>
   <Point>
    <coordinates>-81.686783,27.766279,0</coordinates>
   </Point>
  </Placemark>
  <Placemark>
   <name>Small Craft Advisory issued October 9 at 4:01AM AKDT until October 10 at 5:00PM AKDT by NWS Anchorage AK</name>
   <styleUrl>#sev_minor</styleUrl>
   <Style>
    <BalloonStyle />
   </Style>
   <Snippet>Coastal Waters Forecast for Southwest Alaska+Bristol Bay+The
Alaska Peninsula Waters and the Aleutian Islands up to 100 nm out.

Wind forecasts reflect the predominant speed and direction
expected. Sea forecasts represent an average of the highest
one-third of the combined wind wave and swell height.

.TODAY...SW wind 25 kt. Seas 10 ft.
.TONIGHT...SW wind 25 kt. Seas 12 ft.
.SAT...SW wind 25 kt. Seas 11 ft.
.SAT NIGHT...SW wind 25 kt. Seas 11 ft.
.SUN THROUGH MON...SW wind 25 kt. Seas 8 ft.
.TUE...NE wind 45 kt. Seas 9 ft.</Snippet>
   <ExtendedData>
    <Data name="ext_event">
     <value>Small Craft Advisory</value>
    </Data>
    <Data name="ext_severity">
     <value>Minor</value>
    </Data>
    <Data name="ext_urgency">
     <value>Expected</value>
    </Data>
    <Data name="ext_certainty">
     <value>Likely</value>
    </Data>
    <Data name="ext_effective">
     <value>2026-10-09T04:01:00-08:00</value>
    </Data>
    <Data name="ext_expires">
     <value>2026-10-09T16:30:00-08:00</value>
    </Data>
    <Data name="ext_areaDesc">
     <value>Unalga Pass to Nikolski Bering Side out to 15 NM</value>
    </Data>
    <Data name="ext_description">
     <value />
    </Data>
    <Data name="ext_instruction">
     <value />
    </Data>
    <Data name="ext_id">
     <value>https://api.weather.gov/alerts/urn:oid:2.49.0.1.840.0.9074ae10f8c88d412c048260da3cf21053903624.013.1</value>
    </Data>
   </ExtendedData>
   <Point>
    <coordinates>-106.248482,34.840515,0</coordinates>
   </Point>
  </Placemark>
  <Placemark>
   <name>Small Craft Advisory issued October 9 at 4:01AM AKDT until October 10 at 5:00PM AKDT by NWS Anchorage AK</name>
   <styleUrl>#sev_minor</styleUrl>
   <Style>
    <BalloonStyle />
   </Style>
   <Snippet>Coastal Waters Forecast for Southwest Alaska+Bristol Bay+The
Alaska Peninsula Waters and the Aleutian Islands up to 100 nm out.

Wind forecasts reflect the predominant speed and direction
expected. Sea forecasts represent an average of the highest
one-third of the combined wind wave and swell height.

.TODAY...SW wind 30 kt. Seas 14 ft.
.TONIGHT...SW wind 30 kt. Seas 16 ft.
.SAT...SW wind 30 kt. Seas 15 ft.
.SAT NIGHT...SW wind 25 kt. Seas 13 ft.
.SUN THROUGH MON...W wind 25 kt. Seas 10 ft.
.TUE...N wind 30 kt. Seas 12 ft.</Snippet>
   <ExtendedData>
    <Data name="ext_event">
     <value>Small Craft Advisory</value>
    </Data>
    <Data name="ext_severity">
     <value>Minor</value>
    </Data>
    <Data name="ext_urgency">
     <value>Expected</value>
    </Data>
    <Data name="ext_certainty">
     <value>Likely</value>
    </Data>
    <Data name="ext_effective">
     <value>2026-10-09T04:01:00-08:00</value>
    </Data>
    <Data name="ext_expires">
     <value>2026-10-09T16:30:00-08:00</value>
    </Data>
    <Data name="ext_areaDesc">
     <value>Nikolski to Seguam Bering Side from 15 to 85 NM</value>
    </Data>
    <Data name="ext_description">
     <value />
    </Data>
    <Data name="ext_instruction">
     <value />
    </Data>
    <Data name="ext_id">
     <value>https://api.weather.gov/alerts/urn:oid:2.49.0.1.840.0.9074ae10f8c88d412c048260da3cf21053903624.019.1</value>
    </Data>
   </ExtendedData>
   <Point>
    <coordinates>-106.248482,34.840515,0</coordinates>
   </Point>
  </Placemark>
  <Placemark>
   <name>Small Craft Advisory issued October 9 at 4:01AM AKDT until October 10 at 5:00PM AKDT by NWS Anchorage AK</name>
   <styleUrl>#sev_minor</styleUrl>
   <Style>
    <BalloonStyle />
   </Style>
   <Snippet>Coastal Waters Forecast for Southwest Alaska+Bristol Bay+The
Alaska Peninsula Waters and the Aleutian Islands up to 100 nm out.

Wind forecasts reflect the predominant speed and direction
expected. Sea forecasts represent an average of the highest
one-third of the combined wind wave and swell height.

.TODAY...SW wind 25 kt. Seas 13 ft.
.TONIGHT...SW wind 25 kt. Seas 11 ft.
.SAT...SW wind 25 kt. Seas 11 ft.
.SAT NIGHT...SW wind 25 kt. Seas 10 ft.
.SUN THROUGH MON...SW wind 25 kt. Seas 8 ft.
.TUE...NE wind 40 kt. Seas 8 ft.</Snippet>
   <ExtendedData>
    <Data name="ext_event">
     <value>Small Craft Advisory</value>
    </Data>
    <Data name="ext_severity">
     <value>Minor</value>
    </Data>
    <Data name="ext_urgency">
     <value>Expected</value>
    </Data>
    <Data name="ext_certainty">
     <value>Likely</value>
    </Data>
    <Data name="ext_effective">
     <value>2026-10-09T04:01:00-08:00</value>
    </Data>
    <Data name="ext_expires">
     <value>2026-10-09T16:30:00-08:00</value>
    </Data>
    <Data name="ext_areaDesc">
     <value>Unalga Pass to Nikolski Pacific Side out to 15 NM</value>
    </Data>
    <Data name="ext_description">
     <value />
    </Data>
    <Data name="ext_instruction">
     <value />
    </Data>
    <Data name="ext_id">
     <value>https://api.weather.gov/alerts/urn:oid:2.49.0.1.840.0.9074ae10f8c88d412c048260da3cf21053903624.016.1</value>
    </Data>
   </ExtendedData>
   <Point>
    <coordinates>-106.248482,34.840515,0</coordinates>
   </Point>
  </Placemark>
  <Placemark>
   <name>Small Craft Advisory issued October 9 at 4:01AM AKDT until October 10 at 5:00PM AKDT by NWS Anchorage AK</name>
   <styleUrl>#sev_minor</styleUrl>
   <Style>
    <BalloonStyle />
   </Style>
   <Snippet>Coastal Waters Forecast for Southwest Alaska+Bristol Bay+The
Alaska Peninsula Waters and the Aleutian Islands up to 100 nm out.

Wind forecasts reflect the predominant speed and direction
expected. Sea forecasts represent an average of the highest
one-third of the combined wind wave and swell height.

.TODAY...SW wind 30 kt. Seas 18 ft.
.TONIGHT...SW wind 25 kt. Seas 15 ft.
.SAT...SW wind 25 kt. Seas 15 ft.
.SAT NIGHT...SW wind 25 kt. Seas 14 ft.
.SUN THROUGH MON...SW wind 25 kt. Seas 12 ft.
.TUE...N wind 35 kt. Seas 11 ft.</Snippet>
   <ExtendedData>
    <Data name="ext_event">
     <value>Small Craft Advisory</value>
    </Data>
    <Data name="ext_severity">
     <value>Minor</value>
    </Data>
    <Data name="ext_urgency">
     <value>Expected</value>
    </Data>
    <Data name="ext_certainty">
     <value>Likely</value>
    </Data>
    <Data name="ext_effective">
     <value>2026-10-09T04:01:00-08:00</value>
    </Data>
    <Data name="ext_expires">
     <value>2026-10-09T16:30:00-08:00</value>
    </Data>
    <Data name="ext_areaDesc">
     <value>Nikolski to Seguam Pacific Side from 15 to 75 NM</value>
    </Data>
    <Data name="ext_description">
     <value />
    </Data>
    <Data name="ext_instruction">
     <value />
    </Data>
    <Data name="ext_id">
     <value>https://api.weather.gov/alerts/urn:oid:2.49.0.1.840.0.9074ae10f8c88d412c048260da3cf21053903624.021.1</value>
    </Data>
   </ExtendedData>
   <Point>
    <coordinates>-106.248482,34.840515,0</coordinates>
   </Point>
  </Placemark>
  <Placemark>
   <name>Small Craft Advisory issued October 9 at 4:01AM AKDT until October 10 at 5:00PM AKDT by NWS Anchorage AK</name>
   <styleUrl>#sev_minor</styleUrl>
   <Style>
    <BalloonStyle />
   </Style>
   <Snippet>Coastal Waters Forecast for Southwest Alaska+Bristol Bay+The
Alaska Peninsula Waters and the Aleutian Islands up to 100 nm out.

Wind forecasts reflect the predominant speed and direction
expected. Sea forecasts represent an average of the highest
one-third of the combined wind wave and swell height.

.TODAY...SW wind 25 kt. Seas 18 ft.
.TONIGHT...SW wind 25 kt. Seas 13 ft.
.SAT...SW wind 25 kt. Seas 13 ft.
.SAT NIGHT...SW wind 25 kt. Seas 13 ft.
.SUN THROUGH MON...W wind 25 kt. Seas 11 ft.
.TUE...NE wind 35 kt. Seas 11 ft.</Snippet>
   <ExtendedData>
    <Data name="ext_event">
     <value>Small Craft Advisory</value>
    </Data>
    <Data name="ext_severity">
     <value>Minor</value>
    </Data>
    <Data name="ext_urgency">
     <value>Expected</value>
    </Data>
    <Data name="ext_certainty">
     <value>Likely</value>
    </Data>
    <Data name="ext_effective">
     <value>2026-10-09T04:01:00-08:00</value>
    </Data>
    <Data name="ext_expires">
     <value>2026-10-09T16:30:00-08:00</value>
    </Data>
    <Data name="ext_areaDesc">
     <value>Unalga Pass to Nikolski Pacific Side from 15 to 85 NM</value>
    </Data>
    <Data name="ext_description">
     <value />
    </Data>
    <Data name="ext_instruction">
     <value />
    </Data>
    <Data name="ext_id">
     <value>https://api.weather.gov/alerts/urn:oid:2.49.0.1.840.0.9074ae10f8c88d412c048260da3cf21053903624.017.1</value>
    </Data>
   </ExtendedData>
   <Point>
    <coordinates>-106.248482,34.840515,0</coordinates>
   </Point>
  </Placemark>
  <Placemark>
   <name>Small Craft Advisory issued October 9 at 4:01AM AKDT until October 10 at 5:00PM AKDT by NWS Anchorage AK</name>
   <styleUrl>#sev_minor</styleUrl>
   <Style>
    <BalloonStyle />
   </Style>
   <Snippet>Coastal Waters Forecast for Southwest Alaska+Bristol Bay+The
Alaska Peninsula Waters and the Aleutian Islands up to 100 nm out.

Wind forecasts reflect the predominant speed and direction
expected. Sea forecasts represent an average of the highest
one-third of the combined wind wave and swell height.

.TODAY...SW wind 30 kt. Seas 13 ft.
.TONIGHT...SW wind 30 kt. Seas 15 ft.
.SAT...SW wind 30 kt. Seas 15 ft.
.SAT NIGHT...SW wind 25 kt. Seas 13 ft.
.SUN...SW wind 25 kt. Seas 11 ft.
.MON...W wind 20 kt. Seas 9 ft.
.TUE...N wind 30 kt. Seas 9 ft.</Snippet>
   <ExtendedData>
    <Data name="ext_event">
     <value>Small Craft Advisory</value>
    </Data>
    <Data name="ext_severity">
     <value>Minor</value>
    </Data>
    <Data name="ext_urgency">
     <value>Expected</value>
    </Data>
    <Data name="ext_certainty">
     <value>Likely</value>
    </Data>
    <Data name="ext_effective">
     <value>2026-10-09T04:01:00-08:00</value>
    </Data>
    <Data name="ext_expires">
     <value>2026-10-09T16:30:00-08:00</value>
    </Data>
    <Data name="ext_areaDesc">
     <value>Unalga Pass to Nikolski Bering Side from 15 to 85 NM</value>
    </Data>
    <Data name="ext_description">
     <value />
    </Data>
    <Data name="ext_instruction">
     <value />
    </Data>
    <Data name="ext_id">
     <value>https://api.weather.gov/alerts/urn:oid:2.49.0.1.840.0.9074ae10f8c88d412c048260da3cf21053903624.014.1</value>
    </Data>
   </ExtendedData>
   <Point>
    <coordinates>-106.248482,34.840515,0</coordinates>
   </Point>
  </Placemark>
  <Placemark>
   <name>Small Craft Advisory issued October 9 at 4:01AM AKDT until October 10 at 5:00PM AKDT by NWS Anchorage AK</name>
   <styleUrl>#sev_minor</styleUrl>
   <Style>
    <BalloonStyle />
   </Style>
   <Snippet>Coastal Waters Forecast for Southwest Alaska+Bristol Bay+The
Alaska Peninsula Waters and the Aleutian Islands up to 100 nm out.

Wind forecasts reflect the predominant speed and direction
expected. Sea forecasts represent an average of the highest
one-third of the combined wind wave and swell height.

.TODAY...SW wind 30 kt. Seas 14 ft.
.TONIGHT...SW wind 25 kt. Seas 14 ft.
.SAT...SW wind 25 kt. Seas 13 ft.
.SAT NIGHT...SW wind 25 kt. Seas 12 ft.
.SUN THROUGH MON...W wind 25 kt. Seas 10 ft.
.TUE...N wind 35 kt. Seas 10 ft.</Snippet>
   <ExtendedData>
    <Data name="ext_event">
     <value>Small Craft Advisory</value>
    </Data>
    <Data name="ext_severity">
     <value>Minor</value>
    </Data>
    <Data name="ext_urgency">
     <value>Expected</value>
    </Data>
    <Data name="ext_certainty">
     <value>Likely</value>
    </Data>
    <Data name="ext_effective">
     <value>2026-10-09T04:01:00-08:00</value>
    </Data>
    <Data name="ext_expires">
     <value>2026-10-09T16:30:00-08:00</value>
    </Data>
    <Data name="ext_areaDesc">
     <value>Nikolski to Seguam Pacfic Side out to 15 NM</value>
    </Data>
    <Data name="ext_description">
     <value />
    </Data>
    <Data name="ext_instruction">
     <value />
    </Data>
    <Data name="ext_id">
     <value>https://api.weather.gov/alerts/urn:oid:2.49.0.1.840.0.9074ae10f8c88d412c048260da3cf21053903624.020.1</value>
    </Data>
   </ExtendedData>
   <Point>
    <coordinates>-106.248482,34.840515,0</coordinates>
   </Point>
  </Placemark>
  <Placemark>
   <name>Small Craft Advisory issued October 9 at 4:01AM AKDT until October 10 at 5:00PM AKDT by NWS Anchorage AK</name>
   <styleUrl>#sev_minor</styleUrl>
   <Style>
    <BalloonStyle />
   </Style>
   <Snippet>Coastal Waters Forecast for Southwest Alaska+Bristol Bay+The
Alaska Peninsula Waters and the Aleutian Islands up to 100 nm out.

Wind forecasts reflect the predominant speed and direction
expected. Sea forecasts represent an average of the highest
one-third of the combined wind wave and swell height.

.TODAY...SW wind 30 kt. Seas 12 ft.
.TONIGHT...SW wind 30 kt. Seas 14 ft.
.SAT...SW wind 25 kt. Seas 12 ft.
.SAT NIGHT...SW wind 25 kt. Seas 11 ft.
.SUN THROUGH MON...W wind 25 kt. Seas 10 ft.
.TUE...N wind 40 kt. Seas 12 ft.</Snippet>
   <ExtendedData>
    <Data name="ext_event">
     <value>Small Craft Advisory</value>
    </Data>
    <Data name="ext_severity">
     <value>Minor</value>
    </Data>
    <Data name="ext_urgency">
     <value>Expected</value>
    </Data>
    <Data name="ext_certainty">
     <value>Likely</value>
    </Data>
    <Data name="ext_effective">
     <value>2026-10-09T04:01:00-08:00</value>
    </Data>
    <Data name="ext_expires">
     <value>2026-10-09T16:30:00-08:00</value>
    </Data>
    <Data name="ext_areaDesc">
     <value>Nikolski to Seguam Bering Side out to 15 NM</value>
    </Data>
    <Data name="ext_description">
     <value />
    </Data>
    <Data name="ext_instruction">
     <value />
    </Data>
    <Data name="ext_id">
     <value>https://api.weather.gov/alerts/urn:oid:2.49.0.1.840.0.9074ae10f8c88d412c048260da3cf21053903624.018.1</value>
    </Data>
   </ExtendedData>
   <Point>
    <coordinates>-106.248482,34.840515,0</coordinates>
   </Point>
  </Placemark>
  <Placemark>
   <name>Small Craft Advisory issued October 9 at 4:01AM AKDT until October 10 at 5:00PM AKDT by NWS Anchorage AK</name>
   <styleUrl>#sev_minor</styleUrl>
   <Style>
    <BalloonStyle />
   </Style>
   <Snippet>Coastal Waters Forecast for Southwest Alaska+Bristol Bay+The
Alaska Peninsula Waters and the Aleutian Islands up to 100 nm out.

Wind forecasts reflect the predominant speed and direction
expected. Sea forecasts represent an average of the highest
one-third of the combined wind wave and swell height.

.TODAY...SW wind 30 kt. Seas 18 ft.
.TONIGHT...SW wind 30 kt. Seas 18 ft. Rain showers.
.SAT...SW wind 30 kt. Seas 17 ft. Rain showers.
.SAT NIGHT...W wind 25 kt. Seas 15 ft.
.SUN THROUGH MON...W wind 25 kt. Seas 12 ft.
.TUE...NW wind 30 kt. Seas 11 ft.</Snippet>
   <ExtendedData>
    <Data name="ext_event">
     <value>Small Craft Advisory</value>
    </Data>
    <Data name="ext_severity">
     <value>Minor</value>
    </Data>
    <Data name="ext_urgency">
     <value>Expected</value>
    </Data>
    <Data name="ext_certainty">
     <value>Likely</value>
    </Data>
    <Data name="ext_effective">
     <value>2026-10-09T04:01:00-08:00</value>
    </Data>
    <Data name="ext_expires">
     <value>2026-10-09T16:30:00-08:00</value>
    </Data>
    <Data name="ext_areaDesc">
     <value>Seguam to Adak Pacific Side from 15 to 75 NM</value>
    </Data>
    <Data name="ext_description">
     <value />
    </Data>
    <Data name="ext_instruction">
     <value />
    </Data>
    <Data name="ext_id">
     <value>https://api.weather.gov/alerts/urn:oid:2.49.0.1.840.0.9074ae10f8c88d412c048260da3cf21053903624.025.1</value>
    </Data>
   </ExtendedData>
   <Point>
    <coordinates>-106.248482,34.840515,0</coordinates>
   </Point>
  </Placemark>
  <Placemark>
   <name>Small Craft Advisory issued October 9 at 4:01AM AKDT until October 10 at 5:00PM AKDT by NWS Anchorage AK</name>
   <styleUrl>#sev_minor</styleUrl>
   <Style>
    <BalloonStyle />
   </Style>
   <Snippet>Coastal Waters Forecast for Southwest Alaska+Bristol Bay+The
Alaska Peninsula Waters and the Aleutian Islands up to 100 nm out.

Wind forecasts reflect the predominant speed and direction
expected. Sea forecasts represent an average of the highest
one-third of the combined wind wave and swell height.

.TODAY...SW wind 30 kt. Seas 16 ft.
.TONIGHT...SW wind 30 kt. Seas 16 ft.
.SAT...SW wind 25 kt. Seas 14 ft.
.SAT NIGHT...W wind 25 kt. Seas 13 ft.
.SUN...W wind 25 kt. Seas 11 ft.
.MON...W wind 20 kt. Seas 8 ft.
.TUE...NW wind 30 kt. Seas 8 ft.</Snippet>
   <ExtendedData>
    <Data name="ext_event">
     <value>Small Craft Advisory</value>
    </Data>
    <Data name="ext_severity">
     <value>Minor</value>
    </Data>
    <Data name="ext_urgency">
     <value>Expected</value>
    </Data>
    <Data name="ext_certainty">
     <value>Likely</value>
    </Data>
    <Data name="ext_effective">
     <value>2026-10-09T04:01:00-08:00</value>
    </Data>
    <Data name="ext_expires">
     <value>2026-10-09T16:30:00-08:00</value>
    </Data>
    <Data name="ext_areaDesc">
     <value>Seguam to Adak Pacific Side out to 15 NM</value>
    </Data>
    <Data name="ext_description">
     <value />
    </Data>
    <Data name="ext_instruction">
     <value />
    </Data>
    <Data name="ext_id">
     <value>https://api.weather.gov/alerts/urn:oid:2.49.0.1.840.0.9074ae10f8c88d412c048260da3cf21053903624.024.1</value>
    </Data>
   </ExtendedData>
   <Point>
    <coordinates>-106.248482,34.840515,0</coordinates>
   </Point>
  </Placemark>
  <Placemark>
   <name>Small Craft Advisory issued October 9 at 3:56AM AKDT until October 10 at 5:00PM AKDT by NWS Anchorage AK</name>
   <styleUrl>#sev_minor</styleUrl>
   <Style>
    <BalloonStyle />
   </Style>
   <Snippet>Coastal Waters Forecast for the Northern Gulf of Alaska Coast
up to 100 nm out including Kodiak Island and Cook Inlet.

Wind forecasts reflect the predominant speed and direction
expected. Sea forecasts represent an average of the highest
one-third of the combined wind wave and swell height.

.TODAY...S wind 25 kt. Seas 7 ft.
.TONIGHT...S wind 25 kt. Seas 8 ft.
.SAT...S wind 25 kt. Seas 10 ft. Rain.
.SAT NIGHT...SW wind 25 kt. Seas 8 ft.
.SUN...SW wind 20 kt. Seas 7 ft.
.MON...W wind 15 kt. Seas 5 ft.
.TUE...SW wind 30 kt. Seas 8 ft.</Snippet>
   <ExtendedData>
    <Data name="ext_event">
     <value>Small Craft Advisory</value>
    </Data>
    <Data name="ext_severity">
     <value>Minor</value>
    </Data>
    <Data name="ext_urgency">
     <value>Expected</value>
    </Data>
    <Data name="ext_certainty">
     <value>Likely</value>
    </Data>
    <Data name="ext_effective">
     <value>2026-10-09T03:56:00-08:00</value>
    </Data>
    <Data name="ext_expires">
     <value>2026-10-09T16:15:00-08:00</value>
    </Data>
    <Data name="ext_areaDesc">
     <value>Marmot Island to Sitkinak out to 15 NM</value>
    </Data>
    <Data name="ext_description">
     <value />
    </Data>
    <Data name="ext_instruction">
     <value />
    </Data>
    <Data name="ext_id">
     <value>https://api.weather.gov/alerts/urn:oid:2.49.0.1.840.0.e06902f7c4f55556b7cd7d6db14c7cd7d89bdb61.018.1</value>
    </Data>
   </ExtendedData>
   <Point>
    <coordinates>-106.248482,34.840515,0</coordinates>
   </Point>
  </Placemark>
  <Placemark>
   <name>Small Craft Advisory issued October 9 at 3:56AM AKDT until October 10 at 5:00PM AKDT by NWS Anchorage AK</name>
   <styleUrl>#sev_minor</styleUrl>
   <Style>
    <BalloonStyle />
   </Style>
   <Snippet>Coastal Waters Forecast for the Northern Gulf of Alaska Coast
up to 100 nm out including Kodiak Island and Cook Inlet.

Wind forecasts reflect the predominant speed and direction
expected. Sea forecasts represent an average of the highest
one-third of the combined wind wave and swell height.

.TODAY...S wind 25 kt. Seas 6 ft.
.TONIGHT...S wind 25 kt. Seas 8 ft.
.SAT...SE wind 30 kt. Seas 10 ft. Rain.
.SAT NIGHT...SW wind 30 kt. Seas 11 ft.
.SUN...SW wind 20 kt. Seas 8 ft.
.MON...Variable wind 10 kt. Seas 6 ft.
.TUE...SW wind 20 kt. Seas 6 ft.</Snippet>
   <ExtendedData>
    <Data name="ext_event">
     <value>Small Craft Advisory</value>
    </Data>
    <Data name="ext_severity">
     <value>Minor</value>
    </Data>
    <Data name="ext_urgency">
     <value>Expected</value>
    </Data>
    <Data name="ext_certainty">
     <value>Likely</value>
    </Data>
    <Data name="ext_effective">
     <value>2026-10-09T03:56:00-08:00</value>
    </Data>
    <Data name="ext_expires">
     <value>2026-10-09T16:15:00-08:00</value>
    </Data>
    <Data name="ext_areaDesc">
     <value>Gore Point to Marmot Island from 15 to 80 NM</value>
    </Data>
    <Data name="ext_description">
     <value />
    </Data>
    <Data name="ext_instruction">
     <value />
    </Data>
    <Data name="ext_id">
     <value>https://api.weather.gov/alerts/urn:oid:2.49.0.1.840.0.e06902f7c4f55556b7cd7d6db14c7cd7d89bdb61.017.1</value>
    </Data>
   </ExtendedData>
   <Point>
    <coordinates>-106.248482,34.840515,0</coordinates>
   </Point>
  </Placemark>
  <Placemark>
   <name>Small Craft Advisory issued October 9 at 3:56AM AKDT until October 10 at 5:00PM AKDT by NWS Anchorage AK</name>
   <styleUrl>#sev_minor</styleUrl>
   <Style>
    <BalloonStyle />
   </Style>
   <Snippet>Coastal Waters Forecast for the Northern Gulf of Alaska Coast
up to 100 nm out including Kodiak Island and Cook Inlet.

Wind forecasts reflect the predominant speed and direction
expected. Sea forecasts represent an average of the highest
one-third of the combined wind wave and swell height.

.TODAY...S wind 25 kt. Seas 8 ft.
.TONIGHT...S wind 25 kt. Seas 11 ft.
.SAT...S wind 30 kt. Seas 12 ft. Rain.
.SAT NIGHT...SW wind 25 kt. Seas 9 ft.
.SUN...SW wind 20 kt. Seas 9 ft.
.MON...W wind 15 kt. Seas 7 ft.
.TUE...SW wind 30 kt. Seas 10 ft.</Snippet>
   <ExtendedData>
    <Data name="ext_event">
     <value>Small Craft Advisory</value>
    </Data>
    <Data name="ext_severity">
     <value>Minor</value>
    </Data>
    <Data name="ext_urgency">
     <value>Expected</value>
    </Data>
    <Data name="ext_certainty">
     <value>Likely</value>
    </Data>
    <Data name="ext_effective">
     <value>2026-10-09T03:56:00-08:00</value>
    </Data>
    <Data name="ext_expires">
     <value>2026-10-09T16:15:00-08:00</value>
    </Data>
    <Data name="ext_areaDesc">
     <value>Marmot Island To Sitkinak from 15 to 85 NM</value>
    </Data>
    <Data name="ext_description">
     <value />
    </Data>
    <Data name="ext_instruction">
     <value />
    </Data>
    <Data name="ext_id">
     <value>https://api.weather.gov/alerts/urn:oid:2.49.0.1.840.0.e06902f7c4f55556b7cd7d6db14c7cd7d89bdb61.019.1</value>
    </Data>
   </ExtendedData>
   <Point>
    <coordinates>-106.248482,34.840515,0</coordinates>
   </Point>
  </Placemark>
  <Placemark>
   <name>Small Craft Advisory issued October 9 at 3:56AM AKDT until October 10 at 5:00PM AKDT by NWS Anchorage AK</name>
   <styleUrl>#sev_minor</styleUrl>
   <Style>
    <BalloonStyle />
   </Style>
   <Snippet>Coastal Waters Forecast for the Northern Gulf of Alaska Coast
up to 100 nm out including Kodiak Island and Cook Inlet.

Wind forecasts reflect the predominant speed and direction
expected. Sea forecasts represent an average of the highest
one-third of the combined wind wave and swell height.

.TODAY...W wind 15 kt. Seas 5 ft.
.TONIGHT...S wind 20 kt. Seas 5 ft.
.SAT...SE wind 25 kt. Seas 8 ft.
.SAT NIGHT...SE wind 30 kt. Seas 11 ft.
.SUN...SW wind 20 kt. Seas 9 ft.
.MON...Variable wind 10 kt. Seas 7 ft.
.TUE...SW wind 15 kt. Seas 5 ft.</Snippet>
   <ExtendedData>
    <Data name="ext_event">
     <value>Small Craft Advisory</value>
    </Data>
    <Data name="ext_severity">
     <value>Minor</value>
    </Data>
    <Data name="ext_urgency">
     <value>Expected</value>
    </Data>
    <Data name="ext_certainty">
     <value>Likely</value>
    </Data>
    <Data name="ext_effective">
     <value>2026-10-09T03:56:00-08:00</value>
    </Data>
    <Data name="ext_expires">
     <value>2026-10-09T16:15:00-08:00</value>
    </Data>
    <Data name="ext_areaDesc">
     <value>Cape Suckling to Cape Cleare from 15 to 75 NM</value>
    </Data>
    <Data name="ext_description">
     <value />
    </Data>
    <Data name="ext_instruction">
     <value />
    </Data>
    <Data name="ext_id">
     <value>https://api.weather.gov/alerts/urn:oid:2.49.0.1.840.0.e06902f7c4f55556b7cd7d6db14c7cd7d89bdb61.004.1</value>
    </Data>
   </ExtendedData>
   <Point>
    <coordinates>-106.248482,34.840515,0</coordinates>
   </Point>
  </Placemark>
  <Placemark>
   <name>Small Craft Advisory issued October 9 at 3:56AM AKDT until October 10 at 5:00PM AKDT by NWS Anchorage AK</name>
   <styleUrl>#sev_minor</styleUrl>
   <Style>
    <BalloonStyle />
   </Style>
   <Snippet>Coastal Waters Forecast for the Northern Gulf of Alaska Coast
up to 100 nm out including Kodiak Island and Cook Inlet.

Wind forecasts reflect the predominant speed and direction
expected. Sea forecasts represent an average of the highest
one-third of the combined wind wave and swell height.

.TODAY...SW wind 15 kt. Seas 5 ft.
.TONIGHT...S wind 20 kt. Seas 6 ft.
.SAT...S wind 25 kt. Seas 9 ft. Rain.
.SAT NIGHT...S wind 30 kt. Seas 11 ft.
.SUN THROUGH MON...S wind 15 kt. Seas 7 ft.
.TUE...W wind 15 kt. Seas 5 ft.</Snippet>
   <ExtendedData>
    <Data name="ext_event">
     <value>Small Craft Advisory</value>
    </Data>
    <Data name="ext_severity">
     <value>Minor</value>
    </Data>
    <Data name="ext_urgency">
     <value>Expected</value>
    </Data>
    <Data name="ext_certainty">
     <value>Likely</value>
    </Data>
    <Data name="ext_effective">
     <value>2026-10-09T03:56:00-08:00</value>
    </Data>
    <Data name="ext_expires">
     <value>2026-10-09T16:15:00-08:00</value>
    </Data>
    <Data name="ext_areaDesc">
     <value>Cape Cleare to Gore Point from 15 to 75 NM</value>
    </Data>
    <Data name="ext_description">
     <value />
    </Data>
    <Data name="ext_instruction">
     <value />
    </Data>
    <Data name="ext_id">
     <value>https://api.weather.gov/alerts/urn:oid:2.49.0.1.840.0.e06902f7c4f55556b7cd7d6db14c7cd7d89bdb61.006.1</value>
    </Data>
   </ExtendedData>
   <Point>
    <coordinates>-106.248482,34.840515,0</coordinates>
   </Point>
  </Placemark>
 </Document>
</kml>